scope_type,scope,zero_count,block_count,block_pct,e2m1_block_count
overall,all_nvfp4,0,319706953,27.82455986106717,319706953
overall,all_nvfp4,1,411085902,35.77740233957249,411085902
overall,all_nvfp4,2,262556728,22.8506928817464,262556728
overall,all_nvfp4,3,110689449,9.633463303780703,110689449
overall,all_nvfp4,4,34483357,3.001136578524927,34483357
overall,all_nvfp4,5,8435736,0.73417434028768,8435736
overall,all_nvfp4,6,1687484,0.1468641802500713,1687484
overall,all_nvfp4,7,291939,0.025407874633493154,291939
overall,all_nvfp4,8,50410,0.0043872554207364895,50410
overall,all_nvfp4,9,11927,0.0010380241103575502,11927
overall,all_nvfp4,10,4611,0.00040130201834985026,4611
overall,all_nvfp4,11,2329,0.000202696248262156,2329
overall,all_nvfp4,12,1355,0.000117927615455226,1355
overall,all_nvfp4,13,826,7.188797812990162e-05,826
overall,all_nvfp4,14,529,4.6039637325324396e-05,529
overall,all_nvfp4,15,385,3.350710845037787e-05,385
overall,all_nvfp4,16,0,0.0,0
projection,gate,0,99676846,27.958602344288547,99676846
projection,gate,1,127725214,35.82595769096823,127725214
projection,gate,2,81251551,22.790446281433105,81251551
projection,gate,3,34097320,9.564040688907399,34097320
projection,gate,4,10571134,2.9651232326731964,10571134
projection,gate,5,2572064,0.7214445226332721,2572064
projection,gate,6,512330,0.14370469486012177,512330
projection,gate,7,87995,0.024681932785931754,87995
projection,gate,8,15155,0.004250863019157858,15155
projection,gate,9,3624,0.0010165046243106619,3624
projection,gate,10,1411,0.00039577484130859375,1411
projection,gate,11,609,0.0001708198996151195,609
projection,gate,12,302,8.470871869255515e-05,302
projection,gate,13,155,4.3476329130284924e-05,155
projection,gate,14,82,2.3000380572150735e-05,82
projection,gate,15,48,1.3463637408088235e-05,48
projection,gate,16,0,0.0,0
projection,up,0,98864091,27.73063070633832,98864091
projection,up,1,127527242,35.77042804044836,127527242
projection,up,2,81668405,22.907370679518756,81668405
projection,up,3,34481531,9.67180897207821,34481531
projection,up,4,10744582,3.0137740864473233,10744582
projection,up,5,2616206,0.7338260201846852,2616206
projection,up,6,514164,0.14421911800608916,514164
projection,up,7,84337,0.02365589141845703,84337
projection,up,8,12312,0.003453422995174632,12312
projection,up,9,1962,0.0005503261790556066,1962
projection,up,10,503,0.00014108770033892463,503
projection,up,11,216,6.058636833639706e-05,216
projection,up,12,118,3.309810862821691e-05,118
projection,up,13,71,1.9914963666130515e-05,71
projection,up,14,51,1.430511474609375e-05,51
projection,up,15,49,1.3744129854090074e-05,49
projection,up,16,0,0.0,0
projection,down,0,99072452,27.789074392879712,99072452
projection,down,1,127474955,35.75576193192426,127474955
projection,down,2,81511855,22.863459587097168,81511855
projection,down,3,34429998,9.657354354858398,34429998
projection,down,4,10740872,3.0127334594726562,10740872
projection,down,5,2636627,0.7395539564244887,2636627
projection,down,6,530249,0.14873083900002873,530249
projection,down,7,93161,0.026130956761977252,93161
projection,down,8,16781,0.004706943736356848,16781
projection,down,9,4442,0.0012459474451401655,4442
projection,down,10,1838,0.0005155451157513787,1838
projection,down,11,1032,0.00028946820427389703,1032
projection,down,12,669,0.00018764944637522977,669
projection,down,13,436,0.00012229470645680148,436
projection,down,14,296,8.302576401654412e-05,296
projection,down,15,177,4.964716294232537e-05,177
projection,down,16,0,0.0,0
projection,lm_head,0,22093564,27.803796512564432,22093564
projection,lm_head,1,28358491,35.687936684519975,28358491
projection,lm_head,2,18124917,22.80942558996456,18124917
projection,lm_head,3,7680600,9.665703527706185,7680600
projection,lm_head,4,2426769,3.0539840226320876,2426769
projection,lm_head,5,610839,0.7687145115173969,610839
projection,lm_head,6,130741,0.16453190439755155,130741
projection,lm_head,7,26446,0.03328114932345361,26446
projection,lm_head,8,6162,0.0077546109858247425,6162
projection,lm_head,9,1899,0.002389809519974227,1899
projection,lm_head,10,859,0.0010810144168814434,859
projection,lm_head,11,472,0.0005939916237113402,472
projection,lm_head,12,266,0.0003347495167525773,266
projection,lm_head,13,164,0.00020638692010309278,164
projection,lm_head,14,100,0.0001258456829896907,100
projection,lm_head,15,111,0.0001396887081185567,111
projection,lm_head,16,0,0.0,0
layer,layer_00,0,4697323,28.10802384918811,4697323
layer,layer_00,1,6004167,35.927967744715076,6004167
layer,layer_00,2,3800713,22.742854099647673,3800713
layer,layer_00,3,1581699,9.464631922104779,1581699
layer,layer_00,4,484416,2.8986672794117645,484416
layer,layer_00,5,116313,0.6959982479319853,116313
layer,layer_00,6,22550,0.13493556602328433,22550
layer,layer_00,7,3755,0.022469314874387254,3755
layer,layer_00,8,591,0.0035364487591911763,591
layer,layer_00,9,104,0.0006223192401960784,104
layer,layer_00,10,36,0.00021541819852941176,36
layer,layer_00,11,7,4.188687193627451e-05,7
layer,layer_00,12,4,2.3935355392156862e-05,4
layer,layer_00,13,2,1.1967677696078431e-05,2
layer,layer_00,14,0,0.0,0
layer,layer_00,15,0,0.0,0
layer,layer_00,16,0,0.0,0
layer,layer_01,0,4683879,28.027577119715072,4683879
layer,layer_01,1,5997483,35.88797176585478,5997483
layer,layer_01,2,3806717,22.7787810680913,3806717
layer,layer_01,3,1589453,9.511030608532476,1589453
layer,layer_01,4,488176,2.9211665134803924,488176
layer,layer_01,5,117853,0.7052133597579657,117853
layer,layer_01,6,23070,0.13804716222426472,23070
layer,layer_01,7,3910,0.023396809895833332,3910
layer,layer_01,8,751,0.004493862974877451,751
layer,layer_01,9,195,0.001166848575367647,195
layer,layer_01,10,86,0.0005146101409313726,86
layer,layer_01,11,44,0.0002632889093137255,44
layer,layer_01,12,31,0.00018549900428921568,31
layer,layer_01,13,17,0.00010172526041666667,17
layer,layer_01,14,11,6.582222732843137e-05,11
layer,layer_01,15,4,2.3935355392156862e-05,4
layer,layer_01,16,0,0.0,0
layer,layer_02,0,4714659,28.21175967945772,4714659
layer,layer_02,1,5998544,35.89432061887255,5998544
layer,layer_02,2,3790547,22.682022393918505,3790547
layer,layer_02,3,1579420,9.450994753370098,1579420
layer,layer_02,4,485502,2.9051657284007355,485502
layer,layer_02,5,116152,0.695034849877451,116152
layer,layer_02,6,22569,0.13504925896139705,22569
layer,layer_02,7,3649,0.0218350279564951,3649
layer,layer_02,8,514,0.0030756931678921568,514
layer,layer_02,9,89,0.0005325616574754901,89
layer,layer_02,10,16,9.574142156862745e-05,16
layer,layer_02,11,15,8.975758272058824e-05,15
layer,layer_02,12,2,1.1967677696078431e-05,2
layer,layer_02,13,2,1.1967677696078431e-05,2
layer,layer_02,14,0,0.0,0
layer,layer_02,15,0,0.0,0
layer,layer_02,16,0,0.0,0
layer,layer_03,0,4722331,28.25766769109988,4722331
layer,layer_03,1,6006951,35.94462675206802,6006951
layer,layer_03,2,3784216,22.644138710171568,3784216
layer,layer_03,3,1572307,9.408431707643995,1572307
layer,layer_03,4,483610,2.893844305300245,483610
layer,layer_03,5,115907,0.6935688093596813,115907
layer,layer_03,6,22221,0.1329668830422794,22221
layer,layer_03,7,3572,0.021374272365196078,3572
layer,layer_03,8,479,0.0028662588082107843,479
layer,layer_03,9,69,0.0004128848805147059,69
layer,layer_03,10,11,6.582222732843137e-05,11
layer,layer_03,11,2,1.1967677696078431e-05,2
layer,layer_03,12,2,1.1967677696078431e-05,2
layer,layer_03,13,2,1.1967677696078431e-05,2
layer,layer_03,14,0,0.0,0
layer,layer_03,15,0,0.0,0
layer,layer_03,16,0,0.0,0
layer,layer_04,0,4708997,28.17787918390012,4708997
layer,layer_04,1,6001621,35.91273289100796,6001621
layer,layer_04,2,3791177,22.68579221239277,3791177
layer,layer_04,3,1578656,9.446423100490197,1578656
layer,layer_04,4,486560,2.911496629901961,486560
layer,layer_04,5,117425,0.7026522767310049,117425
layer,layer_04,6,22936,0.13724532781862744,22936
layer,layer_04,7,3692,0.022092333026960783,3692
layer,layer_04,8,519,0.003105612362132353,519
layer,layer_04,9,74,0.00044280407475490196,74
layer,layer_04,10,14,8.377374387254902e-05,14
layer,layer_04,11,4,2.3935355392156862e-05,4
layer,layer_04,12,4,2.3935355392156862e-05,4
layer,layer_04,13,0,0.0,0
layer,layer_04,14,1,5.983838848039216e-06,1
layer,layer_04,15,0,0.0,0
layer,layer_04,16,0,0.0,0
layer,layer_05,0,4703377,28.144250009574144,4703377
layer,layer_05,1,5999638,35.90086693857231,5999638
layer,layer_05,2,3797647,22.724507649739582,3797647
layer,layer_05,3,1581678,9.464506261488971,1581678
layer,layer_05,4,485665,2.9061410941329657,485665
layer,layer_05,5,116746,0.6985892501531863,116746
layer,layer_05,6,22654,0.1355578852634804,22654
layer,layer_05,7,3648,0.021829044117647058,3648
layer,layer_05,8,538,0.003219305300245098,538
layer,layer_05,9,78,0.00046673943014705885,78
layer,layer_05,10,10,5.9838388480392154e-05,10
layer,layer_05,11,1,5.983838848039216e-06,1
layer,layer_05,12,0,0.0,0
layer,layer_05,13,0,0.0,0
layer,layer_05,14,0,0.0,0
layer,layer_05,15,0,0.0,0
layer,layer_05,16,0,0.0,0
layer,layer_06,0,4652486,27.839726466758577,4652486
layer,layer_06,1,5985162,35.81424488740809,5985162
layer,layer_06,2,3817009,22.840366737515318,3817009
layer,layer_06,3,1603782,9.596773035386029,1603782
layer,layer_06,4,498222,2.981280158547794,498222
layer,layer_06,5,121892,0.7293820848651961,121892
layer,layer_06,6,25294,0.15135521982230393,25294
layer,layer_06,7,4997,0.02990124272365196,4997
layer,layer_06,8,1413,0.008455164292279412,1413
layer,layer_06,9,617,0.003692028569240196,617
layer,layer_06,10,349,0.0020883597579656864,349
layer,layer_06,11,190,0.001136929381127451,190
layer,layer_06,12,110,0.0006582222732843138,110
layer,layer_06,13,79,0.00047272326899509804,79
layer,layer_06,14,51,0.00030517578125,51
layer,layer_06,15,27,0.00016156364889705882,27
layer,layer_06,16,0,0.0,0
layer,layer_07,0,4690595,28.067764581418505,4690595
layer,layer_07,1,5998030,35.891244925704655,5998030
layer,layer_07,2,3808354,22.78857661228554,3808354
layer,layer_07,3,1584814,9.483271580116421,1584814
layer,layer_07,4,486861,2.9132977653952206,486861
layer,layer_07,5,116314,0.6960042317708334,116314
layer,layer_07,6,22471,0.1344628427542892,22471
layer,layer_07,7,3644,0.0218051087622549,3644
layer,layer_07,8,492,0.002944048713235294,492
layer,layer_07,9,80,0.00047870710784313723,80
layer,layer_07,10,18,0.00010770909926470588,18
layer,layer_07,11,3,1.7951516544117648e-05,3
layer,layer_07,12,0,0.0,0
layer,layer_07,13,2,1.1967677696078431e-05,2
layer,layer_07,14,0,0.0,0
layer,layer_07,15,2,1.1967677696078431e-05,2
layer,layer_07,16,0,0.0,0
layer,layer_08,0,4705108,28.154608034620097,4705108
layer,layer_08,1,6006849,35.94401640050552,6006849
layer,layer_08,2,3797243,22.722090178844976,3797243
layer,layer_08,3,1577550,9.439804974724264,1577550
layer,layer_08,4,483587,2.8937066770067403,483587
layer,layer_08,5,115124,0.6888834635416666,115124
layer,layer_08,6,22202,0.13285319010416666,22202
layer,layer_08,7,3460,0.020704082414215685,3460
layer,layer_08,8,491,0.002938064874387255,491
layer,layer_08,9,51,0.00030517578125,51
layer,layer_08,10,13,7.77899050245098e-05,13
layer,layer_08,11,2,1.1967677696078431e-05,2
layer,layer_08,12,0,0.0,0
layer,layer_08,13,0,0.0,0
layer,layer_08,14,0,0.0,0
layer,layer_08,15,0,0.0,0
layer,layer_08,16,0,0.0,0
layer,layer_09,0,4710217,28.18517946729473,4710217
layer,layer_09,1,6003442,35.92362946155024,6003442
layer,layer_09,2,3791753,22.68923890356924,3791753
layer,layer_09,3,1578927,9.448044720818014,1578927
layer,layer_09,4,484854,2.901288200827206,484854
layer,layer_09,5,116010,0.6941851447610294,116010
layer,layer_09,6,22391,0.13398413564644607,22391
layer,layer_09,7,3480,0.02082375919117647,3480
layer,layer_09,8,506,0.0030278224571078432,506
layer,layer_09,9,79,0.00047272326899509804,79
layer,layer_09,10,17,0.00010172526041666667,17
layer,layer_09,11,3,1.7951516544117648e-05,3
layer,layer_09,12,0,0.0,0
layer,layer_09,13,1,5.983838848039216e-06,1
layer,layer_09,14,0,0.0,0
layer,layer_09,15,0,0.0,0
layer,layer_09,16,0,0.0,0
layer,layer_10,0,4681977,28.0161958582261,4681977
layer,layer_10,1,5994237,35.86854822495405,5994237
layer,layer_10,2,3805384,22.77080461090686,3805384
layer,layer_10,3,1594883,9.543522853477329,1594883
layer,layer_10,4,490358,2.9342232498468137,490358
layer,layer_10,5,117277,0.7017666685814951,117277
layer,layer_10,6,22779,0.13630586511948528,22779
layer,layer_10,7,3951,0.023642147288602942,3951
layer,layer_10,8,644,0.003853592218137255,644
layer,layer_10,9,125,0.000747979856004902,125
layer,layer_10,10,44,0.0002632889093137255,44
layer,layer_10,11,13,7.77899050245098e-05,13
layer,layer_10,12,6,3.5903033088235295e-05,6
layer,layer_10,13,2,1.1967677696078431e-05,2
layer,layer_10,14,0,0.0,0
layer,layer_10,15,0,0.0,0
layer,layer_10,16,0,0.0,0
layer,layer_11,0,4702657,28.139941645603553,4702657
layer,layer_11,1,6008701,35.955098470052086,6008701
layer,layer_11,2,3796288,22.716375612745097,3796288
layer,layer_11,3,1577028,9.436681410845589,1577028
layer,layer_11,4,484868,2.9013719745710786,484868
layer,layer_11,5,115709,0.6923840092677697,115709
layer,layer_11,6,22378,0.13390634574142157,22378
layer,layer_11,7,3478,0.020811791513480393,3478
layer,layer_11,8,482,0.002884210324754902,482
layer,layer_11,9,75,0.00044878791360294115,75
layer,layer_11,10,9,5.385454963235294e-05,9
layer,layer_11,11,6,3.5903033088235295e-05,6
layer,layer_11,12,1,5.983838848039216e-06,1
layer,layer_11,13,0,0.0,0
layer,layer_11,14,0,0.0,0
layer,layer_11,15,0,0.0,0
layer,layer_11,16,0,0.0,0
layer,layer_12,0,4709131,28.17868101830576,4709131
layer,layer_12,1,6002548,35.9182799096201,6002548
layer,layer_12,2,3794124,22.703426585477942,3794124
layer,layer_12,3,1578986,9.448397767310048,1578986
layer,layer_12,4,483976,2.8960343903186274,483976
layer,layer_12,5,116364,0.6963034237132353,116364
layer,layer_12,6,22340,0.13367895986519607,22340
layer,layer_12,7,3603,0.021559771369485295,3603
layer,layer_12,8,499,0.0029859355851715686,499
layer,layer_12,9,81,0.0004846909466911765,81
layer,layer_12,10,14,8.377374387254902e-05,14
layer,layer_12,11,9,5.385454963235294e-05,9
layer,layer_12,12,3,1.7951516544117648e-05,3
layer,layer_12,13,2,1.1967677696078431e-05,2
layer,layer_12,14,0,0.0,0
layer,layer_12,15,0,0.0,0
layer,layer_12,16,0,0.0,0
layer,layer_13,0,4699757,28.12258851294424,4699757
layer,layer_13,1,5996538,35.882317038143384,5996538
layer,layer_13,2,3798326,22.728570676317403,3798326
layer,layer_13,3,1586341,9.492408902037377,1586341
layer,layer_13,4,487258,2.9156733494178924,487258
layer,layer_13,5,117216,0.7014016544117647,117216
layer,layer_13,6,22308,0.13348747702205882,22308
layer,layer_13,7,3432,0.02053653492647059,3432
layer,layer_13,8,437,0.0026149375765931373,437
layer,layer_13,9,58,0.0003470626531862745,58
layer,layer_13,10,4,2.3935355392156862e-05,4
layer,layer_13,11,4,2.3935355392156862e-05,4
layer,layer_13,12,1,5.983838848039216e-06,1
layer,layer_13,13,0,0.0,0
layer,layer_13,14,0,0.0,0
layer,layer_13,15,0,0.0,0
layer,layer_13,16,0,0.0,0
layer,layer_14,0,4690770,28.068811753216913,4690770
layer,layer_14,1,6001922,35.91453402650122,6001922
layer,layer_14,2,3804821,22.767435709635418,3804821
layer,layer_14,3,1585549,9.48766970166973,1585549
layer,layer_14,4,487165,2.9151168524050246,487165
layer,layer_14,5,115458,0.6908820657169118,115458
layer,layer_14,6,22060,0.13200348498774508,22060
layer,layer_14,7,3395,0.020315132889093136,3395
layer,layer_14,8,486,0.002908145680147059,486
layer,layer_14,9,52,0.0003111596200980392,52
layer,layer_14,10,2,1.1967677696078431e-05,2
layer,layer_14,11,0,0.0,0
layer,layer_14,12,0,0.0,0
layer,layer_14,13,0,0.0,0
layer,layer_14,14,0,0.0,0
layer,layer_14,15,0,0.0,0
layer,layer_14,16,0,0.0,0
layer,layer_15,0,4694536,28.09134689031863,4694536
layer,layer_15,1,5995237,35.874532063802086,5995237
layer,layer_15,2,3800039,22.738820992264092,3800039
layer,layer_15,3,1590765,9.518881405101103,1590765
layer,layer_15,4,487136,2.9149433210784315,487136
layer,layer_15,5,117505,0.7031309838388481,117505
layer,layer_15,6,22287,0.13336181640625,22287
layer,layer_15,7,3616,0.021637561274509803,3616
layer,layer_15,8,482,0.002884210324754902,482
layer,layer_15,9,64,0.0003829656862745098,64
layer,layer_15,10,11,6.582222732843137e-05,11
layer,layer_15,11,2,1.1967677696078431e-05,2
layer,layer_15,12,0,0.0,0
layer,layer_15,13,0,0.0,0
layer,layer_15,14,0,0.0,0
layer,layer_15,15,0,0.0,0
layer,layer_15,16,0,0.0,0
layer,layer_16,0,4694920,28.093644684436274,4694920
layer,layer_16,1,5990308,35.8450377221201,5990308
layer,layer_16,2,3800246,22.74005964690564,3800246
layer,layer_16,3,1589934,9.513908835018382,1589934
layer,layer_16,4,491134,2.9388667087928924,491134
layer,layer_16,5,118007,0.7061348709405637,118007
layer,layer_16,6,22844,0.13669481464460784,22844
layer,layer_16,7,3726,0.02229578354779412,3726
layer,layer_16,8,487,0.002914129518995098,487
layer,layer_16,9,63,0.0003769818474264706,63
layer,layer_16,10,8,4.7870710784313725e-05,8
layer,layer_16,11,3,1.7951516544117648e-05,3
layer,layer_16,12,0,0.0,0
layer,layer_16,13,0,0.0,0
layer,layer_16,14,0,0.0,0
layer,layer_16,15,0,0.0,0
layer,layer_16,16,0,0.0,0
layer,layer_17,0,4686265,28.041854559206495,4686265
layer,layer_17,1,6001369,35.91122496361826,6001369
layer,layer_17,2,3801064,22.744954427083332,3801064
layer,layer_17,3,1587932,9.501929189644608,1587932
layer,layer_17,4,489412,2.9285625382965685,489412
layer,layer_17,5,117944,0.7057578890931373,117944
layer,layer_17,6,23146,0.13850193397671567,23146
layer,layer_17,7,3820,0.022858264399509803,3820
layer,layer_17,8,607,0.003632190180759804,607
layer,layer_17,9,97,0.0005804323682598039,97
layer,layer_17,10,14,8.377374387254902e-05,14
layer,layer_17,11,7,4.188687193627451e-05,7
layer,layer_17,12,2,1.1967677696078431e-05,2
layer,layer_17,13,1,5.983838848039216e-06,1
layer,layer_17,14,0,0.0,0
layer,layer_17,15,0,0.0,0
layer,layer_17,16,0,0.0,0
layer,layer_18,0,4630391,27.707513547411153,4630391
layer,layer_18,1,5969117,35.7182341930913,5969117
layer,layer_18,2,3826463,22.896937949984682,3826463
layer,layer_18,3,1617342,9.677913890165442,1617342
layer,layer_18,4,507281,3.0354877546721815,507281
layer,layer_18,5,126216,0.7552562040441176,126216
layer,layer_18,6,26544,0.15883501838235295,26544
layer,layer_18,7,5424,0.032456341911764705,5424
layer,layer_18,8,1417,0.008479099647671568,1417
layer,layer_18,9,598,0.003578335631127451,598
layer,layer_18,10,338,0.002022537530637255,338
layer,layer_18,11,208,0.0012446384803921568,208
layer,layer_18,12,144,0.000861672794117647,144
layer,layer_18,13,91,0.0005445293351715686,91
layer,layer_18,14,66,0.00039493336397058824,66
layer,layer_18,15,40,0.00023935355392156862,40
layer,layer_18,16,0,0.0,0
layer,layer_19,0,4663412,27.905105890012255,4663412
layer,layer_19,1,5988333,35.83321964039522,5988333
layer,layer_19,2,3818717,22.85058713426777,3818717
layer,layer_19,3,1600192,9.57529105392157,1600192
layer,layer_19,4,493517,2.9531261967677698,493517
layer,layer_19,5,119295,0.7138420553768382,119295
layer,layer_19,6,23523,0.14075784122242646,23523
layer,layer_19,7,3949,0.023630179610906864,3949
layer,layer_19,8,598,0.003578335631127451,598
layer,layer_19,9,108,0.0006462545955882353,108
layer,layer_19,10,20,0.00011967677696078431,20
layer,layer_19,11,12,7.180606617647059e-05,12
layer,layer_19,12,1,5.983838848039216e-06,1
layer,layer_19,13,2,1.1967677696078431e-05,2
layer,layer_19,14,1,5.983838848039216e-06,1
layer,layer_19,15,0,0.0,0
layer,layer_19,16,0,0.0,0
layer,layer_20,0,4680636,28.008171530330884,4680636
layer,layer_20,1,5990589,35.846719180836395,5990589
layer,layer_20,2,3810838,22.803440467984068,3810838
layer,layer_20,3,1592804,9.531082452512255,1592804
layer,layer_20,4,491710,2.942313399969363,491710
layer,layer_20,5,118244,0.707553040747549,118244
layer,layer_20,6,22611,0.13530058019301472,22611
layer,layer_20,7,3648,0.021829044117647058,3648
layer,layer_20,8,506,0.0030278224571078432,506
layer,layer_20,9,79,0.00047272326899509804,79
layer,layer_20,10,10,5.9838388480392154e-05,10
layer,layer_20,11,3,1.7951516544117648e-05,3
layer,layer_20,12,1,5.983838848039216e-06,1
layer,layer_20,13,1,5.983838848039216e-06,1
layer,layer_20,14,0,0.0,0
layer,layer_20,15,0,0.0,0
layer,layer_20,16,0,0.0,0
layer,layer_21,0,4679240,27.99981809129902,4679240
layer,layer_21,1,5992845,35.860218721277576,5992845
layer,layer_21,2,3811788,22.809125114889707,3811788
layer,layer_21,3,1594095,9.538807588465074,1594095
layer,layer_21,4,489545,2.9293583888633576,489545
layer,layer_21,5,117130,0.7008870442708334,117130
layer,layer_21,6,22762,0.13620413985906862,22762
layer,layer_21,7,3683,0.02203847847732843,3683
layer,layer_21,8,473,0.002830355775122549,473
layer,layer_21,9,78,0.00046673943014705885,78
layer,layer_21,10,23,0.00013762829350490196,23
layer,layer_21,11,8,4.7870710784313725e-05,8
layer,layer_21,12,5,2.9919194240196077e-05,5
layer,layer_21,13,4,2.3935355392156862e-05,4
layer,layer_21,14,1,5.983838848039216e-06,1
layer,layer_21,15,0,0.0,0
layer,layer_21,16,0,0.0,0
layer,layer_22,0,4647832,27.811877680759803,4647832
layer,layer_22,1,5988878,35.8364808325674,5988878
layer,layer_22,2,3819850,22.857366823682597,3819850
layer,layer_22,3,1605008,9.604109221813726,1605008
layer,layer_22,4,497648,2.9778454350490198,497648
layer,layer_22,5,121112,0.7247146905637255,121112
layer,layer_22,6,24525,0.14675364774816177,24525
layer,layer_22,7,4515,0.027017032398897058,4515
layer,layer_22,8,1029,0.0061573701746323525,1029
layer,layer_22,9,388,0.0023217294730392157,388
layer,layer_22,10,286,0.0017113779105392157,286
layer,layer_22,11,200,0.0011967677696078432,200
layer,layer_22,12,134,0.0008018344056372549,134
layer,layer_22,13,108,0.0006462545955882353,108
layer,layer_22,14,104,0.0006223192401960784,104
layer,layer_22,15,63,0.0003769818474264706,63
layer,layer_22,16,0,0.0,0
layer,layer_23,0,4663808,27.907475490196077,4663808
layer,layer_23,1,5986794,35.82401051240809,5986794
layer,layer_23,2,3818441,22.84893559474571,3818441
layer,layer_23,3,1601299,9.581915163526348,1601299
layer,layer_23,4,494797,2.9607855104932597,494797
layer,layer_23,5,119271,0.7136984432444853,119271
layer,layer_23,6,23092,0.13817880667892157,23092
layer,layer_23,7,3617,0.021643545113357844,3617
layer,layer_23,8,480,0.0028722426470588237,480
layer,layer_23,9,59,0.0003530464920343137,59
layer,layer_23,10,9,5.385454963235294e-05,9
layer,layer_23,11,3,1.7951516544117648e-05,3
layer,layer_23,12,6,3.5903033088235295e-05,6
layer,layer_23,13,3,1.7951516544117648e-05,3
layer,layer_23,14,0,0.0,0
layer,layer_23,15,1,5.983838848039216e-06,1
layer,layer_23,16,0,0.0,0
layer,layer_24,0,4666852,27.92569029564951,4666852
layer,layer_24,1,5979956,35.78309302236519,5979956
layer,layer_24,2,3810646,22.802291570925245,3810646
layer,layer_24,3,1604587,9.601590025658702,1604587
layer,layer_24,4,499548,2.989214728860294,499548
layer,layer_24,5,121419,0.7265517290900735,121419
layer,layer_24,6,24081,0.14409682329963236,24081
layer,layer_24,7,3915,0.02342672909007353,3915
layer,layer_24,8,549,0.0032851275275735292,549
layer,layer_24,9,88,0.000526577818627451,88
layer,layer_24,10,21,0.00012566061580882352,21
layer,layer_24,11,5,2.9919194240196077e-05,5
layer,layer_24,12,9,5.385454963235294e-05,9
layer,layer_24,13,4,2.3935355392156862e-05,4
layer,layer_24,14,0,0.0,0
layer,layer_24,15,0,0.0,0
layer,layer_24,16,0,0.0,0
layer,layer_25,0,4640657,27.76894363702512,4640657
layer,layer_25,1,5980210,35.7846129174326,5980210
layer,layer_25,2,3824615,22.885879815793505,3824615
layer,layer_25,3,1613717,9.656222474341298,1613717
layer,layer_25,4,502021,3.004012762331495,502021
layer,layer_25,5,121987,0.7299505495557598,121987
layer,layer_25,6,23940,0.14325310202205882,23940
layer,layer_25,7,3867,0.023139504825367647,3867
layer,layer_25,8,576,0.003446691176470588,576
layer,layer_25,9,78,0.00046673943014705885,78
layer,layer_25,10,9,5.385454963235294e-05,9
layer,layer_25,11,2,1.1967677696078431e-05,2
layer,layer_25,12,1,5.983838848039216e-06,1
layer,layer_25,13,0,0.0,0
layer,layer_25,14,0,0.0,0
layer,layer_25,15,0,0.0,0
layer,layer_25,16,0,0.0,0
layer,layer_26,0,4627905,27.692637724034928,4627905
layer,layer_26,1,5970397,35.72589350681679,5970397
layer,layer_26,2,3825333,22.8901762120864,3825333
layer,layer_26,3,1623046,9.712045706954656,1623046
layer,layer_26,4,509218,3.0470784505208335,509218
layer,layer_26,5,125664,0.751953125,125664
layer,layer_26,6,25171,0.15061920764399508,25171
layer,layer_26,7,4189,0.025066300934436275,4189
layer,layer_26,8,639,0.003823673023897059,639
layer,layer_26,9,93,0.000556497012867647,93
layer,layer_26,10,17,0.00010172526041666667,17
layer,layer_26,11,5,2.9919194240196077e-05,5
layer,layer_26,12,3,1.7951516544117648e-05,3
layer,layer_26,13,0,0.0,0
layer,layer_26,14,0,0.0,0
layer,layer_26,15,0,0.0,0
layer,layer_26,16,0,0.0,0
layer,layer_27,0,4626564,27.684613396139707,4626564
layer,layer_27,1,5977409,35.76785218481924,5977409
layer,layer_27,2,3830138,22.918928557751226,3830138
layer,layer_27,3,1619763,9.692400764016543,1619763
layer,layer_27,4,505166,3.0228319355085786,505166
layer,layer_27,5,123376,0.7382621017156863,123376
layer,layer_27,6,24581,0.14708874272365197,24581
layer,layer_27,7,4014,0.02401912913602941,4014
layer,layer_27,8,568,0.0033988204656862746,568
layer,layer_27,9,73,0.00043682023590686277,73
layer,layer_27,10,18,0.00010770909926470588,18
layer,layer_27,11,7,4.188687193627451e-05,7
layer,layer_27,12,3,1.7951516544117648e-05,3
layer,layer_27,13,0,0.0,0
layer,layer_27,14,0,0.0,0
layer,layer_27,15,0,0.0,0
layer,layer_27,16,0,0.0,0
layer,layer_28,0,4626546,27.684505687040442,4626546
layer,layer_28,1,5973432,35.74405445772059,5973432
layer,layer_28,2,3830610,22.9217529296875,3830610
layer,layer_28,3,1620777,9.698468376608457,1620777
layer,layer_28,4,505739,3.026260675168505,505739
layer,layer_28,5,124726,0.7463402841605392,124726
layer,layer_28,6,24999,0.14958998736213236,24999
layer,layer_28,7,4109,0.024587593826593136,4109
layer,layer_28,8,618,0.003698012408088235,618
layer,layer_28,9,101,0.0006043677236519608,101
layer,layer_28,10,19,0.0001136929381127451,19
layer,layer_28,11,4,2.3935355392156862e-05,4
layer,layer_28,12,0,0.0,0
layer,layer_28,13,0,0.0,0
layer,layer_28,14,0,0.0,0
layer,layer_28,15,0,0.0,0
layer,layer_28,16,0,0.0,0
layer,layer_29,0,4623722,27.667607326133577,4623722
layer,layer_29,1,5971611,35.73315788717831,5971611
layer,layer_29,2,3830893,22.923446356081495,3830893
layer,layer_29,3,1624990,9.723678289675245,1624990
layer,layer_29,4,507025,3.0339558919270835,507025
layer,layer_29,5,124323,0.7439287971047794,124323
layer,layer_29,6,24428,0.14617321537990197,24428
layer,layer_29,7,3997,0.023917403875612746,3997
layer,layer_29,8,569,0.0034048043045343136,569
layer,layer_29,9,100,0.0005983838848039216,100
layer,layer_29,10,16,9.574142156862745e-05,16
layer,layer_29,11,2,1.1967677696078431e-05,2
layer,layer_29,12,2,1.1967677696078431e-05,2
layer,layer_29,13,1,5.983838848039216e-06,1
layer,layer_29,14,1,5.983838848039216e-06,1
layer,layer_29,15,0,0.0,0
layer,layer_29,16,0,0.0,0
layer,layer_30,0,4615101,27.616020651424634,4615101
layer,layer_30,1,5961895,35.67501890893076,5961895
layer,layer_30,2,3835719,22.952324362362134,3835719
layer,layer_30,3,1629077,9.74813423904718,1629077
layer,layer_30,4,513503,3.0727191999846815,513503
layer,layer_30,5,125906,0.7534012140012255,125906
layer,layer_30,6,25523,0.15272551891850492,25523
layer,layer_30,7,4222,0.02526376761642157,4222
layer,layer_30,8,607,0.003632190180759804,607
layer,layer_30,9,99,0.0005924000459558823,99
layer,layer_30,10,18,0.00010770909926470588,18
layer,layer_30,11,6,3.5903033088235295e-05,6
layer,layer_30,12,2,1.1967677696078431e-05,2
layer,layer_30,13,2,1.1967677696078431e-05,2
layer,layer_30,14,0,0.0,0
layer,layer_30,15,0,0.0,0
layer,layer_30,16,0,0.0,0
layer,layer_31,0,4613884,27.608738319546568,4613884
layer,layer_31,1,5964743,35.69206088196997,5964743
layer,layer_31,2,3832131,22.930854348575366,3832131
layer,layer_31,3,1631357,9.761777391620711,1631357
layer,layer_31,4,512630,3.067495308670343,512630
layer,layer_31,5,126897,0.7593311982996324,126897
layer,layer_31,6,25095,0.15016443589154413,25095
layer,layer_31,7,4202,0.025144090839460783,4202
layer,layer_31,8,640,0.003829656862745098,640
layer,layer_31,9,83,0.0004966586243872549,83
layer,layer_31,10,15,8.975758272058824e-05,15
layer,layer_31,11,2,1.1967677696078431e-05,2
layer,layer_31,12,0,0.0,0
layer,layer_31,13,0,0.0,0
layer,layer_31,14,1,5.983838848039216e-06,1
layer,layer_31,15,0,0.0,0
layer,layer_31,16,0,0.0,0
layer,layer_32,0,4588281,27.45553409352022,4588281
layer,layer_32,1,5953244,35.623252719056374,5953244
layer,layer_32,2,3846761,23.018397910922182,3846761
layer,layer_32,3,1643142,9.832296932444853,1643142
layer,layer_32,4,520021,3.111721861596201,520021
layer,layer_32,5,128919,0.7714305204503676,128919
layer,layer_32,6,25968,0.15538832720588236,25968
layer,layer_32,7,4522,0.027058919270833332,4522
layer,layer_32,8,671,0.0040151558670343136,671
layer,layer_32,9,119,0.0007120768229166666,119
layer,layer_32,10,19,0.0001136929381127451,19
layer,layer_32,11,8,4.7870710784313725e-05,8
layer,layer_32,12,4,2.3935355392156862e-05,4
layer,layer_32,13,0,0.0,0
layer,layer_32,14,0,0.0,0
layer,layer_32,15,1,5.983838848039216e-06,1
layer,layer_32,16,0,0.0,0
layer,layer_33,0,4581985,27.417859844132966,4581985
layer,layer_33,1,5945580,35.577392578125,5945580
layer,layer_33,2,3852371,23.051967246859682,3852371
layer,layer_33,3,1648080,9.861845128676471,1648080
layer,layer_33,4,521389,3.1199077531403185,521389
layer,layer_33,5,129692,0.7760560278799019,129692
layer,layer_33,6,26565,0.15896067899816177,26565
layer,layer_33,7,4863,0.029099408318014705,4863
layer,layer_33,8,864,0.005170036764705882,864
layer,layer_33,9,202,0.0012087354473039216,202
layer,layer_33,10,55,0.0003291111366421569,55
layer,layer_33,11,19,0.0001136929381127451,19
layer,layer_33,12,7,4.188687193627451e-05,7
layer,layer_33,13,8,4.7870710784313725e-05,8
layer,layer_33,14,0,0.0,0
layer,layer_33,15,0,0.0,0
layer,layer_33,16,0,0.0,0
layer,layer_34,0,4529987,27.10671219171262,4529987
layer,layer_34,1,5923380,35.44455135569853,5923380
layer,layer_34,2,3865494,23.1304931640625,3865494
layer,layer_34,3,1674210,10.018202837775736,1674210
layer,layer_34,4,539606,3.228915345435049,539606
layer,layer_34,5,138948,0.8314424402573529,138948
layer,layer_34,6,30380,0.18178902420343138,30380
layer,layer_34,7,6482,0.0387872434129902,6482
layer,layer_34,8,1704,0.010196461397058824,1704
layer,layer_34,9,651,0.0038954790900735292,651
layer,layer_34,10,355,0.0021242627910539216,355
layer,layer_34,11,199,0.001190783930759804,199
layer,layer_34,12,141,0.0008437212775735295,141
layer,layer_34,13,69,0.0004128848805147059,69
layer,layer_34,14,45,0.0002692727481617647,45
layer,layer_34,15,29,0.00017353132659313726,29
layer,layer_34,16,0,0.0,0
layer,layer_35,0,4608525,27.576670927159928,4608525
layer,layer_35,1,5958323,35.653644636565566,5958323
layer,layer_35,2,3836216,22.955298330269606,3836216
layer,layer_35,3,1633248,9.773092830882353,1633248
layer,layer_35,4,515845,3.086733350566789,515845
layer,layer_35,5,127908,0.765380859375,127908
layer,layer_35,6,25971,0.15540627872242646,25971
layer,layer_35,7,4511,0.0269930970435049,4511
layer,layer_35,8,820,0.004906747855392157,820
layer,layer_35,9,188,0.0011249617034313725,188
layer,layer_35,10,68,0.0004069010416666667,68
layer,layer_35,11,34,0.00020345052083333334,34
layer,layer_35,12,9,5.385454963235294e-05,9
layer,layer_35,13,12,7.180606617647059e-05,12
layer,layer_35,14,1,5.983838848039216e-06,1
layer,layer_35,15,1,5.983838848039216e-06,1
layer,layer_35,16,0,0.0,0
layer,layer_36,0,4645194,27.796092313878678,4645194
layer,layer_36,1,5977636,35.76921051623774,5977636
layer,layer_36,2,3820171,22.859287635952818,3820171
layer,layer_36,3,1613899,9.657311533011642,1613899
layer,layer_36,4,502577,3.007339776731005,502577
layer,layer_36,5,122817,0.7349171357996324,122817
layer,layer_36,6,24331,0.14559278301164216,24331
layer,layer_36,7,4157,0.02487481809129902,4157
layer,layer_36,8,670,0.004009172028186275,670
layer,layer_36,9,134,0.0008018344056372549,134
layer,layer_36,10,53,0.00031714345894607844,53
layer,layer_36,11,22,0.00013164445465686274,22
layer,layer_36,12,12,7.180606617647059e-05,12
layer,layer_36,13,4,2.3935355392156862e-05,4
layer,layer_36,14,1,5.983838848039216e-06,1
layer,layer_36,15,2,1.1967677696078431e-05,2
layer,layer_36,16,0,0.0,0
layer,layer_37,0,4654700,27.85297468596814,4654700
layer,layer_37,1,5989340,35.83924536611519,5989340
layer,layer_37,2,3818943,22.851939481847428,3818943
layer,layer_37,3,1604469,9.600883932674632,1604469
layer,layer_37,4,496361,2.970144234451593,496361
layer,layer_37,5,119914,0.7175460516237745,119914
layer,layer_37,6,23500,0.14062021292892157,23500
layer,layer_37,7,3751,0.0224453795189951,3751
layer,layer_37,8,566,0.003386852787990196,566
layer,layer_37,9,100,0.0005983838848039216,100
layer,layer_37,10,22,0.00013164445465686274,22
layer,layer_37,11,11,6.582222732843137e-05,11
layer,layer_37,12,3,1.7951516544117648e-05,3
layer,layer_37,13,0,0.0,0
layer,layer_37,14,0,0.0,0
layer,layer_37,15,0,0.0,0
layer,layer_37,16,0,0.0,0
layer,layer_38,0,4656913,27.866216921338847,4656913
layer,layer_38,1,5978557,35.77472163181679,5978557
layer,layer_38,2,3812993,22.816335640701592,3812993
layer,layer_38,3,1609047,9.628277946920957,1609047
layer,layer_38,4,501692,3.0020440793504903,501692
layer,layer_38,5,122793,0.7347735236672794,122793
layer,layer_38,6,24498,0.14659208409926472,24498
layer,layer_38,7,4261,0.0254971373314951,4261
layer,layer_38,8,718,0.004296396292892157,718
layer,layer_38,9,135,0.0008078182444852941,135
layer,layer_38,10,50,0.0002991919424019608,50
layer,layer_38,11,9,5.385454963235294e-05,9
layer,layer_38,12,6,3.5903033088235295e-05,6
layer,layer_38,13,4,2.3935355392156862e-05,4
layer,layer_38,14,3,1.7951516544117648e-05,3
layer,layer_38,15,1,5.983838848039216e-06,1
layer,layer_38,16,0,0.0,0
layer,layer_39,0,4679171,27.999405206418505,4679171
layer,layer_39,1,5995518,35.876213522518384,5995518
layer,layer_39,2,3807392,22.782820159313726,3807392
layer,layer_39,3,1594825,9.543175790824142,1594825
layer,layer_39,4,489949,2.9317758597579657,489949
layer,layer_39,5,117861,0.70526123046875,117861
layer,layer_39,6,22768,0.13624004289215685,22768
layer,layer_39,7,3635,0.02175125421262255,3635
layer,layer_39,8,481,0.0028782264859068627,481
layer,layer_39,9,63,0.0003769818474264706,63
layer,layer_39,10,8,4.7870710784313725e-05,8
layer,layer_39,11,6,3.5903033088235295e-05,6
layer,layer_39,12,3,1.7951516544117648e-05,3
layer,layer_39,13,0,0.0,0
layer,layer_39,14,0,0.0,0
layer,layer_39,15,0,0.0,0
layer,layer_39,16,0,0.0,0
layer,layer_40,0,4651010,27.83089432061887,4651010
layer,layer_40,1,5981932,35.79491708792892,5981932
layer,layer_40,2,3822033,22.870429543887866,3822033
layer,layer_40,3,1609515,9.631078383501839,1609515
layer,layer_40,4,499098,2.9865220013786766,499098
layer,layer_40,5,120156,0.718994140625,120156
layer,layer_40,6,23433,0.14021929572610295,23433
layer,layer_40,7,3825,0.02288818359375,3825
layer,layer_40,8,564,0.003374885110294118,564
layer,layer_40,9,90,0.0005385454963235295,90
layer,layer_40,10,14,8.377374387254902e-05,14
layer,layer_40,11,6,3.5903033088235295e-05,6
layer,layer_40,12,4,2.3935355392156862e-05,4
layer,layer_40,13,0,0.0,0
layer,layer_40,14,0,0.0,0
layer,layer_40,15,0,0.0,0
layer,layer_40,16,0,0.0,0
layer,layer_41,0,4630870,27.71037980621936,4630870
layer,layer_41,1,5977386,35.76771455652573,5977386
layer,layer_41,2,3831053,22.924403770297182,3831053
layer,layer_41,3,1618089,9.682383817784926,1618089
layer,layer_41,4,503107,3.0105112113204657,503107
layer,layer_41,5,122174,0.7310695274203431,122174
layer,layer_41,6,24123,0.14434814453125,24123
layer,layer_41,7,4081,0.02442004633884804,4081
layer,layer_41,8,599,0.0035843194699754903,599
layer,layer_41,9,145,0.0008676566329656862,145
layer,layer_41,10,32,0.0001914828431372549,32
layer,layer_41,11,17,0.00010172526041666667,17
layer,layer_41,12,4,2.3935355392156862e-05,4
layer,layer_41,13,0,0.0,0
layer,layer_41,14,0,0.0,0
layer,layer_41,15,0,0.0,0
layer,layer_41,16,0,0.0,0
layer,layer_42,0,4614830,27.614399031096813,4614830
layer,layer_42,1,5968304,35.713369332107845,5968304
layer,layer_42,2,3832525,22.933211981081495,3832525
layer,layer_42,3,1626876,9.734963809742647,1626876
layer,layer_42,4,511245,3.059207691865809,511245
layer,layer_42,5,126326,0.7559144263174019,126326
layer,layer_42,6,25693,0.15374277152267157,25693
layer,layer_42,7,4697,0.028106091069240197,4697
layer,layer_42,8,825,0.0049366670496323525,825
layer,layer_42,9,221,0.0013224283854166667,221
layer,layer_42,10,76,0.0004547717524509804,76
layer,layer_42,11,44,0.0002632889093137255,44
layer,layer_42,12,9,5.385454963235294e-05,9
layer,layer_42,13,6,3.5903033088235295e-05,6
layer,layer_42,14,3,1.7951516544117648e-05,3
layer,layer_42,15,0,0.0,0
layer,layer_42,16,0,0.0,0
layer,layer_43,0,4627317,27.68911922679228,4627317
layer,layer_43,1,5974850,35.752539541207106,5974850
layer,layer_43,2,3830811,22.922955681295957,3830811
layer,layer_43,3,1619793,9.692580279181986,1619793
layer,layer_43,4,505776,3.0264820772058822,505776
layer,layer_43,5,123829,0.7409727807138481,123829
layer,layer_43,6,24460,0.1463646982230392,24460
layer,layer_43,7,4150,0.024832931219362746,4150
layer,layer_43,8,566,0.003386852787990196,566
layer,layer_43,9,89,0.0005325616574754901,89
layer,layer_43,10,25,0.0001495959712009804,25
layer,layer_43,11,6,3.5903033088235295e-05,6
layer,layer_43,12,4,2.3935355392156862e-05,4
layer,layer_43,13,3,1.7951516544117648e-05,3
layer,layer_43,14,0,0.0,0
layer,layer_43,15,1,5.983838848039216e-06,1
layer,layer_43,16,0,0.0,0
layer,layer_44,0,4623904,27.668696384803923,4623904
layer,layer_44,1,5974085,35.747961904488356,5974085
layer,layer_44,2,3833987,22.941960353477327,3833987
layer,layer_44,3,1621215,9.701089298023897,1621215
layer,layer_44,4,505328,3.023801317401961,505328
layer,layer_44,5,123567,0.7394050149356618,123567
layer,layer_44,6,24565,0.14699300130208334,24565
layer,layer_44,7,4201,0.025138107000612746,4201
layer,layer_44,8,630,0.003769818474264706,630
layer,layer_44,9,136,0.0008138020833333334,136
layer,layer_44,10,39,0.00023336971507352942,39
layer,layer_44,11,9,5.385454963235294e-05,9
layer,layer_44,12,12,7.180606617647059e-05,12
layer,layer_44,13,1,5.983838848039216e-06,1
layer,layer_44,14,1,5.983838848039216e-06,1
layer,layer_44,15,0,0.0,0
layer,layer_44,16,0,0.0,0
layer,layer_45,0,4623140,27.66412473192402,4623140
layer,layer_45,1,5979312,35.77923943014706,5979312
layer,layer_45,2,3830779,22.922764198452818,3830779
layer,layer_45,3,1621332,9.701789407169118,1621332
layer,layer_45,4,504857,3.0209829293045343,504857
layer,layer_45,5,123139,0.736843931908701,123139
layer,layer_45,6,24341,0.14565262140012256,24341
layer,layer_45,7,4047,0.024216595818014705,4047
layer,layer_45,8,588,0.003518497242647059,588
layer,layer_45,9,106,0.0006342869178921569,106
layer,layer_45,10,29,0.00017353132659313726,29
layer,layer_45,11,6,3.5903033088235295e-05,6
layer,layer_45,12,3,1.7951516544117648e-05,3
layer,layer_45,13,1,5.983838848039216e-06,1
layer,layer_45,14,0,0.0,0
layer,layer_45,15,0,0.0,0
layer,layer_45,16,0,0.0,0
layer,layer_46,0,4624222,27.670599245557597,4624222
layer,layer_46,1,5968461,35.71430879480698,5968461
layer,layer_46,2,3828999,22.912112965303308,3828999
layer,layer_46,3,1625092,9.724288641237745,1625092
layer,layer_46,4,509588,3.0492924708946076,509588
layer,layer_46,5,125225,0.7493262197457108,125225
layer,layer_46,6,25117,0.15029608034620098,25117
layer,layer_46,7,4194,0.02509622012867647,4194
layer,layer_46,8,640,0.003829656862745098,640
layer,layer_46,9,97,0.0005804323682598039,97
layer,layer_46,10,26,0.0001555798100490196,26
layer,layer_46,11,11,6.582222732843137e-05,11
layer,layer_46,12,4,2.3935355392156862e-05,4
layer,layer_46,13,3,1.7951516544117648e-05,3
layer,layer_46,14,0,0.0,0
layer,layer_46,15,1,5.983838848039216e-06,1
layer,layer_46,16,0,0.0,0
layer,layer_47,0,4612867,27.60265275543811,4612867
layer,layer_47,1,5965190,35.69473565793505,5965190
layer,layer_47,2,3834853,22.94714235791973,3834853
layer,layer_47,3,1629197,9.748852299708947,1629197
layer,layer_47,4,513696,3.073874080882353,513696
layer,layer_47,5,125975,0.7538140988817402,125975
layer,layer_47,6,24919,0.1491112802542892,24919
layer,layer_47,7,4247,0.02541336358762255,4247
layer,layer_47,8,584,0.003494561887254902,584
layer,layer_47,9,108,0.0006462545955882353,108
layer,layer_47,10,29,0.00017353132659313726,29
layer,layer_47,11,8,4.7870710784313725e-05,8
layer,layer_47,12,7,4.188687193627451e-05,7
layer,layer_47,13,0,0.0,0
layer,layer_47,14,0,0.0,0
layer,layer_47,15,0,0.0,0
layer,layer_47,16,0,0.0,0
layer,layer_48,0,4598032,27.51388250612745,4598032
layer,layer_48,1,5961046,35.66993862974878,5961046
layer,layer_48,2,3838404,22.968390969669116,3838404
layer,layer_48,3,1638106,9.802162320006127,1638106
layer,layer_48,4,515542,3.0849202473958335,515542
layer,layer_48,5,128451,0.7686300838694853,128451
layer,layer_48,6,26237,0.15699797985600492,26237
layer,layer_48,7,4668,0.027932559742647058,4668
layer,layer_48,8,812,0.004858877144607843,812
layer,layer_48,9,245,0.0014660405177696078,245
layer,layer_48,10,95,0.0005684646905637255,95
layer,layer_48,11,22,0.00013164445465686274,22
layer,layer_48,12,11,6.582222732843137e-05,11
layer,layer_48,13,7,4.188687193627451e-05,7
layer,layer_48,14,1,5.983838848039216e-06,1
layer,layer_48,15,1,5.983838848039216e-06,1
layer,layer_48,16,0,0.0,0
layer,layer_49,0,4594726,27.494099934895832,4594726
layer,layer_49,1,5950724,35.608173445159316,5950724
layer,layer_49,2,3841072,22.984355851715687,3841072
layer,layer_49,3,1641134,9.82028138403799,1641134
layer,layer_49,4,519304,3.107431449142157,519304
layer,layer_49,5,129852,0.7770134420955882,129852
layer,layer_49,6,27413,0.16403497434129902,27413
layer,layer_49,7,5312,0.03178615196078431,5312
layer,layer_49,8,1262,0.00755160462622549,1262
layer,layer_49,9,472,0.0028243719362745097,472
layer,layer_49,10,224,0.0013403799019607843,224
layer,layer_49,11,92,0.0005505131740196078,92
layer,layer_49,12,53,0.00031714345894607844,53
layer,layer_49,13,29,0.00017353132659313726,29
layer,layer_49,14,8,4.7870710784313725e-05,8
layer,layer_49,15,3,1.7951516544117648e-05,3
layer,layer_49,16,0,0.0,0
layer,layer_50,0,4528686,27.098927217371322,4528686
layer,layer_50,1,5927842,35.47125124463848,5927842
layer,layer_50,2,3868079,23.145961387484682,3868079
layer,layer_50,3,1672619,10.008682550168505,1672619
layer,layer_50,4,538383,3.221597110523897,538383
layer,layer_50,5,137898,0.8251594094669118,137898
layer,layer_50,6,29637,0.17734303193933823,29637
layer,layer_50,7,6031,0.03608853209252451,6031
layer,layer_50,8,1473,0.008814194623161764,1473
layer,layer_50,9,500,0.002991919424019608,500
layer,layer_50,10,228,0.001364315257352941,228
layer,layer_50,11,130,0.000777899050245098,130
layer,layer_50,12,84,0.0005026424632352941,84
layer,layer_50,13,41,0.00024533739276960784,41
layer,layer_50,14,28,0.00016754748774509804,28
layer,layer_50,15,21,0.00012566061580882352,21
layer,layer_50,16,0,0.0,0
layer,layer_51,0,4588813,27.45871749578738,4588813
layer,layer_51,1,5956747,35.64421410654106,5956747
layer,layer_51,2,3843558,22.999231675091913,3843558
layer,layer_51,3,1640173,9.814530914905024,1640173
layer,layer_51,4,519396,3.1079819623161766,519396
layer,layer_51,5,129795,0.77667236328125,129795
layer,layer_51,6,27049,0.16185685700061275,27049
layer,layer_51,7,4868,0.0291293275122549,4868
layer,layer_51,8,888,0.005313648897058824,888
layer,layer_51,9,218,0.001304476868872549,218
layer,layer_51,10,92,0.0005505131740196078,92
layer,layer_51,11,30,0.00017951516544117648,30
layer,layer_51,12,26,0.0001555798100490196,26
layer,layer_51,13,10,5.9838388480392154e-05,10
layer,layer_51,14,11,6.582222732843137e-05,11
layer,layer_51,15,6,3.5903033088235295e-05,6
layer,layer_51,16,0,0.0,0
layer,layer_52,0,4628594,27.696760589001226,4628594
layer,layer_52,1,5968917,35.71703742532169,5968917
layer,layer_52,2,3824601,22.885796042049634,3824601
layer,layer_52,3,1622260,9.707342409620098,1622260
layer,layer_52,4,509466,3.048562442555147,509466
layer,layer_52,5,126593,0.7575121112898284,126593
layer,layer_52,6,25691,0.15373080384497548,25691
layer,layer_52,7,4479,0.026801614200367647,4479
layer,layer_52,8,767,0.004589604396446079,767
layer,layer_52,9,169,0.0010112687653186275,169
layer,layer_52,10,65,0.000388949525122549,65
layer,layer_52,11,30,0.00017951516544117648,30
layer,layer_52,12,20,0.00011967677696078431,20
layer,layer_52,13,14,8.377374387254902e-05,14
layer,layer_52,14,9,5.385454963235294e-05,9
layer,layer_52,15,5,2.9919194240196077e-05,5
layer,layer_52,16,0,0.0,0
layer,layer_53,0,4640420,27.76752546721814,4640420
layer,layer_53,1,5971776,35.73414522058823,5971776
layer,layer_53,2,3822777,22.874881519990808,3822777
layer,layer_53,3,1616580,9.673354204963236,1616580
layer,layer_53,4,505176,3.022891773897059,505176
layer,layer_53,5,124494,0.7449520335477942,124494
layer,layer_53,6,24977,0.14945834290747548,24977
layer,layer_53,7,4313,0.025808296951593136,4313
layer,layer_53,8,797,0.004769119561887255,797
layer,layer_53,9,188,0.0011249617034313725,188
layer,layer_53,10,75,0.00044878791360294115,75
layer,layer_53,11,42,0.00025132123161764703,42
layer,layer_53,12,21,0.00012566061580882352,21
layer,layer_53,13,16,9.574142156862745e-05,16
layer,layer_53,14,13,7.77899050245098e-05,13
layer,layer_53,15,15,8.975758272058824e-05,15
layer,layer_53,16,0,0.0,0
layer,layer_54,0,4625889,27.68057430491728,4625889
layer,layer_54,1,5966393,35.70193421606924,5966393
layer,layer_54,2,3825150,22.889081169577207,3825150
layer,layer_54,3,1624540,9.720985562193627,1624540
layer,layer_54,4,510703,3.0559644512101714,510703
layer,layer_54,5,127408,0.7623889399509803,127408
layer,layer_54,6,25529,0.15276142195159315,25529
layer,layer_54,7,4725,0.028273638556985295,4725
layer,layer_54,8,898,0.005373487285539216,898
layer,layer_54,9,238,0.0014241536458333333,238
layer,layer_54,10,92,0.0005505131740196078,92
layer,layer_54,11,55,0.0003291111366421569,55
layer,layer_54,12,23,0.00013762829350490196,23
layer,layer_54,13,22,0.00013164445465686274,22
layer,layer_54,14,12,7.180606617647059e-05,12
layer,layer_54,15,3,1.7951516544117648e-05,3
layer,layer_54,16,0,0.0,0
layer,layer_55,0,4679988,28.00429400275735,4679988
layer,layer_55,1,5983385,35.803611605775124,5983385
layer,layer_55,2,3805961,22.774257285922182,3805961
layer,layer_55,3,1597640,9.560020297181373,1597640
layer,layer_55,4,495327,2.9639569450827206,495327
layer,layer_55,5,120754,0.7225724762561274,120754
layer,layer_55,6,23895,0.14298382927389705,23895
layer,layer_55,7,3921,0.023462632123161766,3921
layer,layer_55,8,584,0.003494561887254902,584
layer,layer_55,9,131,0.0007838828890931373,131
layer,layer_55,10,39,0.00023336971507352942,39
layer,layer_55,11,23,0.00013762829350490196,23
layer,layer_55,12,12,7.180606617647059e-05,12
layer,layer_55,13,7,4.188687193627451e-05,7
layer,layer_55,14,6,3.5903033088235295e-05,6
layer,layer_55,15,7,4.188687193627451e-05,7
layer,layer_55,16,0,0.0,0
layer,layer_56,0,4693662,28.086117015165442,4693662
layer,layer_56,1,5991557,35.8525115368413,5991557
layer,layer_56,2,3800836,22.74359011182598,3800836
layer,layer_56,3,1587872,9.501570159313726,1587872
layer,layer_56,4,491001,2.938070858226103,491001
layer,layer_56,5,118649,0.7099764954810049,118649
layer,layer_56,6,23447,0.14030306946997548,23447
layer,layer_56,7,3901,0.02334295534620098,3901
layer,layer_56,8,587,0.0035125134037990195,587
layer,layer_56,9,99,0.0005924000459558823,99
layer,layer_56,10,24,0.00014361213235294118,24
layer,layer_56,11,18,0.00010770909926470588,18
layer,layer_56,12,13,7.77899050245098e-05,13
layer,layer_56,13,4,2.3935355392156862e-05,4
layer,layer_56,14,7,4.188687193627451e-05,7
layer,layer_56,15,3,1.7951516544117648e-05,3
layer,layer_56,16,0,0.0,0
layer,layer_57,0,4686705,28.044487448299634,4686705
layer,layer_57,1,5998509,35.894111184512866,5998509
layer,layer_57,2,3805159,22.769458247166053,3805159
layer,layer_57,3,1588296,9.504107306985293,1588296
layer,layer_57,4,488523,2.9232429055606617,488523
layer,layer_57,5,117176,0.7011623008578431,117176
layer,layer_57,6,22924,0.13717352175245098,22924
layer,layer_57,7,3670,0.021960688572303922,3670
layer,layer_57,8,562,0.0033629174325980394,562
layer,layer_57,9,80,0.00047870710784313723,80
layer,layer_57,10,27,0.00016156364889705882,27
layer,layer_57,11,26,0.0001555798100490196,26
layer,layer_57,12,10,5.9838388480392154e-05,10
layer,layer_57,13,6,3.5903033088235295e-05,6
layer,layer_57,14,5,2.9919194240196077e-05,5
layer,layer_57,15,2,1.1967677696078431e-05,2
layer,layer_57,16,0,0.0,0
layer,layer_58,0,4684184,28.029402190563726,4684184
layer,layer_58,1,5993555,35.86446724685968,5993555
layer,layer_58,2,3804287,22.764240339690563,3804287
layer,layer_58,3,1593169,9.533266553691789,1593169
layer,layer_58,4,489546,2.929364372702206,489546
layer,layer_58,5,118639,0.7099166570925245,118639
layer,layer_58,6,23517,0.14072193818933823,23517
layer,layer_58,7,3919,0.023450664445465685,3919
layer,layer_58,8,630,0.003769818474264706,630
layer,layer_58,9,139,0.000831753599877451,139
layer,layer_58,10,42,0.00025132123161764703,42
layer,layer_58,11,27,0.00016156364889705882,27
layer,layer_58,12,14,8.377374387254902e-05,14
layer,layer_58,13,8,4.7870710784313725e-05,8
layer,layer_58,14,3,1.7951516544117648e-05,3
layer,layer_58,15,1,5.983838848039216e-06,1
layer,layer_58,16,0,0.0,0
layer,layer_59,0,4681245,28.011815688189337,4681245
layer,layer_59,1,5991013,35.84925632850796,5991013
layer,layer_59,2,3803265,22.758124856387866,3803265
layer,layer_59,3,1596642,9.554048426011029,1596642
layer,layer_59,4,492131,2.944832596124387,492131
layer,layer_59,5,118940,0.7117177925857843,118940
layer,layer_59,6,23691,0.14176312614889705,23691
layer,layer_59,7,3831,0.022924086626838234,3831
layer,layer_59,8,634,0.0037937538296568627,634
layer,layer_59,9,131,0.0007838828890931373,131
layer,layer_59,10,54,0.00032312729779411764,54
layer,layer_59,11,29,0.00017353132659313726,29
layer,layer_59,12,24,0.00014361213235294118,24
layer,layer_59,13,17,0.00010172526041666667,17
layer,layer_59,14,14,8.377374387254902e-05,14
layer,layer_59,15,19,0.0001136929381127451,19
layer,layer_59,16,0,0.0,0
layer,layer_60,0,4673022,27.962610581341913,4673022
layer,layer_60,1,5989643,35.84105846928615,5989643
layer,layer_60,2,3809704,22.796654794730394,3809704
layer,layer_60,3,1596580,9.553677428002452,1596580
layer,layer_60,4,494067,2.956417308134191,494067
layer,layer_60,5,119936,0.7176776960784313,119936
layer,layer_60,6,23963,0.14339073031556374,23963
layer,layer_60,7,3926,0.02349255131740196,3926
layer,layer_60,8,604,0.0036142386642156864,604
layer,layer_60,9,129,0.0007719152113970588,129
layer,layer_60,10,56,0.0003350949754901961,56
layer,layer_60,11,20,0.00011967677696078431,20
layer,layer_60,12,15,8.975758272058824e-05,15
layer,layer_60,13,9,5.385454963235294e-05,9
layer,layer_60,14,2,1.1967677696078431e-05,2
layer,layer_60,15,4,2.3935355392156862e-05,4
layer,layer_60,16,0,0.0,0
layer,layer_61,0,4665265,27.916193943397673,4665265
layer,layer_61,1,5989370,35.839424881280635,5989370
layer,layer_61,2,3812038,22.810621074601716,3812038
layer,layer_61,3,1598167,9.563173780254289,1598167
layer,layer_61,4,496553,2.9712931315104165,496553
layer,layer_61,5,121121,0.7247685451133579,121121
layer,layer_61,6,24039,0.14384550206801472,24039
layer,layer_61,7,4114,0.024617513020833332,4114
layer,layer_61,8,706,0.0042245902267156864,706
layer,layer_61,9,158,0.0009454465379901961,158
layer,layer_61,10,61,0.00036501416973039216,61
layer,layer_61,11,33,0.00019746668198529412,33
layer,layer_61,12,19,0.0001136929381127451,19
layer,layer_61,13,18,0.00010770909926470588,18
layer,layer_61,14,11,6.582222732843137e-05,11
layer,layer_61,15,7,4.188687193627451e-05,7
layer,layer_61,16,0,0.0,0
layer,layer_62,0,4621742,27.65575932521446,4621742
layer,layer_62,1,5966031,35.69976806640625,5966031
layer,layer_62,2,3831389,22.92641434015012,3831389
layer,layer_62,3,1623426,9.714319565716911,1623426
layer,layer_62,4,510831,3.0567303825827206,510831
layer,layer_62,5,127206,0.7611802045036765,127206
layer,layer_62,6,25357,0.1517322016697304,25357
layer,layer_62,7,4540,0.02716662837009804,4540
layer,layer_62,8,823,0.004924699371936275,823
layer,layer_62,9,194,0.0011608647365196078,194
layer,layer_62,10,74,0.00044280407475490196,74
layer,layer_62,11,36,0.00021541819852941176,36
layer,layer_62,12,20,0.00011967677696078431,20
layer,layer_62,13,4,2.3935355392156862e-05,4
layer,layer_62,14,5,2.9919194240196077e-05,5
layer,layer_62,15,2,1.1967677696078431e-05,2
layer,layer_62,16,0,0.0,0
layer,layer_63,0,4513965,27.010839125689337,4513965
layer,layer_63,1,5920849,35.429406259574144,5920849
layer,layer_63,2,3878300,23.20712220435049,3878300
layer,layer_63,3,1681858,10.063967237285539,1681858
layer,layer_63,4,542396,3.2456102558210786,542396
layer,layer_63,5,137960,0.8255304074754902,137960
layer,layer_63,6,29370,0.17574534696691177,29370
layer,layer_63,7,5472,0.03274356617647059,5472
layer,layer_63,8,1044,0.0062471277573529415,1044
layer,layer_63,9,277,0.0016575233609068627,277
layer,layer_63,10,109,0.0006522384344362745,109
layer,layer_63,11,47,0.0002812404258578431,47
layer,layer_63,12,15,8.975758272058824e-05,15
layer,layer_63,13,13,7.77899050245098e-05,13
layer,layer_63,14,3,1.7951516544117648e-05,3
layer,layer_63,15,2,1.1967677696078431e-05,2
layer,layer_63,16,0,0.0,0
layer,lm_head,0,22093564,27.803796512564432,22093564
layer,lm_head,1,28358491,35.687936684519975,28358491
layer,lm_head,2,18124917,22.80942558996456,18124917
layer,lm_head,3,7680600,9.665703527706185,7680600
layer,lm_head,4,2426769,3.0539840226320876,2426769
layer,lm_head,5,610839,0.7687145115173969,610839
layer,lm_head,6,130741,0.16453190439755155,130741
layer,lm_head,7,26446,0.03328114932345361,26446
layer,lm_head,8,6162,0.0077546109858247425,6162
layer,lm_head,9,1899,0.002389809519974227,1899
layer,lm_head,10,859,0.0010810144168814434,859
layer,lm_head,11,472,0.0005939916237113402,472
layer,lm_head,12,266,0.0003347495167525773,266
layer,lm_head,13,164,0.00020638692010309278,164
layer,lm_head,14,100,0.0001258456829896907,100
layer,lm_head,15,111,0.0001396887081185567,111
layer,lm_head,16,0,0.0,0
tensor,lm_head,0,22093564,27.803796512564432,22093564
tensor,lm_head,1,28358491,35.687936684519975,28358491
tensor,lm_head,2,18124917,22.80942558996456,18124917
tensor,lm_head,3,7680600,9.665703527706185,7680600
tensor,lm_head,4,2426769,3.0539840226320876,2426769
tensor,lm_head,5,610839,0.7687145115173969,610839
tensor,lm_head,6,130741,0.16453190439755155,130741
tensor,lm_head,7,26446,0.03328114932345361,26446
tensor,lm_head,8,6162,0.0077546109858247425,6162
tensor,lm_head,9,1899,0.002389809519974227,1899
tensor,lm_head,10,859,0.0010810144168814434,859
tensor,lm_head,11,472,0.0005939916237113402,472
tensor,lm_head,12,266,0.0003347495167525773,266
tensor,lm_head,13,164,0.00020638692010309278,164
tensor,lm_head,14,100,0.0001258456829896907,100
tensor,lm_head,15,111,0.0001396887081185567,111
tensor,lm_head,16,0,0.0,0
tensor,model.language_model.layers.0.mlp.down_proj,0,1555922,27.931159524356616,1555922
tensor,model.language_model.layers.0.mlp.down_proj,1,1997980,35.866771024816174,1997980
tensor,model.language_model.layers.0.mlp.down_proj,2,1271789,22.830541274126837,1271789
tensor,model.language_model.layers.0.mlp.down_proj,3,532596,9.560905905330882,532596
tensor,model.language_model.layers.0.mlp.down_proj,4,163908,2.9423971737132355,163908
tensor,model.language_model.layers.0.mlp.down_proj,5,39269,0.7049381031709558,39269
tensor,model.language_model.layers.0.mlp.down_proj,6,7640,0.13714958639705882,7640
tensor,model.language_model.layers.0.mlp.down_proj,7,1239,0.022241928998161766,1239
tensor,model.language_model.layers.0.mlp.down_proj,8,174,0.0031235638786764708,174
tensor,model.language_model.layers.0.mlp.down_proj,9,31,0.000556497012867647,31
tensor,model.language_model.layers.0.mlp.down_proj,10,5,8.975758272058824e-05,5
tensor,model.language_model.layers.0.mlp.down_proj,11,3,5.385454963235294e-05,3
tensor,model.language_model.layers.0.mlp.down_proj,12,2,3.5903033088235295e-05,2
tensor,model.language_model.layers.0.mlp.down_proj,13,2,3.5903033088235295e-05,2
tensor,model.language_model.layers.0.mlp.down_proj,14,0,0.0,0
tensor,model.language_model.layers.0.mlp.down_proj,15,0,0.0,0
tensor,model.language_model.layers.0.mlp.down_proj,16,0,0.0,0
tensor,model.language_model.layers.0.mlp.gate_proj,0,1571626,28.213070140165442,1571626
tensor,model.language_model.layers.0.mlp.gate_proj,1,2003193,35.96035228056066,2003193
tensor,model.language_model.layers.0.mlp.gate_proj,2,1263585,22.6832670323989,1263585
tensor,model.language_model.layers.0.mlp.gate_proj,3,524145,9.409197639016543,524145
tensor,model.language_model.layers.0.mlp.gate_proj,4,160171,2.8753123563878678,160171
tensor,model.language_model.layers.0.mlp.gate_proj,5,38701,0.6947416417738971,38701
tensor,model.language_model.layers.0.mlp.gate_proj,6,7495,0.13454661649816177,7495
tensor,model.language_model.layers.0.mlp.gate_proj,7,1308,0.02348058363970588,1308
tensor,model.language_model.layers.0.mlp.gate_proj,8,252,0.0045237821691176475,252
tensor,model.language_model.layers.0.mlp.gate_proj,9,52,0.0009334788602941177,52
tensor,model.language_model.layers.0.mlp.gate_proj,10,26,0.00046673943014705885,26
tensor,model.language_model.layers.0.mlp.gate_proj,11,4,7.180606617647059e-05,4
tensor,model.language_model.layers.0.mlp.gate_proj,12,2,3.5903033088235295e-05,2
tensor,model.language_model.layers.0.mlp.gate_proj,13,0,0.0,0
tensor,model.language_model.layers.0.mlp.gate_proj,14,0,0.0,0
tensor,model.language_model.layers.0.mlp.gate_proj,15,0,0.0,0
tensor,model.language_model.layers.0.mlp.gate_proj,16,0,0.0,0
tensor,model.language_model.layers.0.mlp.up_proj,0,1569775,28.17984188304228,1569775
tensor,model.language_model.layers.0.mlp.up_proj,1,2002994,35.956779928768384,2002994
tensor,model.language_model.layers.0.mlp.up_proj,2,1265339,22.71475399241728,1265339
tensor,model.language_model.layers.0.mlp.up_proj,3,524958,9.423792221966911,524958
tensor,model.language_model.layers.0.mlp.up_proj,4,160337,2.878292308134191,160337
tensor,model.language_model.layers.0.mlp.up_proj,5,38343,0.6883149988511029,38343
tensor,model.language_model.layers.0.mlp.up_proj,6,7415,0.13311049517463236,7415
tensor,model.language_model.layers.0.mlp.up_proj,7,1208,0.02168543198529412,1208
tensor,model.language_model.layers.0.mlp.up_proj,8,165,0.002962000229779412,165
tensor,model.language_model.layers.0.mlp.up_proj,9,21,0.0003769818474264706,21
tensor,model.language_model.layers.0.mlp.up_proj,10,5,8.975758272058824e-05,5
tensor,model.language_model.layers.0.mlp.up_proj,11,0,0.0,0
tensor,model.language_model.layers.0.mlp.up_proj,12,0,0.0,0
tensor,model.language_model.layers.0.mlp.up_proj,13,0,0.0,0
tensor,model.language_model.layers.0.mlp.up_proj,14,0,0.0,0
tensor,model.language_model.layers.0.mlp.up_proj,15,0,0.0,0
tensor,model.language_model.layers.0.mlp.up_proj,16,0,0.0,0
tensor,model.language_model.layers.1.mlp.down_proj,0,1547814,27.785608628216913,1547814
tensor,model.language_model.layers.1.mlp.down_proj,1,1995336,35.81930721507353,1995336
tensor,model.language_model.layers.1.mlp.down_proj,2,1273400,22.859461167279413,1273400
tensor,model.language_model.layers.1.mlp.down_proj,3,536590,9.632604262408089,536590
tensor,model.language_model.layers.1.mlp.down_proj,4,166542,2.989681468290441,166542
tensor,model.language_model.layers.1.mlp.down_proj,5,40526,0.7275031594669118,40526
tensor,model.language_model.layers.1.mlp.down_proj,6,8216,0.1474896599264706,8216
tensor,model.language_model.layers.1.mlp.down_proj,7,1551,0.02784280215992647,1551
tensor,model.language_model.layers.1.mlp.down_proj,8,336,0.00603170955882353,336
tensor,model.language_model.layers.1.mlp.down_proj,9,117,0.002100327435661765,117
tensor,model.language_model.layers.1.mlp.down_proj,10,53,0.0009514303768382353,53
tensor,model.language_model.layers.1.mlp.down_proj,11,29,0.0005205939797794118,29
tensor,model.language_model.layers.1.mlp.down_proj,12,26,0.00046673943014705885,26
tensor,model.language_model.layers.1.mlp.down_proj,13,13,0.00023336971507352942,13
tensor,model.language_model.layers.1.mlp.down_proj,14,8,0.00014361213235294118,8
tensor,model.language_model.layers.1.mlp.down_proj,15,3,5.385454963235294e-05,3
tensor,model.language_model.layers.1.mlp.down_proj,16,0,0.0,0
tensor,model.language_model.layers.1.mlp.gate_proj,0,1569302,28.171350815716913,1569302
tensor,model.language_model.layers.1.mlp.gate_proj,1,2001701,35.93356861787684,2001701
tensor,model.language_model.layers.1.mlp.gate_proj,2,1266603,22.737444709329043,1266603
tensor,model.language_model.layers.1.mlp.gate_proj,3,524663,9.418496524586397,524663
tensor,model.language_model.layers.1.mlp.gate_proj,4,160518,2.8815415326286766,160518
tensor,model.language_model.layers.1.mlp.gate_proj,5,38644,0.6937184053308824,38644
tensor,model.language_model.layers.1.mlp.gate_proj,6,7531,0.13519287109375,7531
tensor,model.language_model.layers.1.mlp.gate_proj,7,1257,0.02256505629595588,1257
tensor,model.language_model.layers.1.mlp.gate_proj,8,246,0.0044160730698529415,246
tensor,model.language_model.layers.1.mlp.gate_proj,9,52,0.0009334788602941177,52
tensor,model.language_model.layers.1.mlp.gate_proj,10,27,0.0004846909466911765,27
tensor,model.language_model.layers.1.mlp.gate_proj,11,7,0.00012566061580882352,7
tensor,model.language_model.layers.1.mlp.gate_proj,12,3,5.385454963235294e-05,3
tensor,model.language_model.layers.1.mlp.gate_proj,13,3,5.385454963235294e-05,3
tensor,model.language_model.layers.1.mlp.gate_proj,14,2,3.5903033088235295e-05,2
tensor,model.language_model.layers.1.mlp.gate_proj,15,1,1.7951516544117648e-05,1
tensor,model.language_model.layers.1.mlp.gate_proj,16,0,0.0,0
tensor,model.language_model.layers.1.mlp.up_proj,0,1566763,28.1257719152114,1566763
tensor,model.language_model.layers.1.mlp.up_proj,1,2000446,35.91103946461397,2000446
tensor,model.language_model.layers.1.mlp.up_proj,2,1266714,22.739437327665442,1266714
tensor,model.language_model.layers.1.mlp.up_proj,3,528200,9.481991038602942,528200
tensor,model.language_model.layers.1.mlp.up_proj,4,161116,2.892276539522059,161116
tensor,model.language_model.layers.1.mlp.up_proj,5,38683,0.6944185144761029,38683
tensor,model.language_model.layers.1.mlp.up_proj,6,7323,0.13145895565257354,7323
tensor,model.language_model.layers.1.mlp.up_proj,7,1102,0.019782571231617647,1102
tensor,model.language_model.layers.1.mlp.up_proj,8,169,0.003033806295955882,169
tensor,model.language_model.layers.1.mlp.up_proj,9,26,0.00046673943014705885,26
tensor,model.language_model.layers.1.mlp.up_proj,10,6,0.00010770909926470588,6
tensor,model.language_model.layers.1.mlp.up_proj,11,8,0.00014361213235294118,8
tensor,model.language_model.layers.1.mlp.up_proj,12,2,3.5903033088235295e-05,2
tensor,model.language_model.layers.1.mlp.up_proj,13,1,1.7951516544117648e-05,1
tensor,model.language_model.layers.1.mlp.up_proj,14,1,1.7951516544117648e-05,1
tensor,model.language_model.layers.1.mlp.up_proj,15,0,0.0,0
tensor,model.language_model.layers.1.mlp.up_proj,16,0,0.0,0
tensor,model.language_model.layers.10.mlp.down_proj,0,1559356,27.992805032169116,1559356
tensor,model.language_model.layers.10.mlp.down_proj,1,1995055,35.814262838924634,1995055
tensor,model.language_model.layers.10.mlp.down_proj,2,1268953,22.77963077320772,1268953
tensor,model.language_model.layers.10.mlp.down_proj,3,533210,9.571928136488971,533210
tensor,model.language_model.layers.10.mlp.down_proj,4,164660,2.9558967141544117,164660
tensor,model.language_model.layers.10.mlp.down_proj,5,39779,0.7140933766084558,39779
tensor,model.language_model.layers.10.mlp.down_proj,6,7796,0.13995002297794118,7796
tensor,model.language_model.layers.10.mlp.down_proj,7,1401,0.025150074678308824,1401
tensor,model.language_model.layers.10.mlp.down_proj,8,249,0.004469927619485294,249
tensor,model.language_model.layers.10.mlp.down_proj,9,64,0.0011488970588235295,64
tensor,model.language_model.layers.10.mlp.down_proj,10,25,0.00044878791360294115,25
tensor,model.language_model.layers.10.mlp.down_proj,11,7,0.00012566061580882352,7
tensor,model.language_model.layers.10.mlp.down_proj,12,3,5.385454963235294e-05,3
tensor,model.language_model.layers.10.mlp.down_proj,13,2,3.5903033088235295e-05,2
tensor,model.language_model.layers.10.mlp.down_proj,14,0,0.0,0
tensor,model.language_model.layers.10.mlp.down_proj,15,0,0.0,0
tensor,model.language_model.layers.10.mlp.down_proj,16,0,0.0,0
tensor,model.language_model.layers.10.mlp.gate_proj,0,1564065,28.077338723575366,1564065
tensor,model.language_model.layers.10.mlp.gate_proj,1,2001135,35.923408059512866,2001135
tensor,model.language_model.layers.10.mlp.gate_proj,2,1265733,22.721826889935663,1265733
tensor,model.language_model.layers.10.mlp.gate_proj,3,529067,9.497555003446692,529067
tensor,model.language_model.layers.10.mlp.gate_proj,4,162461,2.916421329273897,162461
tensor,model.language_model.layers.10.mlp.gate_proj,5,38805,0.6966085994944853,38805
tensor,model.language_model.layers.10.mlp.gate_proj,6,7606,0.13653923483455882,7606
tensor,model.language_model.layers.10.mlp.gate_proj,7,1372,0.02462948069852941,1372
tensor,model.language_model.layers.10.mlp.gate_proj,8,244,0.004380170036764706,244
tensor,model.language_model.layers.10.mlp.gate_proj,9,45,0.0008078182444852941,45
tensor,model.language_model.layers.10.mlp.gate_proj,10,18,0.00032312729779411764,18
tensor,model.language_model.layers.10.mlp.gate_proj,11,6,0.00010770909926470588,6
tensor,model.language_model.layers.10.mlp.gate_proj,12,3,5.385454963235294e-05,3
tensor,model.language_model.layers.10.mlp.gate_proj,13,0,0.0,0
tensor,model.language_model.layers.10.mlp.gate_proj,14,0,0.0,0
tensor,model.language_model.layers.10.mlp.gate_proj,15,0,0.0,0
tensor,model.language_model.layers.10.mlp.gate_proj,16,0,0.0,0
tensor,model.language_model.layers.10.mlp.up_proj,0,1558556,27.978443818933822,1558556
tensor,model.language_model.layers.10.mlp.up_proj,1,1998047,35.867973776424634,1998047
tensor,model.language_model.layers.10.mlp.up_proj,2,1270698,22.810956169577207,1270698
tensor,model.language_model.layers.10.mlp.up_proj,3,532606,9.561085420496324,532606
tensor,model.language_model.layers.10.mlp.up_proj,4,163237,2.9303517061121322,163237
tensor,model.language_model.layers.10.mlp.up_proj,5,38693,0.6945980296415442,38693
tensor,model.language_model.layers.10.mlp.up_proj,6,7377,0.13242833754595587,7377
tensor,model.language_model.layers.10.mlp.up_proj,7,1178,0.02114688648897059,1178
tensor,model.language_model.layers.10.mlp.up_proj,8,151,0.002710678998161765,151
tensor,model.language_model.layers.10.mlp.up_proj,9,16,0.00028722426470588236,16
tensor,model.language_model.layers.10.mlp.up_proj,10,1,1.7951516544117648e-05,1
tensor,model.language_model.layers.10.mlp.up_proj,11,0,0.0,0
tensor,model.language_model.layers.10.mlp.up_proj,12,0,0.0,0
tensor,model.language_model.layers.10.mlp.up_proj,13,0,0.0,0
tensor,model.language_model.layers.10.mlp.up_proj,14,0,0.0,0
tensor,model.language_model.layers.10.mlp.up_proj,15,0,0.0,0
tensor,model.language_model.layers.10.mlp.up_proj,16,0,0.0,0
tensor,model.language_model.layers.11.mlp.down_proj,0,1565244,28.098503561580884,1565244
tensor,model.language_model.layers.11.mlp.down_proj,1,1998946,35.8841121897978,1998946
tensor,model.language_model.layers.11.mlp.down_proj,2,1265814,22.723280962775736,1265814
tensor,model.language_model.layers.11.mlp.down_proj,3,529359,9.502796846277574,529359
tensor,model.language_model.layers.11.mlp.down_proj,4,163246,2.9305132697610294,163246
tensor,model.language_model.layers.11.mlp.down_proj,5,38988,0.6998937270220589,38988
tensor,model.language_model.layers.11.mlp.down_proj,6,7596,0.13635971966911764,7596
tensor,model.language_model.layers.11.mlp.down_proj,7,1157,0.02076990464154412,1157
tensor,model.language_model.layers.11.mlp.down_proj,8,180,0.0032312729779411763,180
tensor,model.language_model.layers.11.mlp.down_proj,9,24,0.0004308363970588235,24
tensor,model.language_model.layers.11.mlp.down_proj,10,2,3.5903033088235295e-05,2
tensor,model.language_model.layers.11.mlp.down_proj,11,4,7.180606617647059e-05,4
tensor,model.language_model.layers.11.mlp.down_proj,12,0,0.0,0
tensor,model.language_model.layers.11.mlp.down_proj,13,0,0.0,0
tensor,model.language_model.layers.11.mlp.down_proj,14,0,0.0,0
tensor,model.language_model.layers.11.mlp.down_proj,15,0,0.0,0
tensor,model.language_model.layers.11.mlp.down_proj,16,0,0.0,0
tensor,model.language_model.layers.11.mlp.gate_proj,0,1572906,28.236048081341913,1572906
tensor,model.language_model.layers.11.mlp.gate_proj,1,2004107,35.97675996668198,2004107
tensor,model.language_model.layers.11.mlp.gate_proj,2,1264273,22.69561767578125,1264273
tensor,model.language_model.layers.11.mlp.gate_proj,3,522041,9.371427648207721,522041
tensor,model.language_model.layers.11.mlp.gate_proj,4,160341,2.8783641142003678,160341
tensor,model.language_model.layers.11.mlp.gate_proj,5,38180,0.6853889016544118,38180
tensor,model.language_model.layers.11.mlp.gate_proj,6,7378,0.1324462890625,7378
tensor,model.language_model.layers.11.mlp.gate_proj,7,1141,0.020482680376838234,1141
tensor,model.language_model.layers.11.mlp.gate_proj,8,164,0.002944048713235294,164
tensor,model.language_model.layers.11.mlp.gate_proj,9,23,0.0004128848805147059,23
tensor,model.language_model.layers.11.mlp.gate_proj,10,3,5.385454963235294e-05,3
tensor,model.language_model.layers.11.mlp.gate_proj,11,2,3.5903033088235295e-05,2
tensor,model.language_model.layers.11.mlp.gate_proj,12,1,1.7951516544117648e-05,1
tensor,model.language_model.layers.11.mlp.gate_proj,13,0,0.0,0
tensor,model.language_model.layers.11.mlp.gate_proj,14,0,0.0,0
tensor,model.language_model.layers.11.mlp.gate_proj,15,0,0.0,0
tensor,model.language_model.layers.11.mlp.gate_proj,16,0,0.0,0
tensor,model.language_model.layers.11.mlp.up_proj,0,1564507,28.085273293887866,1564507
tensor,model.language_model.layers.11.mlp.up_proj,1,2005648,36.00442325367647,2005648
tensor,model.language_model.layers.11.mlp.up_proj,2,1266201,22.730228199678308,1266201
tensor,model.language_model.layers.11.mlp.up_proj,3,525628,9.435819738051471,525628
tensor,model.language_model.layers.11.mlp.up_proj,4,161281,2.8952385397518383,161281
tensor,model.language_model.layers.11.mlp.up_proj,5,38541,0.6918693991268382,38541
tensor,model.language_model.layers.11.mlp.up_proj,6,7404,0.13291302849264705,7404
tensor,model.language_model.layers.11.mlp.up_proj,7,1180,0.021182789522058824,1180
tensor,model.language_model.layers.11.mlp.up_proj,8,138,0.002477309283088235,138
tensor,model.language_model.layers.11.mlp.up_proj,9,28,0.0005026424632352941,28
tensor,model.language_model.layers.11.mlp.up_proj,10,4,7.180606617647059e-05,4
tensor,model.language_model.layers.11.mlp.up_proj,11,0,0.0,0
tensor,model.language_model.layers.11.mlp.up_proj,12,0,0.0,0
tensor,model.language_model.layers.11.mlp.up_proj,13,0,0.0,0
tensor,model.language_model.layers.11.mlp.up_proj,14,0,0.0,0
tensor,model.language_model.layers.11.mlp.up_proj,15,0,0.0,0
tensor,model.language_model.layers.11.mlp.up_proj,16,0,0.0,0
tensor,model.language_model.layers.12.mlp.down_proj,0,1564771,28.090012494255514,1564771
tensor,model.language_model.layers.12.mlp.down_proj,1,1998204,35.87079216452206,1998204
tensor,model.language_model.layers.12.mlp.down_proj,2,1268343,22.768680348115808,1268343
tensor,model.language_model.layers.12.mlp.down_proj,3,529226,9.500409294577207,529226
tensor,model.language_model.layers.12.mlp.down_proj,4,161817,2.9048605526194855,161817
tensor,model.language_model.layers.12.mlp.down_proj,5,39298,0.7054586971507353,39298
tensor,model.language_model.layers.12.mlp.down_proj,6,7436,0.13348747702205882,7436
tensor,model.language_model.layers.12.mlp.down_proj,7,1227,0.022026510799632353,1227
tensor,model.language_model.layers.12.mlp.down_proj,8,176,0.003159466911764706,176
tensor,model.language_model.layers.12.mlp.down_proj,9,50,0.0008975758272058823,50
tensor,model.language_model.layers.12.mlp.down_proj,10,5,8.975758272058824e-05,5
tensor,model.language_model.layers.12.mlp.down_proj,11,4,7.180606617647059e-05,4
tensor,model.language_model.layers.12.mlp.down_proj,12,1,1.7951516544117648e-05,1
tensor,model.language_model.layers.12.mlp.down_proj,13,2,3.5903033088235295e-05,2
tensor,model.language_model.layers.12.mlp.down_proj,14,0,0.0,0
tensor,model.language_model.layers.12.mlp.down_proj,15,0,0.0,0
tensor,model.language_model.layers.12.mlp.down_proj,16,0,0.0,0
tensor,model.language_model.layers.12.mlp.gate_proj,0,1574983,28.273333381204043,1574983
tensor,model.language_model.layers.12.mlp.gate_proj,1,2004098,35.97659840303309,2004098
tensor,model.language_model.layers.12.mlp.gate_proj,2,1260135,22.621334300321692,1260135
tensor,model.language_model.layers.12.mlp.gate_proj,3,523367,9.395231359145221,523367
tensor,model.language_model.layers.12.mlp.gate_proj,4,160555,2.882205738740809,160555
tensor,model.language_model.layers.12.mlp.gate_proj,5,38413,0.6895716050091911,38413
tensor,model.language_model.layers.12.mlp.gate_proj,6,7560,0.1357134650735294,7560
tensor,model.language_model.layers.12.mlp.gate_proj,7,1236,0.02218807444852941,1236
tensor,model.language_model.layers.12.mlp.gate_proj,8,175,0.003141515395220588,175
tensor,model.language_model.layers.12.mlp.gate_proj,9,24,0.0004308363970588235,24
tensor,model.language_model.layers.12.mlp.gate_proj,10,8,0.00014361213235294118,8
tensor,model.language_model.layers.12.mlp.gate_proj,11,4,7.180606617647059e-05,4
tensor,model.language_model.layers.12.mlp.gate_proj,12,2,3.5903033088235295e-05,2
tensor,model.language_model.layers.12.mlp.gate_proj,13,0,0.0,0
tensor,model.language_model.layers.12.mlp.gate_proj,14,0,0.0,0
tensor,model.language_model.layers.12.mlp.gate_proj,15,0,0.0,0
tensor,model.language_model.layers.12.mlp.gate_proj,16,0,0.0,0
tensor,model.language_model.layers.12.mlp.up_proj,0,1569377,28.17269717945772,1569377
tensor,model.language_model.layers.12.mlp.up_proj,1,2000246,35.907449161305145,2000246
tensor,model.language_model.layers.12.mlp.up_proj,2,1265646,22.720265107996322,1265646
tensor,model.language_model.layers.12.mlp.up_proj,3,526393,9.449552648207721,526393
tensor,model.language_model.layers.12.mlp.up_proj,4,161604,2.9010368795955883,161604
tensor,model.language_model.layers.12.mlp.up_proj,5,38653,0.6938799689797794,38653
tensor,model.language_model.layers.12.mlp.up_proj,6,7344,0.1318359375,7344
tensor,model.language_model.layers.12.mlp.up_proj,7,1140,0.02046472886029412,1140
tensor,model.language_model.layers.12.mlp.up_proj,8,148,0.002656824448529412,148
tensor,model.language_model.layers.12.mlp.up_proj,9,7,0.00012566061580882352,7
tensor,model.language_model.layers.12.mlp.up_proj,10,1,1.7951516544117648e-05,1
tensor,model.language_model.layers.12.mlp.up_proj,11,1,1.7951516544117648e-05,1
tensor,model.language_model.layers.12.mlp.up_proj,12,0,0.0,0
tensor,model.language_model.layers.12.mlp.up_proj,13,0,0.0,0
tensor,model.language_model.layers.12.mlp.up_proj,14,0,0.0,0
tensor,model.language_model.layers.12.mlp.up_proj,15,0,0.0,0
tensor,model.language_model.layers.12.mlp.up_proj,16,0,0.0,0
tensor,model.language_model.layers.13.mlp.down_proj,0,1561221,28.0262846105239,1561221
tensor,model.language_model.layers.13.mlp.down_proj,1,1999242,35.889425838694855,1999242
tensor,model.language_model.layers.13.mlp.down_proj,2,1268314,22.76815975413603,1268314
tensor,model.language_model.layers.13.mlp.down_proj,3,530864,9.529813878676471,530864
tensor,model.language_model.layers.13.mlp.down_proj,4,162969,2.925540699678309,162969
tensor,model.language_model.layers.13.mlp.down_proj,5,39116,0.7021915211397058,39116
tensor,model.language_model.layers.13.mlp.down_proj,6,7503,0.13469022863051472,7503
tensor,model.language_model.layers.13.mlp.down_proj,7,1167,0.020949419806985295,1167
tensor,model.language_model.layers.13.mlp.down_proj,8,138,0.002477309283088235,138
tensor,model.language_model.layers.13.mlp.down_proj,9,22,0.00039493336397058824,22
tensor,model.language_model.layers.13.mlp.down_proj,10,1,1.7951516544117648e-05,1
tensor,model.language_model.layers.13.mlp.down_proj,11,2,3.5903033088235295e-05,2
tensor,model.language_model.layers.13.mlp.down_proj,12,1,1.7951516544117648e-05,1
tensor,model.language_model.layers.13.mlp.down_proj,13,0,0.0,0
tensor,model.language_model.layers.13.mlp.down_proj,14,0,0.0,0
tensor,model.language_model.layers.13.mlp.down_proj,15,0,0.0,0
tensor,model.language_model.layers.13.mlp.down_proj,16,0,0.0,0
tensor,model.language_model.layers.13.mlp.gate_proj,0,1570645,28.195459702435663,1570645
tensor,model.language_model.layers.13.mlp.gate_proj,1,1999864,35.9005916819853,1999864
tensor,model.language_model.layers.13.mlp.gate_proj,2,1263909,22.689083323759192,1263909
tensor,model.language_model.layers.13.mlp.gate_proj,3,526605,9.453358369715074,526605
tensor,model.language_model.layers.13.mlp.gate_proj,4,161626,2.901431812959559,161626
tensor,model.language_model.layers.13.mlp.gate_proj,5,39164,0.7030531939338235,39164
tensor,model.language_model.layers.13.mlp.gate_proj,6,7456,0.13384650735294118,7456
tensor,model.language_model.layers.13.mlp.gate_proj,7,1129,0.020267262178308824,1129
tensor,model.language_model.layers.13.mlp.gate_proj,8,141,0.002531163832720588,141
tensor,model.language_model.layers.13.mlp.gate_proj,9,17,0.00030517578125,17
tensor,model.language_model.layers.13.mlp.gate_proj,10,2,3.5903033088235295e-05,2
tensor,model.language_model.layers.13.mlp.gate_proj,11,2,3.5903033088235295e-05,2
tensor,model.language_model.layers.13.mlp.gate_proj,12,0,0.0,0
tensor,model.language_model.layers.13.mlp.gate_proj,13,0,0.0,0
tensor,model.language_model.layers.13.mlp.gate_proj,14,0,0.0,0
tensor,model.language_model.layers.13.mlp.gate_proj,15,0,0.0,0
tensor,model.language_model.layers.13.mlp.gate_proj,16,0,0.0,0
tensor,model.language_model.layers.13.mlp.up_proj,0,1567891,28.146021225873163,1567891
tensor,model.language_model.layers.13.mlp.up_proj,1,1997432,35.85693359375,1997432
tensor,model.language_model.layers.13.mlp.up_proj,2,1266103,22.728468951056986,1266103
tensor,model.language_model.layers.13.mlp.up_proj,3,528872,9.494054457720589,528872
tensor,model.language_model.layers.13.mlp.up_proj,4,162663,2.920047535615809,162663
tensor,model.language_model.layers.13.mlp.up_proj,5,38936,0.6989602481617647,38936
tensor,model.language_model.layers.13.mlp.up_proj,6,7349,0.1319256950827206,7349
tensor,model.language_model.layers.13.mlp.up_proj,7,1136,0.020392922794117647,1136
tensor,model.language_model.layers.13.mlp.up_proj,8,158,0.002836339613970588,158
tensor,model.language_model.layers.13.mlp.up_proj,9,19,0.0003410788143382353,19
tensor,model.language_model.layers.13.mlp.up_proj,10,1,1.7951516544117648e-05,1
tensor,model.language_model.layers.13.mlp.up_proj,11,0,0.0,0
tensor,model.language_model.layers.13.mlp.up_proj,12,0,0.0,0
tensor,model.language_model.layers.13.mlp.up_proj,13,0,0.0,0
tensor,model.language_model.layers.13.mlp.up_proj,14,0,0.0,0
tensor,model.language_model.layers.13.mlp.up_proj,15,0,0.0,0
tensor,model.language_model.layers.13.mlp.up_proj,16,0,0.0,0
tensor,model.language_model.layers.14.mlp.down_proj,0,1562310,28.045833812040442,1562310
tensor,model.language_model.layers.14.mlp.down_proj,1,2002879,35.95471550436581,2002879
tensor,model.language_model.layers.14.mlp.down_proj,2,1267104,22.74643841911765,1267104
tensor,model.language_model.layers.14.mlp.down_proj,3,528499,9.487358542049632,528499
tensor,model.language_model.layers.14.mlp.down_proj,4,162661,2.9200116325827206,162661
tensor,model.language_model.layers.14.mlp.down_proj,5,38419,0.6896793141084558,38419
tensor,model.language_model.layers.14.mlp.down_proj,6,7344,0.1318359375,7344
tensor,model.language_model.layers.14.mlp.down_proj,7,1174,0.02107508042279412,1174
tensor,model.language_model.layers.14.mlp.down_proj,8,157,0.0028183880974264708,157
tensor,model.language_model.layers.14.mlp.down_proj,9,11,0.00019746668198529412,11
tensor,model.language_model.layers.14.mlp.down_proj,10,2,3.5903033088235295e-05,2
tensor,model.language_model.layers.14.mlp.down_proj,11,0,0.0,0
tensor,model.language_model.layers.14.mlp.down_proj,12,0,0.0,0
tensor,model.language_model.layers.14.mlp.down_proj,13,0,0.0,0
tensor,model.language_model.layers.14.mlp.down_proj,14,0,0.0,0
tensor,model.language_model.layers.14.mlp.down_proj,15,0,0.0,0
tensor,model.language_model.layers.14.mlp.down_proj,16,0,0.0,0
tensor,model.language_model.layers.14.mlp.gate_proj,0,1567436,28.137853285845587,1567436
tensor,model.language_model.layers.14.mlp.gate_proj,1,2000525,35.91245763442095,2000525
tensor,model.language_model.layers.14.mlp.gate_proj,2,1267208,22.748305376838236,1267208
tensor,model.language_model.layers.14.mlp.gate_proj,3,526570,9.452730066636029,526570
tensor,model.language_model.layers.14.mlp.gate_proj,4,161948,2.9072122012867645,161948
tensor,model.language_model.layers.14.mlp.gate_proj,5,38243,0.6865198471966911,38243
tensor,model.language_model.layers.14.mlp.gate_proj,6,7310,0.1312255859375,7310
tensor,model.language_model.layers.14.mlp.gate_proj,7,1143,0.02051858340992647,1143
tensor,model.language_model.layers.14.mlp.gate_proj,8,159,0.002854291130514706,159
tensor,model.language_model.layers.14.mlp.gate_proj,9,18,0.00032312729779411764,18
tensor,model.language_model.layers.14.mlp.gate_proj,10,0,0.0,0
tensor,model.language_model.layers.14.mlp.gate_proj,11,0,0.0,0
tensor,model.language_model.layers.14.mlp.gate_proj,12,0,0.0,0
tensor,model.language_model.layers.14.mlp.gate_proj,13,0,0.0,0
tensor,model.language_model.layers.14.mlp.gate_proj,14,0,0.0,0
tensor,model.language_model.layers.14.mlp.gate_proj,15,0,0.0,0
tensor,model.language_model.layers.14.mlp.gate_proj,16,0,0.0,0
tensor,model.language_model.layers.14.mlp.up_proj,0,1561024,28.022748161764707,1561024
tensor,model.language_model.layers.14.mlp.up_proj,1,1998518,35.87642894071691,1998518
tensor,model.language_model.layers.14.mlp.up_proj,2,1270509,22.807563332950366,1270509
tensor,model.language_model.layers.14.mlp.up_proj,3,530480,9.522920496323529,530480
tensor,model.language_model.layers.14.mlp.up_proj,4,162556,2.9181267233455883,162556
tensor,model.language_model.layers.14.mlp.up_proj,5,38796,0.6964470358455882,38796
tensor,model.language_model.layers.14.mlp.up_proj,6,7406,0.13294893152573528,7406
tensor,model.language_model.layers.14.mlp.up_proj,7,1078,0.019351734834558824,1078
tensor,model.language_model.layers.14.mlp.up_proj,8,170,0.0030517578125,170
tensor,model.language_model.layers.14.mlp.up_proj,9,23,0.0004128848805147059,23
tensor,model.language_model.layers.14.mlp.up_proj,10,0,0.0,0
tensor,model.language_model.layers.14.mlp.up_proj,11,0,0.0,0
tensor,model.language_model.layers.14.mlp.up_proj,12,0,0.0,0
tensor,model.language_model.layers.14.mlp.up_proj,13,0,0.0,0
tensor,model.language_model.layers.14.mlp.up_proj,14,0,0.0,0
tensor,model.language_model.layers.14.mlp.up_proj,15,0,0.0,0
tensor,model.language_model.layers.14.mlp.up_proj,16,0,0.0,0
tensor,model.language_model.layers.15.mlp.down_proj,0,1560027,28.00485049977022,1560027
tensor,model.language_model.layers.15.mlp.down_proj,1,1998042,35.86788401884191,1998042
tensor,model.language_model.layers.15.mlp.down_proj,2,1268730,22.775627585018384,1268730
tensor,model.language_model.layers.15.mlp.down_proj,3,532242,9.554551068474264,532242
tensor,model.language_model.layers.15.mlp.down_proj,4,163191,2.929525936351103,163191
tensor,model.language_model.layers.15.mlp.down_proj,5,39319,0.7058356789981618,39319
tensor,model.language_model.layers.15.mlp.down_proj,6,7548,0.135498046875,7548
tensor,model.language_model.layers.15.mlp.down_proj,7,1245,0.02234963809742647,1245
tensor,model.language_model.layers.15.mlp.down_proj,8,189,0.003392836626838235,189
tensor,model.language_model.layers.15.mlp.down_proj,9,22,0.00039493336397058824,22
tensor,model.language_model.layers.15.mlp.down_proj,10,4,7.180606617647059e-05,4
tensor,model.language_model.layers.15.mlp.down_proj,11,1,1.7951516544117648e-05,1
tensor,model.language_model.layers.15.mlp.down_proj,12,0,0.0,0
tensor,model.language_model.layers.15.mlp.down_proj,13,0,0.0,0
tensor,model.language_model.layers.15.mlp.down_proj,14,0,0.0,0
tensor,model.language_model.layers.15.mlp.down_proj,15,0,0.0,0
tensor,model.language_model.layers.15.mlp.down_proj,16,0,0.0,0
tensor,model.language_model.layers.15.mlp.gate_proj,0,1571468,28.21023380055147,1571468
tensor,model.language_model.layers.15.mlp.gate_proj,1,1999329,35.89098762063419,1999329
tensor,model.language_model.layers.15.mlp.gate_proj,2,1262995,22.672675637637866,1262995
tensor,model.language_model.layers.15.mlp.gate_proj,3,528184,9.481703814338236,528184
tensor,model.language_model.layers.15.mlp.gate_proj,4,161041,2.89093017578125,161041
tensor,model.language_model.layers.15.mlp.gate_proj,5,38881,0.6979729147518382,38881
tensor,model.language_model.layers.15.mlp.gate_proj,6,7309,0.13120763442095587,7309
tensor,model.language_model.layers.15.mlp.gate_proj,7,1169,0.02098532284007353,1169
tensor,model.language_model.layers.15.mlp.gate_proj,8,157,0.0028183880974264708,157
tensor,model.language_model.layers.15.mlp.gate_proj,9,22,0.00039493336397058824,22
tensor,model.language_model.layers.15.mlp.gate_proj,10,4,7.180606617647059e-05,4
tensor,model.language_model.layers.15.mlp.gate_proj,11,1,1.7951516544117648e-05,1
tensor,model.language_model.layers.15.mlp.gate_proj,12,0,0.0,0
tensor,model.language_model.layers.15.mlp.gate_proj,13,0,0.0,0
tensor,model.language_model.layers.15.mlp.gate_proj,14,0,0.0,0
tensor,model.language_model.layers.15.mlp.gate_proj,15,0,0.0,0
tensor,model.language_model.layers.15.mlp.gate_proj,16,0,0.0,0
tensor,model.language_model.layers.15.mlp.up_proj,0,1563041,28.058956370634192,1563041
tensor,model.language_model.layers.15.mlp.up_proj,1,1997866,35.864724551930145,1997866
tensor,model.language_model.layers.15.mlp.up_proj,2,1268314,22.76815975413603,1268314
tensor,model.language_model.layers.15.mlp.up_proj,3,530339,9.520389332490808,530339
tensor,model.language_model.layers.15.mlp.up_proj,4,162904,2.924373851102941,162904
tensor,model.language_model.layers.15.mlp.up_proj,5,39305,0.7055843577665442,39305
tensor,model.language_model.layers.15.mlp.up_proj,6,7430,0.13337976792279413,7430
tensor,model.language_model.layers.15.mlp.up_proj,7,1202,0.02157772288602941,1202
tensor,model.language_model.layers.15.mlp.up_proj,8,136,0.00244140625,136
tensor,model.language_model.layers.15.mlp.up_proj,9,20,0.00035903033088235297,20
tensor,model.language_model.layers.15.mlp.up_proj,10,3,5.385454963235294e-05,3
tensor,model.language_model.layers.15.mlp.up_proj,11,0,0.0,0
tensor,model.language_model.layers.15.mlp.up_proj,12,0,0.0,0
tensor,model.language_model.layers.15.mlp.up_proj,13,0,0.0,0
tensor,model.language_model.layers.15.mlp.up_proj,14,0,0.0,0
tensor,model.language_model.layers.15.mlp.up_proj,15,0,0.0,0
tensor,model.language_model.layers.15.mlp.up_proj,16,0,0.0,0
tensor,model.language_model.layers.16.mlp.down_proj,0,1562036,28.04091509650735,1562036
tensor,model.language_model.layers.16.mlp.down_proj,1,1996044,35.83201688878677,1996044
tensor,model.language_model.layers.16.mlp.down_proj,2,1267455,22.752739401424634,1267455
tensor,model.language_model.layers.16.mlp.down_proj,3,530656,9.526079963235293,530656
tensor,model.language_model.layers.16.mlp.down_proj,4,165046,2.962825999540441,165046
tensor,model.language_model.layers.16.mlp.down_proj,5,39964,0.7174144071691176,39964
tensor,model.language_model.layers.16.mlp.down_proj,6,7895,0.14172722311580882,7895
tensor,model.language_model.layers.16.mlp.down_proj,7,1277,0.022924086626838234,1277
tensor,model.language_model.layers.16.mlp.down_proj,8,165,0.002962000229779412,165
tensor,model.language_model.layers.16.mlp.down_proj,9,19,0.0003410788143382353,19
tensor,model.language_model.layers.16.mlp.down_proj,10,2,3.5903033088235295e-05,2
tensor,model.language_model.layers.16.mlp.down_proj,11,1,1.7951516544117648e-05,1
tensor,model.language_model.layers.16.mlp.down_proj,12,0,0.0,0
tensor,model.language_model.layers.16.mlp.down_proj,13,0,0.0,0
tensor,model.language_model.layers.16.mlp.down_proj,14,0,0.0,0
tensor,model.language_model.layers.16.mlp.down_proj,15,0,0.0,0
tensor,model.language_model.layers.16.mlp.down_proj,16,0,0.0,0
tensor,model.language_model.layers.16.mlp.gate_proj,0,1568522,28.1573486328125,1568522
tensor,model.language_model.layers.16.mlp.gate_proj,1,1996904,35.8474551930147,1996904
tensor,model.language_model.layers.16.mlp.gate_proj,2,1266553,22.736547133501837,1266553
tensor,model.language_model.layers.16.mlp.gate_proj,3,528194,9.481883329503676,528194
tensor,model.language_model.layers.16.mlp.gate_proj,4,162538,2.917803596047794,162538
tensor,model.language_model.layers.16.mlp.gate_proj,5,38955,0.6993013269761029,38955
tensor,model.language_model.layers.16.mlp.gate_proj,6,7485,0.1343671013327206,7485
tensor,model.language_model.layers.16.mlp.gate_proj,7,1230,0.022080365349264705,1230
tensor,model.language_model.layers.16.mlp.gate_proj,8,153,0.00274658203125,153
tensor,model.language_model.layers.16.mlp.gate_proj,9,19,0.0003410788143382353,19
tensor,model.language_model.layers.16.mlp.gate_proj,10,5,8.975758272058824e-05,5
tensor,model.language_model.layers.16.mlp.gate_proj,11,2,3.5903033088235295e-05,2
tensor,model.language_model.layers.16.mlp.gate_proj,12,0,0.0,0
tensor,model.language_model.layers.16.mlp.gate_proj,13,0,0.0,0
tensor,model.language_model.layers.16.mlp.gate_proj,14,0,0.0,0
tensor,model.language_model.layers.16.mlp.gate_proj,15,0,0.0,0
tensor,model.language_model.layers.16.mlp.gate_proj,16,0,0.0,0
tensor,model.language_model.layers.16.mlp.up_proj,0,1564362,28.08267032398897,1564362
tensor,model.language_model.layers.16.mlp.up_proj,1,1997360,35.855641084558826,1997360
tensor,model.language_model.layers.16.mlp.up_proj,2,1266238,22.730892405790442,1266238
tensor,model.language_model.layers.16.mlp.up_proj,3,531084,9.533763212316176,531084
tensor,model.language_model.layers.16.mlp.up_proj,4,163550,2.935970530790441,163550
tensor,model.language_model.layers.16.mlp.up_proj,5,39088,0.7016888786764706,39088
tensor,model.language_model.layers.16.mlp.up_proj,6,7464,0.13399011948529413,7464
tensor,model.language_model.layers.16.mlp.up_proj,7,1219,0.02188289866727941,1219
tensor,model.language_model.layers.16.mlp.up_proj,8,169,0.003033806295955882,169
tensor,model.language_model.layers.16.mlp.up_proj,9,25,0.00044878791360294115,25
tensor,model.language_model.layers.16.mlp.up_proj,10,1,1.7951516544117648e-05,1
tensor,model.language_model.layers.16.mlp.up_proj,11,0,0.0,0
tensor,model.language_model.layers.16.mlp.up_proj,12,0,0.0,0
tensor,model.language_model.layers.16.mlp.up_proj,13,0,0.0,0
tensor,model.language_model.layers.16.mlp.up_proj,14,0,0.0,0
tensor,model.language_model.layers.16.mlp.up_proj,15,0,0.0,0
tensor,model.language_model.layers.16.mlp.up_proj,16,0,0.0,0
tensor,model.language_model.layers.17.mlp.down_proj,0,1554436,27.904483570772058,1554436
tensor,model.language_model.layers.17.mlp.down_proj,1,1997425,35.85680793313419,1997425
tensor,model.language_model.layers.17.mlp.down_proj,2,1269472,22.788947610294116,1269472
tensor,model.language_model.layers.17.mlp.down_proj,3,533754,9.581693761488971,533754
tensor,model.language_model.layers.17.mlp.down_proj,4,165442,2.9699348000919117,165442
tensor,model.language_model.layers.17.mlp.down_proj,5,40296,0.7233743106617647,40296
tensor,model.language_model.layers.17.mlp.down_proj,6,8097,0.1453534294577206,8097
tensor,model.language_model.layers.17.mlp.down_proj,7,1364,0.02448586856617647,1364
tensor,model.language_model.layers.17.mlp.down_proj,8,217,0.0038954790900735292,217
tensor,model.language_model.layers.17.mlp.down_proj,9,45,0.0008078182444852941,45
tensor,model.language_model.layers.17.mlp.down_proj,10,8,0.00014361213235294118,8
tensor,model.language_model.layers.17.mlp.down_proj,11,3,5.385454963235294e-05,3
tensor,model.language_model.layers.17.mlp.down_proj,12,1,1.7951516544117648e-05,1
tensor,model.language_model.layers.17.mlp.down_proj,13,0,0.0,0
tensor,model.language_model.layers.17.mlp.down_proj,14,0,0.0,0
tensor,model.language_model.layers.17.mlp.down_proj,15,0,0.0,0
tensor,model.language_model.layers.17.mlp.down_proj,16,0,0.0,0
tensor,model.language_model.layers.17.mlp.gate_proj,0,1570236,28.188117532169116,1570236
tensor,model.language_model.layers.17.mlp.gate_proj,1,2002774,35.952830595128674,2002774
tensor,model.language_model.layers.17.mlp.gate_proj,2,1263784,22.686839384191178,1263784
tensor,model.language_model.layers.17.mlp.gate_proj,3,525046,9.425371955422793,525046
tensor,model.language_model.layers.17.mlp.gate_proj,4,161330,2.8961181640625,161330
tensor,model.language_model.layers.17.mlp.gate_proj,5,38435,0.6899665383731618,38435
tensor,model.language_model.layers.17.mlp.gate_proj,6,7505,0.13472613166360295,7505
tensor,model.language_model.layers.17.mlp.gate_proj,7,1220,0.02190085018382353,1220
tensor,model.language_model.layers.17.mlp.gate_proj,8,200,0.0035903033088235292,200
tensor,model.language_model.layers.17.mlp.gate_proj,9,26,0.00046673943014705885,26
tensor,model.language_model.layers.17.mlp.gate_proj,10,1,1.7951516544117648e-05,1
tensor,model.language_model.layers.17.mlp.gate_proj,11,2,3.5903033088235295e-05,2
tensor,model.language_model.layers.17.mlp.gate_proj,12,1,1.7951516544117648e-05,1
tensor,model.language_model.layers.17.mlp.gate_proj,13,0,0.0,0
tensor,model.language_model.layers.17.mlp.gate_proj,14,0,0.0,0
tensor,model.language_model.layers.17.mlp.gate_proj,15,0,0.0,0
tensor,model.language_model.layers.17.mlp.gate_proj,16,0,0.0,0
tensor,model.language_model.layers.17.mlp.up_proj,0,1561593,28.032962574678308,1561593
tensor,model.language_model.layers.17.mlp.up_proj,1,2001170,35.92403636259191,2001170
tensor,model.language_model.layers.17.mlp.up_proj,2,1267808,22.759076286764707,1267808
tensor,model.language_model.layers.17.mlp.up_proj,3,529132,9.498721852022058,529132
tensor,model.language_model.layers.17.mlp.up_proj,4,162640,2.919634650735294,162640
tensor,model.language_model.layers.17.mlp.up_proj,5,39213,0.7039328182444853,39213
tensor,model.language_model.layers.17.mlp.up_proj,6,7544,0.13542624080882354,7544
tensor,model.language_model.layers.17.mlp.up_proj,7,1236,0.02218807444852941,1236
tensor,model.language_model.layers.17.mlp.up_proj,8,190,0.003410788143382353,190
tensor,model.language_model.layers.17.mlp.up_proj,9,26,0.00046673943014705885,26
tensor,model.language_model.layers.17.mlp.up_proj,10,5,8.975758272058824e-05,5
tensor,model.language_model.layers.17.mlp.up_proj,11,2,3.5903033088235295e-05,2
tensor,model.language_model.layers.17.mlp.up_proj,12,0,0.0,0
tensor,model.language_model.layers.17.mlp.up_proj,13,1,1.7951516544117648e-05,1
tensor,model.language_model.layers.17.mlp.up_proj,14,0,0.0,0
tensor,model.language_model.layers.17.mlp.up_proj,15,0,0.0,0
tensor,model.language_model.layers.17.mlp.up_proj,16,0,0.0,0
tensor,model.language_model.layers.18.mlp.down_proj,0,1525341,27.382184196920957,1525341
tensor,model.language_model.layers.18.mlp.down_proj,1,1979896,35.542135799632355,1979896
tensor,model.language_model.layers.18.mlp.down_proj,2,1281219,22.999824075137866,1281219
tensor,model.language_model.layers.18.mlp.down_proj,3,549084,9.856890510110293,549084
tensor,model.language_model.layers.18.mlp.down_proj,4,175748,3.1549431295955883,175748
tensor,model.language_model.layers.18.mlp.down_proj,5,45083,0.8093082203584558,45083
tensor,model.language_model.layers.18.mlp.down_proj,6,10137,0.1819745232077206,10137
tensor,model.language_model.layers.18.mlp.down_proj,7,2276,0.04085765165441176,2276
tensor,model.language_model.layers.18.mlp.down_proj,8,770,0.013822667738970588,770
tensor,model.language_model.layers.18.mlp.down_proj,9,376,0.006749770220588236,376
tensor,model.language_model.layers.18.mlp.down_proj,10,223,0.004003188189338236,223
tensor,model.language_model.layers.18.mlp.down_proj,11,148,0.002656824448529412,148
tensor,model.language_model.layers.18.mlp.down_proj,12,109,0.0019567153033088237,109
tensor,model.language_model.layers.18.mlp.down_proj,13,72,0.0012925091911764705,72
tensor,model.language_model.layers.18.mlp.down_proj,14,53,0.0009514303768382353,53
tensor,model.language_model.layers.18.mlp.down_proj,15,25,0.00044878791360294115,25
tensor,model.language_model.layers.18.mlp.down_proj,16,0,0.0,0
tensor,model.language_model.layers.18.mlp.gate_proj,0,1554928,27.913315716911764,1554928
tensor,model.language_model.layers.18.mlp.gate_proj,1,1994158,35.79816032858456,1994158
tensor,model.language_model.layers.18.mlp.gate_proj,2,1270896,22.814510569852942,1270896
tensor,model.language_model.layers.18.mlp.gate_proj,3,533366,9.574728573069853,533366
tensor,model.language_model.layers.18.mlp.gate_proj,4,165491,2.9708144244025734,165491
tensor,model.language_model.layers.18.mlp.gate_proj,5,40753,0.7315781537224265,40753
tensor,model.language_model.layers.18.mlp.gate_proj,6,8460,0.15186982996323528,8460
tensor,model.language_model.layers.18.mlp.gate_proj,7,1767,0.031720329733455885,1767
tensor,model.language_model.layers.18.mlp.gate_proj,8,421,0.00755758846507353,421
tensor,model.language_model.layers.18.mlp.gate_proj,9,165,0.002962000229779412,165
tensor,model.language_model.layers.18.mlp.gate_proj,10,84,0.0015079273897058824,84
tensor,model.language_model.layers.18.mlp.gate_proj,11,37,0.000664206112132353,37
tensor,model.language_model.layers.18.mlp.gate_proj,12,17,0.00030517578125,17
tensor,model.language_model.layers.18.mlp.gate_proj,13,7,0.00012566061580882352,7
tensor,model.language_model.layers.18.mlp.gate_proj,14,2,3.5903033088235295e-05,2
tensor,model.language_model.layers.18.mlp.gate_proj,15,8,0.00014361213235294118,8
tensor,model.language_model.layers.18.mlp.gate_proj,16,0,0.0,0
tensor,model.language_model.layers.18.mlp.up_proj,0,1550122,27.827040728400736,1550122
tensor,model.language_model.layers.18.mlp.up_proj,1,1995063,35.81440645105698,1995063
tensor,model.language_model.layers.18.mlp.up_proj,2,1274348,22.876479204963236,1274348
tensor,model.language_model.layers.18.mlp.up_proj,3,534892,9.602122587316176,534892
tensor,model.language_model.layers.18.mlp.up_proj,4,166042,2.9807057100183822,166042
tensor,model.language_model.layers.18.mlp.up_proj,5,40380,0.7248822380514706,40380
tensor,model.language_model.layers.18.mlp.up_proj,6,7947,0.14266070197610295,7947
tensor,model.language_model.layers.18.mlp.up_proj,7,1381,0.02479104434742647,1381
tensor,model.language_model.layers.18.mlp.up_proj,8,226,0.004057042738970588,226
tensor,model.language_model.layers.18.mlp.up_proj,9,57,0.001023236443014706,57
tensor,model.language_model.layers.18.mlp.up_proj,10,31,0.000556497012867647,31
tensor,model.language_model.layers.18.mlp.up_proj,11,23,0.0004128848805147059,23
tensor,model.language_model.layers.18.mlp.up_proj,12,18,0.00032312729779411764,18
tensor,model.language_model.layers.18.mlp.up_proj,13,12,0.00021541819852941176,12
tensor,model.language_model.layers.18.mlp.up_proj,14,11,0.00019746668198529412,11
tensor,model.language_model.layers.18.mlp.up_proj,15,7,0.00012566061580882352,7
tensor,model.language_model.layers.18.mlp.up_proj,16,0,0.0,0
tensor,model.language_model.layers.19.mlp.down_proj,0,1544848,27.732364430147058,1544848
tensor,model.language_model.layers.19.mlp.down_proj,1,1988469,35.696034150965076,1988469
tensor,model.language_model.layers.19.mlp.down_proj,2,1276677,22.918288286994486,1276677
tensor,model.language_model.layers.19.mlp.down_proj,3,541080,9.713206571691176,541080
tensor,model.language_model.layers.19.mlp.down_proj,4,167892,3.013916015625,167892
tensor,model.language_model.layers.19.mlp.down_proj,5,41436,0.7438390395220589,41436
tensor,model.language_model.layers.19.mlp.down_proj,6,8281,0.14865650850183823,8281
tensor,model.language_model.layers.19.mlp.down_proj,7,1506,0.027034983915441176,1506
tensor,model.language_model.layers.19.mlp.down_proj,8,273,0.004900764016544118,273
tensor,model.language_model.layers.19.mlp.down_proj,9,68,0.001220703125,68
tensor,model.language_model.layers.19.mlp.down_proj,10,15,0.0002692727481617647,15
tensor,model.language_model.layers.19.mlp.down_proj,11,11,0.00019746668198529412,11
tensor,model.language_model.layers.19.mlp.down_proj,12,1,1.7951516544117648e-05,1
tensor,model.language_model.layers.19.mlp.down_proj,13,2,3.5903033088235295e-05,2
tensor,model.language_model.layers.19.mlp.down_proj,14,1,1.7951516544117648e-05,1
tensor,model.language_model.layers.19.mlp.down_proj,15,0,0.0,0
tensor,model.language_model.layers.19.mlp.down_proj,16,0,0.0,0
tensor,model.language_model.layers.19.mlp.gate_proj,0,1566385,28.11898624195772,1566385
tensor,model.language_model.layers.19.mlp.gate_proj,1,2001800,35.9353458180147,2001800
tensor,model.language_model.layers.19.mlp.gate_proj,2,1267078,22.7459716796875,1267078
tensor,model.language_model.layers.19.mlp.gate_proj,3,526598,9.453232709099264,526598
tensor,model.language_model.layers.19.mlp.gate_proj,4,161327,2.8960643095128678,161327
tensor,model.language_model.layers.19.mlp.gate_proj,5,38457,0.6903614717371324,38457
tensor,model.language_model.layers.19.mlp.gate_proj,6,7513,0.13486974379595587,7513
tensor,model.language_model.layers.19.mlp.gate_proj,7,1211,0.02173928653492647,1211
tensor,model.language_model.layers.19.mlp.gate_proj,8,162,0.002908145680147059,162
tensor,model.language_model.layers.19.mlp.gate_proj,9,24,0.0004308363970588235,24
tensor,model.language_model.layers.19.mlp.gate_proj,10,4,7.180606617647059e-05,4
tensor,model.language_model.layers.19.mlp.gate_proj,11,1,1.7951516544117648e-05,1
tensor,model.language_model.layers.19.mlp.gate_proj,12,0,0.0,0
tensor,model.language_model.layers.19.mlp.gate_proj,13,0,0.0,0
tensor,model.language_model.layers.19.mlp.gate_proj,14,0,0.0,0
tensor,model.language_model.layers.19.mlp.gate_proj,15,0,0.0,0
tensor,model.language_model.layers.19.mlp.gate_proj,16,0,0.0,0
tensor,model.language_model.layers.19.mlp.up_proj,0,1552179,27.863966997931986,1552179
tensor,model.language_model.layers.19.mlp.up_proj,1,1998064,35.868278952205884,1998064
tensor,model.language_model.layers.19.mlp.up_proj,2,1274962,22.887501436121322,1274962
tensor,model.language_model.layers.19.mlp.up_proj,3,532514,9.559433880974264,532514
tensor,model.language_model.layers.19.mlp.up_proj,4,164298,2.949398265165441,164298
tensor,model.language_model.layers.19.mlp.up_proj,5,39402,0.7073256548713235,39402
tensor,model.language_model.layers.19.mlp.up_proj,6,7729,0.13874727136948528,7729
tensor,model.language_model.layers.19.mlp.up_proj,7,1232,0.022116268382352942,1232
tensor,model.language_model.layers.19.mlp.up_proj,8,163,0.0029260971966911763,163
tensor,model.language_model.layers.19.mlp.up_proj,9,16,0.00028722426470588236,16
tensor,model.language_model.layers.19.mlp.up_proj,10,1,1.7951516544117648e-05,1
tensor,model.language_model.layers.19.mlp.up_proj,11,0,0.0,0
tensor,model.language_model.layers.19.mlp.up_proj,12,0,0.0,0
tensor,model.language_model.layers.19.mlp.up_proj,13,0,0.0,0
tensor,model.language_model.layers.19.mlp.up_proj,14,0,0.0,0
tensor,model.language_model.layers.19.mlp.up_proj,15,0,0.0,0
tensor,model.language_model.layers.19.mlp.up_proj,16,0,0.0,0
tensor,model.language_model.layers.2.mlp.down_proj,0,1562024,28.040699678308822,1562024
tensor,model.language_model.layers.2.mlp.down_proj,1,1996102,35.833058076746326,1996102
tensor,model.language_model.layers.2.mlp.down_proj,2,1269003,22.780528349034928,1269003
tensor,model.language_model.layers.2.mlp.down_proj,3,531165,9.53521728515625,531165
tensor,model.language_model.layers.2.mlp.down_proj,4,163888,2.942038143382353,163888
tensor,model.language_model.layers.2.mlp.down_proj,5,39165,0.7030711454503676,39165
tensor,model.language_model.layers.2.mlp.down_proj,6,7738,0.13890883501838236,7738
tensor,model.language_model.layers.2.mlp.down_proj,7,1227,0.022026510799632353,1227
tensor,model.language_model.layers.2.mlp.down_proj,8,192,0.003446691176470588,192
tensor,model.language_model.layers.2.mlp.down_proj,9,37,0.000664206112132353,37
tensor,model.language_model.layers.2.mlp.down_proj,10,8,0.00014361213235294118,8
tensor,model.language_model.layers.2.mlp.down_proj,11,7,0.00012566061580882352,7
tensor,model.language_model.layers.2.mlp.down_proj,12,2,3.5903033088235295e-05,2
tensor,model.language_model.layers.2.mlp.down_proj,13,2,3.5903033088235295e-05,2
tensor,model.language_model.layers.2.mlp.down_proj,14,0,0.0,0
tensor,model.language_model.layers.2.mlp.down_proj,15,0,0.0,0
tensor,model.language_model.layers.2.mlp.down_proj,16,0,0.0,0
tensor,model.language_model.layers.2.mlp.gate_proj,0,1581377,28.388115377987134,1581377
tensor,model.language_model.layers.2.mlp.gate_proj,1,2002101,35.94074922449448,2002101
tensor,model.language_model.layers.2.mlp.gate_proj,2,1258178,22.58620318244485,1258178
tensor,model.language_model.layers.2.mlp.gate_proj,3,522029,9.371212230009192,522029
tensor,model.language_model.layers.2.mlp.gate_proj,4,159964,2.8715963924632355,159964
tensor,model.language_model.layers.2.mlp.gate_proj,5,38267,0.68695068359375,38267
tensor,model.language_model.layers.2.mlp.gate_proj,6,7284,0.13075884650735295,7284
tensor,model.language_model.layers.2.mlp.gate_proj,7,1153,0.020698098575367647,1153
tensor,model.language_model.layers.2.mlp.gate_proj,8,163,0.0029260971966911763,163
tensor,model.language_model.layers.2.mlp.gate_proj,9,32,0.0005744485294117647,32
tensor,model.language_model.layers.2.mlp.gate_proj,10,5,8.975758272058824e-05,5
tensor,model.language_model.layers.2.mlp.gate_proj,11,7,0.00012566061580882352,7
tensor,model.language_model.layers.2.mlp.gate_proj,12,0,0.0,0
tensor,model.language_model.layers.2.mlp.gate_proj,13,0,0.0,0
tensor,model.language_model.layers.2.mlp.gate_proj,14,0,0.0,0
tensor,model.language_model.layers.2.mlp.gate_proj,15,0,0.0,0
tensor,model.language_model.layers.2.mlp.gate_proj,16,0,0.0,0
tensor,model.language_model.layers.2.mlp.up_proj,0,1571258,28.206463982077207,1571258
tensor,model.language_model.layers.2.mlp.up_proj,1,2000341,35.90915455537684,2000341
tensor,model.language_model.layers.2.mlp.up_proj,2,1263366,22.679335650275736,1263366
tensor,model.language_model.layers.2.mlp.up_proj,3,526226,9.446554744944853,526226
tensor,model.language_model.layers.2.mlp.up_proj,4,161650,2.9018626493566178,161650
tensor,model.language_model.layers.2.mlp.up_proj,5,38720,0.6950827205882353,38720
tensor,model.language_model.layers.2.mlp.up_proj,6,7547,0.13548009535845587,7547
tensor,model.language_model.layers.2.mlp.up_proj,7,1269,0.022780474494485295,1269
tensor,model.language_model.layers.2.mlp.up_proj,8,159,0.002854291130514706,159
tensor,model.language_model.layers.2.mlp.up_proj,9,20,0.00035903033088235297,20
tensor,model.language_model.layers.2.mlp.up_proj,10,3,5.385454963235294e-05,3
tensor,model.language_model.layers.2.mlp.up_proj,11,1,1.7951516544117648e-05,1
tensor,model.language_model.layers.2.mlp.up_proj,12,0,0.0,0
tensor,model.language_model.layers.2.mlp.up_proj,13,0,0.0,0
tensor,model.language_model.layers.2.mlp.up_proj,14,0,0.0,0
tensor,model.language_model.layers.2.mlp.up_proj,15,0,0.0,0
tensor,model.language_model.layers.2.mlp.up_proj,16,0,0.0,0
tensor,model.language_model.layers.20.mlp.down_proj,0,1560588,28.01492130055147,1560588
tensor,model.language_model.layers.20.mlp.down_proj,1,1993141,35.77990363625919,1993141
tensor,model.language_model.layers.20.mlp.down_proj,2,1268582,22.77297076056985,1268582
tensor,model.language_model.layers.20.mlp.down_proj,3,532468,9.558608111213236,532468
tensor,model.language_model.layers.20.mlp.down_proj,4,165861,2.977456485523897,165861
tensor,model.language_model.layers.20.mlp.down_proj,5,40464,0.7263901654411765,40464
tensor,model.language_model.layers.20.mlp.down_proj,6,7867,0.14122458065257354,7867
tensor,model.language_model.layers.20.mlp.down_proj,7,1344,0.02412683823529412,1344
tensor,model.language_model.layers.20.mlp.down_proj,8,197,0.0035364487591911763,197
tensor,model.language_model.layers.20.mlp.down_proj,9,39,0.0007001091452205882,39
tensor,model.language_model.layers.20.mlp.down_proj,10,6,0.00010770909926470588,6
tensor,model.language_model.layers.20.mlp.down_proj,11,1,1.7951516544117648e-05,1
tensor,model.language_model.layers.20.mlp.down_proj,12,1,1.7951516544117648e-05,1
tensor,model.language_model.layers.20.mlp.down_proj,13,1,1.7951516544117648e-05,1
tensor,model.language_model.layers.20.mlp.down_proj,14,0,0.0,0
tensor,model.language_model.layers.20.mlp.down_proj,15,0,0.0,0
tensor,model.language_model.layers.20.mlp.down_proj,16,0,0.0,0
tensor,model.language_model.layers.20.mlp.gate_proj,0,1568560,28.158030790441178,1568560
tensor,model.language_model.layers.20.mlp.gate_proj,1,2001750,35.9344482421875,2001750
tensor,model.language_model.layers.20.mlp.gate_proj,2,1267225,22.748610552619486,1267225
tensor,model.language_model.layers.20.mlp.gate_proj,3,525355,9.430918974034926,525355
tensor,model.language_model.layers.20.mlp.gate_proj,4,160913,2.888632381663603,160913
tensor,model.language_model.layers.20.mlp.gate_proj,5,38098,0.6839168772977942,38098
tensor,model.language_model.layers.20.mlp.gate_proj,6,7347,0.13188979204963236,7347
tensor,model.language_model.layers.20.mlp.gate_proj,7,1132,0.020321116727941176,1132
tensor,model.language_model.layers.20.mlp.gate_proj,8,148,0.002656824448529412,148
tensor,model.language_model.layers.20.mlp.gate_proj,9,26,0.00046673943014705885,26
tensor,model.language_model.layers.20.mlp.gate_proj,10,4,7.180606617647059e-05,4
tensor,model.language_model.layers.20.mlp.gate_proj,11,2,3.5903033088235295e-05,2
tensor,model.language_model.layers.20.mlp.gate_proj,12,0,0.0,0
tensor,model.language_model.layers.20.mlp.gate_proj,13,0,0.0,0
tensor,model.language_model.layers.20.mlp.gate_proj,14,0,0.0,0
tensor,model.language_model.layers.20.mlp.gate_proj,15,0,0.0,0
tensor,model.language_model.layers.20.mlp.gate_proj,16,0,0.0,0
tensor,model.language_model.layers.20.mlp.up_proj,0,1551488,27.8515625,1551488
tensor,model.language_model.layers.20.mlp.up_proj,1,1995698,35.8258056640625,1995698
tensor,model.language_model.layers.20.mlp.up_proj,2,1275031,22.888740090762866,1275031
tensor,model.language_model.layers.20.mlp.up_proj,3,534981,9.603720272288603,534981
tensor,model.language_model.layers.20.mlp.up_proj,4,164936,2.9608513327205883,164936
tensor,model.language_model.layers.20.mlp.up_proj,5,39682,0.7123520795036765,39682
tensor,model.language_model.layers.20.mlp.up_proj,6,7397,0.13278736787683823,7397
tensor,model.language_model.layers.20.mlp.up_proj,7,1172,0.02103917738970588,1172
tensor,model.language_model.layers.20.mlp.up_proj,8,161,0.002890194163602941,161
tensor,model.language_model.layers.20.mlp.up_proj,9,14,0.00025132123161764703,14
tensor,model.language_model.layers.20.mlp.up_proj,10,0,0.0,0
tensor,model.language_model.layers.20.mlp.up_proj,11,0,0.0,0
tensor,model.language_model.layers.20.mlp.up_proj,12,0,0.0,0
tensor,model.language_model.layers.20.mlp.up_proj,13,0,0.0,0
tensor,model.language_model.layers.20.mlp.up_proj,14,0,0.0,0
tensor,model.language_model.layers.20.mlp.up_proj,15,0,0.0,0
tensor,model.language_model.layers.20.mlp.up_proj,16,0,0.0,0
tensor,model.language_model.layers.21.mlp.down_proj,0,1557227,27.954586253446692,1557227
tensor,model.language_model.layers.21.mlp.down_proj,1,1996412,35.838623046875,1996412
tensor,model.language_model.layers.21.mlp.down_proj,2,1269725,22.79348934397978,1269725
tensor,model.language_model.layers.21.mlp.down_proj,3,533441,9.576074936810661,533441
tensor,model.language_model.layers.21.mlp.down_proj,4,164761,2.9577098173253678,164761
tensor,model.language_model.layers.21.mlp.down_proj,5,39518,0.7094080307904411,39518
tensor,model.language_model.layers.21.mlp.down_proj,6,7867,0.14122458065257354,7867
tensor,model.language_model.layers.21.mlp.down_proj,7,1371,0.024611529181985295,1371
tensor,model.language_model.layers.21.mlp.down_proj,8,182,0.003267176011029412,182
tensor,model.language_model.layers.21.mlp.down_proj,9,29,0.0005205939797794118,29
tensor,model.language_model.layers.21.mlp.down_proj,10,18,0.00032312729779411764,18
tensor,model.language_model.layers.21.mlp.down_proj,11,4,7.180606617647059e-05,4
tensor,model.language_model.layers.21.mlp.down_proj,12,3,5.385454963235294e-05,3
tensor,model.language_model.layers.21.mlp.down_proj,13,1,1.7951516544117648e-05,1
tensor,model.language_model.layers.21.mlp.down_proj,14,1,1.7951516544117648e-05,1
tensor,model.language_model.layers.21.mlp.down_proj,15,0,0.0,0
tensor,model.language_model.layers.21.mlp.down_proj,16,0,0.0,0
tensor,model.language_model.layers.21.mlp.gate_proj,0,1570024,28.184311810661764,1570024
tensor,model.language_model.layers.21.mlp.gate_proj,1,2000505,35.912098604090076,2000505
tensor,model.language_model.layers.21.mlp.gate_proj,2,1266146,22.729240866268384,1266146
tensor,model.language_model.layers.21.mlp.gate_proj,3,526620,9.453627642463236,526620
tensor,model.language_model.layers.21.mlp.gate_proj,4,160552,2.8821518841911766,160552
tensor,model.language_model.layers.21.mlp.gate_proj,5,38137,0.6846169864430147,38137
tensor,model.language_model.layers.21.mlp.gate_proj,6,7257,0.13027415556066177,7257
tensor,model.language_model.layers.21.mlp.gate_proj,7,1139,0.02044677734375,1139
tensor,model.language_model.layers.21.mlp.gate_proj,8,142,0.002549115349264706,142
tensor,model.language_model.layers.21.mlp.gate_proj,9,24,0.0004308363970588235,24
tensor,model.language_model.layers.21.mlp.gate_proj,10,5,8.975758272058824e-05,5
tensor,model.language_model.layers.21.mlp.gate_proj,11,4,7.180606617647059e-05,4
tensor,model.language_model.layers.21.mlp.gate_proj,12,2,3.5903033088235295e-05,2
tensor,model.language_model.layers.21.mlp.gate_proj,13,3,5.385454963235294e-05,3
tensor,model.language_model.layers.21.mlp.gate_proj,14,0,0.0,0
tensor,model.language_model.layers.21.mlp.gate_proj,15,0,0.0,0
tensor,model.language_model.layers.21.mlp.gate_proj,16,0,0.0,0
tensor,model.language_model.layers.21.mlp.up_proj,0,1551989,27.8605562097886,1551989
tensor,model.language_model.layers.21.mlp.up_proj,1,1995928,35.829934512867645,1995928
tensor,model.language_model.layers.21.mlp.up_proj,2,1275917,22.904645134420957,1275917
tensor,model.language_model.layers.21.mlp.up_proj,3,534034,9.586720186121324,534034
tensor,model.language_model.layers.21.mlp.up_proj,4,164232,2.9482134650735294,164232
tensor,model.language_model.layers.21.mlp.up_proj,5,39475,0.7086361155790442,39475
tensor,model.language_model.layers.21.mlp.up_proj,6,7638,0.1371136833639706,7638
tensor,model.language_model.layers.21.mlp.up_proj,7,1173,0.02105712890625,1173
tensor,model.language_model.layers.21.mlp.up_proj,8,149,0.0026747759650735292,149
tensor,model.language_model.layers.21.mlp.up_proj,9,25,0.00044878791360294115,25
tensor,model.language_model.layers.21.mlp.up_proj,10,0,0.0,0
tensor,model.language_model.layers.21.mlp.up_proj,11,0,0.0,0
tensor,model.language_model.layers.21.mlp.up_proj,12,0,0.0,0
tensor,model.language_model.layers.21.mlp.up_proj,13,0,0.0,0
tensor,model.language_model.layers.21.mlp.up_proj,14,0,0.0,0
tensor,model.language_model.layers.21.mlp.up_proj,15,0,0.0,0
tensor,model.language_model.layers.21.mlp.up_proj,16,0,0.0,0
tensor,model.language_model.layers.22.mlp.down_proj,0,1542212,27.685044232536764,1542212
tensor,model.language_model.layers.22.mlp.down_proj,1,1992785,35.77351289636948,1992785
tensor,model.language_model.layers.22.mlp.down_proj,2,1275263,22.8929048426011,1275263
tensor,model.language_model.layers.22.mlp.down_proj,3,538686,9.670230641084558,538686
tensor,model.language_model.layers.22.mlp.down_proj,4,167676,3.0100384880514706,167676
tensor,model.language_model.layers.22.mlp.down_proj,5,41623,0.7471959731158089,41623
tensor,model.language_model.layers.22.mlp.down_proj,6,8721,0.15655517578125,8721
tensor,model.language_model.layers.22.mlp.down_proj,7,1880,0.03374885110294118,1880
tensor,model.language_model.layers.22.mlp.down_proj,8,574,0.010304170496323529,574
tensor,model.language_model.layers.22.mlp.down_proj,9,309,0.0055470186121323525,309
tensor,model.language_model.layers.22.mlp.down_proj,10,250,0.004487879136029412,250
tensor,model.language_model.layers.22.mlp.down_proj,11,179,0.003213321461397059,179
tensor,model.language_model.layers.22.mlp.down_proj,12,128,0.002297794117647059,128
tensor,model.language_model.layers.22.mlp.down_proj,13,107,0.0019208122702205881,107
tensor,model.language_model.layers.22.mlp.down_proj,14,104,0.0018669577205882354,104
tensor,model.language_model.layers.22.mlp.down_proj,15,63,0.0011309455422794119,63
tensor,model.language_model.layers.22.mlp.down_proj,16,0,0.0,0
tensor,model.language_model.layers.22.mlp.gate_proj,0,1563130,28.060554055606616,1563130
tensor,model.language_model.layers.22.mlp.gate_proj,1,2001937,35.93780517578125,2001937
tensor,model.language_model.layers.22.mlp.gate_proj,2,1267287,22.74972354664522,1267287
tensor,model.language_model.layers.22.mlp.gate_proj,3,528048,9.479262408088236,528048
tensor,model.language_model.layers.22.mlp.gate_proj,4,162144,2.9107306985294117,162144
tensor,model.language_model.layers.22.mlp.gate_proj,5,38948,0.6991756663602942,38948
tensor,model.language_model.layers.22.mlp.gate_proj,6,7632,0.13700597426470587,7632
tensor,model.language_model.layers.22.mlp.gate_proj,7,1227,0.022026510799632353,1227
tensor,model.language_model.layers.22.mlp.gate_proj,8,164,0.002944048713235294,164
tensor,model.language_model.layers.22.mlp.gate_proj,9,26,0.00046673943014705885,26
tensor,model.language_model.layers.22.mlp.gate_proj,10,11,0.00019746668198529412,11
tensor,model.language_model.layers.22.mlp.gate_proj,11,3,5.385454963235294e-05,3
tensor,model.language_model.layers.22.mlp.gate_proj,12,2,3.5903033088235295e-05,2
tensor,model.language_model.layers.22.mlp.gate_proj,13,1,1.7951516544117648e-05,1
tensor,model.language_model.layers.22.mlp.gate_proj,14,0,0.0,0
tensor,model.language_model.layers.22.mlp.gate_proj,15,0,0.0,0
tensor,model.language_model.layers.22.mlp.gate_proj,16,0,0.0,0
tensor,model.language_model.layers.22.mlp.up_proj,0,1542490,27.69003475413603,1542490
tensor,model.language_model.layers.22.mlp.up_proj,1,1994156,35.79812442555147,1994156
tensor,model.language_model.layers.22.mlp.up_proj,2,1277300,22.92947208180147,1277300
tensor,model.language_model.layers.22.mlp.up_proj,3,538274,9.662834616268382,538274
tensor,model.language_model.layers.22.mlp.up_proj,4,167828,3.0127671185661766,167828
tensor,model.language_model.layers.22.mlp.up_proj,5,40541,0.7277724322150735,40541
tensor,model.language_model.layers.22.mlp.up_proj,6,8172,0.1466997931985294,8172
tensor,model.language_model.layers.22.mlp.up_proj,7,1408,0.025275735294117647,1408
tensor,model.language_model.layers.22.mlp.up_proj,8,291,0.005223891314338236,291
tensor,model.language_model.layers.22.mlp.up_proj,9,53,0.0009514303768382353,53
tensor,model.language_model.layers.22.mlp.up_proj,10,25,0.00044878791360294115,25
tensor,model.language_model.layers.22.mlp.up_proj,11,18,0.00032312729779411764,18
tensor,model.language_model.layers.22.mlp.up_proj,12,4,7.180606617647059e-05,4
tensor,model.language_model.layers.22.mlp.up_proj,13,0,0.0,0
tensor,model.language_model.layers.22.mlp.up_proj,14,0,0.0,0
tensor,model.language_model.layers.22.mlp.up_proj,15,0,0.0,0
tensor,model.language_model.layers.22.mlp.up_proj,16,0,0.0,0
tensor,model.language_model.layers.23.mlp.down_proj,0,1557026,27.950977998621322,1557026
tensor,model.language_model.layers.23.mlp.down_proj,1,1992323,35.765219295726105,1992323
tensor,model.language_model.layers.23.mlp.down_proj,2,1271222,22.820362764246322,1271222
tensor,model.language_model.layers.23.mlp.down_proj,3,534336,9.592141544117647,534336
tensor,model.language_model.layers.23.mlp.down_proj,4,166000,2.9799517463235294,166000
tensor,model.language_model.layers.23.mlp.down_proj,5,40330,0.7239846622242647,40330
tensor,model.language_model.layers.23.mlp.down_proj,6,7823,0.14043471392463236,7823
tensor,model.language_model.layers.23.mlp.down_proj,7,1259,0.02260095932904412,1259
tensor,model.language_model.layers.23.mlp.down_proj,8,197,0.0035364487591911763,197
tensor,model.language_model.layers.23.mlp.down_proj,9,25,0.00044878791360294115,25
tensor,model.language_model.layers.23.mlp.down_proj,10,7,0.00012566061580882352,7
tensor,model.language_model.layers.23.mlp.down_proj,11,3,5.385454963235294e-05,3
tensor,model.language_model.layers.23.mlp.down_proj,12,5,8.975758272058824e-05,5
tensor,model.language_model.layers.23.mlp.down_proj,13,3,5.385454963235294e-05,3
tensor,model.language_model.layers.23.mlp.down_proj,14,0,0.0,0
tensor,model.language_model.layers.23.mlp.down_proj,15,1,1.7951516544117648e-05,1
tensor,model.language_model.layers.23.mlp.down_proj,16,0,0.0,0
tensor,model.language_model.layers.23.mlp.gate_proj,0,1564491,28.084986069623163,1564491
tensor,model.language_model.layers.23.mlp.gate_proj,1,2001573,35.93127082375919,2001573
tensor,model.language_model.layers.23.mlp.gate_proj,2,1267289,22.749759449678308,1267289
tensor,model.language_model.layers.23.mlp.gate_proj,3,528029,9.478921329273897,528029
tensor,model.language_model.layers.23.mlp.gate_proj,4,161983,2.907840504365809,161983
tensor,model.language_model.layers.23.mlp.gate_proj,5,38492,0.6909897748161765,38492
tensor,model.language_model.layers.23.mlp.gate_proj,6,7373,0.1323565314797794,7373
tensor,model.language_model.layers.23.mlp.gate_proj,7,1165,0.020913516773897058,1165
tensor,model.language_model.layers.23.mlp.gate_proj,8,145,0.002602969898897059,145
tensor,model.language_model.layers.23.mlp.gate_proj,9,18,0.00032312729779411764,18
tensor,model.language_model.layers.23.mlp.gate_proj,10,2,3.5903033088235295e-05,2
tensor,model.language_model.layers.23.mlp.gate_proj,11,0,0.0,0
tensor,model.language_model.layers.23.mlp.gate_proj,12,0,0.0,0
tensor,model.language_model.layers.23.mlp.gate_proj,13,0,0.0,0
tensor,model.language_model.layers.23.mlp.gate_proj,14,0,0.0,0
tensor,model.language_model.layers.23.mlp.gate_proj,15,0,0.0,0
tensor,model.language_model.layers.23.mlp.gate_proj,16,0,0.0,0
tensor,model.language_model.layers.23.mlp.up_proj,0,1542291,27.68646240234375,1542291
tensor,model.language_model.layers.23.mlp.up_proj,1,1992898,35.77554141773897,1992898
tensor,model.language_model.layers.23.mlp.up_proj,2,1279930,22.9766845703125,1279930
tensor,model.language_model.layers.23.mlp.up_proj,3,538934,9.6746826171875,538934
tensor,model.language_model.layers.23.mlp.up_proj,4,166814,2.994564280790441,166814
tensor,model.language_model.layers.23.mlp.up_proj,5,40449,0.7261208926930147,40449
tensor,model.language_model.layers.23.mlp.up_proj,6,7896,0.14174517463235295,7896
tensor,model.language_model.layers.23.mlp.up_proj,7,1193,0.021416159237132353,1193
tensor,model.language_model.layers.23.mlp.up_proj,8,138,0.002477309283088235,138
tensor,model.language_model.layers.23.mlp.up_proj,9,16,0.00028722426470588236,16
tensor,model.language_model.layers.23.mlp.up_proj,10,0,0.0,0
tensor,model.language_model.layers.23.mlp.up_proj,11,0,0.0,0
tensor,model.language_model.layers.23.mlp.up_proj,12,1,1.7951516544117648e-05,1
tensor,model.language_model.layers.23.mlp.up_proj,13,0,0.0,0
tensor,model.language_model.layers.23.mlp.up_proj,14,0,0.0,0
tensor,model.language_model.layers.23.mlp.up_proj,15,0,0.0,0
tensor,model.language_model.layers.23.mlp.up_proj,16,0,0.0,0
tensor,model.language_model.layers.24.mlp.down_proj,0,1557622,27.961677102481616,1557622
tensor,model.language_model.layers.24.mlp.down_proj,1,1992528,35.768899356617645,1992528
tensor,model.language_model.layers.24.mlp.down_proj,2,1268517,22.771803911994486,1268517
tensor,model.language_model.layers.24.mlp.down_proj,3,534753,9.599627326516543,534753
tensor,model.language_model.layers.24.mlp.down_proj,4,166435,2.9877606560202206,166435
tensor,model.language_model.layers.24.mlp.down_proj,5,40769,0.7318653779871324,40769
tensor,model.language_model.layers.24.mlp.down_proj,6,8247,0.14804615693933823,8247
tensor,model.language_model.layers.24.mlp.down_proj,7,1389,0.02493465647977941,1389
tensor,model.language_model.layers.24.mlp.down_proj,8,227,0.004074994255514706,227
tensor,model.language_model.layers.24.mlp.down_proj,9,43,0.0007719152113970588,43
tensor,model.language_model.layers.24.mlp.down_proj,10,13,0.00023336971507352942,13
tensor,model.language_model.layers.24.mlp.down_proj,11,4,7.180606617647059e-05,4
tensor,model.language_model.layers.24.mlp.down_proj,12,9,0.00016156364889705882,9
tensor,model.language_model.layers.24.mlp.down_proj,13,4,7.180606617647059e-05,4
tensor,model.language_model.layers.24.mlp.down_proj,14,0,0.0,0
tensor,model.language_model.layers.24.mlp.down_proj,15,0,0.0,0
tensor,model.language_model.layers.24.mlp.down_proj,16,0,0.0,0
tensor,model.language_model.layers.24.mlp.gate_proj,0,1568101,28.149791044347428,1568101
tensor,model.language_model.layers.24.mlp.gate_proj,1,1998281,35.87217443129595,1998281
tensor,model.language_model.layers.24.mlp.gate_proj,2,1264491,22.699531106387866,1264491
tensor,model.language_model.layers.24.mlp.gate_proj,3,528525,9.487825281479779,528525
tensor,model.language_model.layers.24.mlp.gate_proj,4,163156,2.928897633272059,163156
tensor,model.language_model.layers.24.mlp.gate_proj,5,39086,0.7016529756433824,39086
tensor,model.language_model.layers.24.mlp.gate_proj,6,7527,0.13512106502757354,7527
tensor,model.language_model.layers.24.mlp.gate_proj,7,1210,0.021721335018382353,1210
tensor,model.language_model.layers.24.mlp.gate_proj,8,154,0.002764533547794118,154
tensor,model.language_model.layers.24.mlp.gate_proj,9,22,0.00039493336397058824,22
tensor,model.language_model.layers.24.mlp.gate_proj,10,6,0.00010770909926470588,6
tensor,model.language_model.layers.24.mlp.gate_proj,11,1,1.7951516544117648e-05,1
tensor,model.language_model.layers.24.mlp.gate_proj,12,0,0.0,0
tensor,model.language_model.layers.24.mlp.gate_proj,13,0,0.0,0
tensor,model.language_model.layers.24.mlp.gate_proj,14,0,0.0,0
tensor,model.language_model.layers.24.mlp.gate_proj,15,0,0.0,0
tensor,model.language_model.layers.24.mlp.gate_proj,16,0,0.0,0
tensor,model.language_model.layers.24.mlp.up_proj,0,1541129,27.665602740119486,1541129
tensor,model.language_model.layers.24.mlp.up_proj,1,1989147,35.70820527918198,1989147
tensor,model.language_model.layers.24.mlp.up_proj,2,1277638,22.935539694393384,1277638
tensor,model.language_model.layers.24.mlp.up_proj,3,541309,9.717317468979779,541309
tensor,model.language_model.layers.24.mlp.up_proj,4,169957,3.050985897288603,169957
tensor,model.language_model.layers.24.mlp.up_proj,5,41564,0.7461368336397058,41564
tensor,model.language_model.layers.24.mlp.up_proj,6,8307,0.14912324793198528,8307
tensor,model.language_model.layers.24.mlp.up_proj,7,1316,0.023624195772058824,1316
tensor,model.language_model.layers.24.mlp.up_proj,8,168,0.003015854779411765,168
tensor,model.language_model.layers.24.mlp.up_proj,9,23,0.0004128848805147059,23
tensor,model.language_model.layers.24.mlp.up_proj,10,2,3.5903033088235295e-05,2
tensor,model.language_model.layers.24.mlp.up_proj,11,0,0.0,0
tensor,model.language_model.layers.24.mlp.up_proj,12,0,0.0,0
tensor,model.language_model.layers.24.mlp.up_proj,13,0,0.0,0
tensor,model.language_model.layers.24.mlp.up_proj,14,0,0.0,0
tensor,model.language_model.layers.24.mlp.up_proj,15,0,0.0,0
tensor,model.language_model.layers.24.mlp.up_proj,16,0,0.0,0
tensor,model.language_model.layers.25.mlp.down_proj,0,1553169,27.881738999310663,1553169
tensor,model.language_model.layers.25.mlp.down_proj,1,1996400,35.83840762867647,1996400
tensor,model.language_model.layers.25.mlp.down_proj,2,1270743,22.811763987821692,1270743
tensor,model.language_model.layers.25.mlp.down_proj,3,534711,9.598873362821692,534711
tensor,model.language_model.layers.25.mlp.down_proj,4,165613,2.973004509420956,165613
tensor,model.language_model.layers.25.mlp.down_proj,5,40441,0.7259772805606618,40441
tensor,model.language_model.layers.25.mlp.down_proj,6,7883,0.1415118049172794,7883
tensor,model.language_model.layers.25.mlp.down_proj,7,1370,0.024593577665441176,1370
tensor,model.language_model.layers.25.mlp.down_proj,8,197,0.0035364487591911763,197
tensor,model.language_model.layers.25.mlp.down_proj,9,29,0.0005205939797794118,29
tensor,model.language_model.layers.25.mlp.down_proj,10,4,7.180606617647059e-05,4
tensor,model.language_model.layers.25.mlp.down_proj,11,0,0.0,0
tensor,model.language_model.layers.25.mlp.down_proj,12,0,0.0,0
tensor,model.language_model.layers.25.mlp.down_proj,13,0,0.0,0
tensor,model.language_model.layers.25.mlp.down_proj,14,0,0.0,0
tensor,model.language_model.layers.25.mlp.down_proj,15,0,0.0,0
tensor,model.language_model.layers.25.mlp.down_proj,16,0,0.0,0
tensor,model.language_model.layers.25.mlp.gate_proj,0,1557543,27.960258932674634,1557543
tensor,model.language_model.layers.25.mlp.gate_proj,1,1995892,35.82928825827206,1995892
tensor,model.language_model.layers.25.mlp.gate_proj,2,1272045,22.835136862362134,1272045
tensor,model.language_model.layers.25.mlp.gate_proj,3,532030,9.550745346966911,532030
tensor,model.language_model.layers.25.mlp.gate_proj,4,164288,2.94921875,164288
tensor,model.language_model.layers.25.mlp.gate_proj,5,39624,0.7113108915441176,39624
tensor,model.language_model.layers.25.mlp.gate_proj,6,7722,0.13862161075367646,7722
tensor,model.language_model.layers.25.mlp.gate_proj,7,1195,0.02145206227022059,1195
tensor,model.language_model.layers.25.mlp.gate_proj,8,192,0.003446691176470588,192
tensor,model.language_model.layers.25.mlp.gate_proj,9,26,0.00046673943014705885,26
tensor,model.language_model.layers.25.mlp.gate_proj,10,2,3.5903033088235295e-05,2
tensor,model.language_model.layers.25.mlp.gate_proj,11,1,1.7951516544117648e-05,1
tensor,model.language_model.layers.25.mlp.gate_proj,12,0,0.0,0
tensor,model.language_model.layers.25.mlp.gate_proj,13,0,0.0,0
tensor,model.language_model.layers.25.mlp.gate_proj,14,0,0.0,0
tensor,model.language_model.layers.25.mlp.gate_proj,15,0,0.0,0
tensor,model.language_model.layers.25.mlp.gate_proj,16,0,0.0,0
tensor,model.language_model.layers.25.mlp.up_proj,0,1529945,27.464832979090072,1529945
tensor,model.language_model.layers.25.mlp.up_proj,1,1987918,35.68614286534927,1987918
tensor,model.language_model.layers.25.mlp.up_proj,2,1281827,23.010738597196692,1281827
tensor,model.language_model.layers.25.mlp.up_proj,3,546976,9.819048713235293,546976
tensor,model.language_model.layers.25.mlp.up_proj,4,172120,3.0898150275735294,172120
tensor,model.language_model.layers.25.mlp.up_proj,5,41922,0.7525634765625,41922
tensor,model.language_model.layers.25.mlp.up_proj,6,8335,0.1496258903952206,8335
tensor,model.language_model.layers.25.mlp.up_proj,7,1302,0.023372874540441176,1302
tensor,model.language_model.layers.25.mlp.up_proj,8,187,0.00335693359375,187
tensor,model.language_model.layers.25.mlp.up_proj,9,23,0.0004128848805147059,23
tensor,model.language_model.layers.25.mlp.up_proj,10,3,5.385454963235294e-05,3
tensor,model.language_model.layers.25.mlp.up_proj,11,1,1.7951516544117648e-05,1
tensor,model.language_model.layers.25.mlp.up_proj,12,1,1.7951516544117648e-05,1
tensor,model.language_model.layers.25.mlp.up_proj,13,0,0.0,0
tensor,model.language_model.layers.25.mlp.up_proj,14,0,0.0,0
tensor,model.language_model.layers.25.mlp.up_proj,15,0,0.0,0
tensor,model.language_model.layers.25.mlp.up_proj,16,0,0.0,0
tensor,model.language_model.layers.26.mlp.down_proj,0,1545977,27.752631692325366,1545977
tensor,model.language_model.layers.26.mlp.down_proj,1,1989351,35.71186738855698,1989351
tensor,model.language_model.layers.26.mlp.down_proj,2,1274664,22.882151884191178,1274664
tensor,model.language_model.layers.26.mlp.down_proj,3,539457,9.684071260340074,539457
tensor,model.language_model.layers.26.mlp.down_proj,4,169502,3.0428179572610294,169502
tensor,model.language_model.layers.26.mlp.down_proj,5,41689,0.7483807732077206,41689
tensor,model.language_model.layers.26.mlp.down_proj,6,8273,0.14851289636948528,8273
tensor,model.language_model.layers.26.mlp.down_proj,7,1388,0.024916704963235295,1388
tensor,model.language_model.layers.26.mlp.down_proj,8,216,0.003877527573529412,216
tensor,model.language_model.layers.26.mlp.down_proj,9,30,0.0005385454963235295,30
tensor,model.language_model.layers.26.mlp.down_proj,10,9,0.00016156364889705882,9
tensor,model.language_model.layers.26.mlp.down_proj,11,2,3.5903033088235295e-05,2
tensor,model.language_model.layers.26.mlp.down_proj,12,2,3.5903033088235295e-05,2
tensor,model.language_model.layers.26.mlp.down_proj,13,0,0.0,0
tensor,model.language_model.layers.26.mlp.down_proj,14,0,0.0,0
tensor,model.language_model.layers.26.mlp.down_proj,15,0,0.0,0
tensor,model.language_model.layers.26.mlp.down_proj,16,0,0.0,0
tensor,model.language_model.layers.26.mlp.gate_proj,0,1555809,27.929131002987134,1555809
tensor,model.language_model.layers.26.mlp.gate_proj,1,1995244,35.81765567555147,1995244
tensor,model.language_model.layers.26.mlp.gate_proj,2,1268194,22.766005572150736,1268194
tensor,model.language_model.layers.26.mlp.gate_proj,3,534978,9.603666417738971,534978
tensor,model.language_model.layers.26.mlp.gate_proj,4,165824,2.9767922794117645,165824
tensor,model.language_model.layers.26.mlp.gate_proj,5,40817,0.73272705078125,40817
tensor,model.language_model.layers.26.mlp.gate_proj,6,8098,0.14537138097426472,8098
tensor,model.language_model.layers.26.mlp.gate_proj,7,1355,0.02432430491727941,1355
tensor,model.language_model.layers.26.mlp.gate_proj,8,201,0.003608254825367647,201
tensor,model.language_model.layers.26.mlp.gate_proj,9,33,0.0005924000459558823,33
tensor,model.language_model.layers.26.mlp.gate_proj,10,3,5.385454963235294e-05,3
tensor,model.language_model.layers.26.mlp.gate_proj,11,3,5.385454963235294e-05,3
tensor,model.language_model.layers.26.mlp.gate_proj,12,1,1.7951516544117648e-05,1
tensor,model.language_model.layers.26.mlp.gate_proj,13,0,0.0,0
tensor,model.language_model.layers.26.mlp.gate_proj,14,0,0.0,0
tensor,model.language_model.layers.26.mlp.gate_proj,15,0,0.0,0
tensor,model.language_model.layers.26.mlp.gate_proj,16,0,0.0,0
tensor,model.language_model.layers.26.mlp.up_proj,0,1526119,27.39615047679228,1526119
tensor,model.language_model.layers.26.mlp.up_proj,1,1985802,35.64815745634191,1985802
tensor,model.language_model.layers.26.mlp.up_proj,2,1282475,23.02237117991728,1282475
tensor,model.language_model.layers.26.mlp.up_proj,3,548611,9.848399442784926,548611
tensor,model.language_model.layers.26.mlp.up_proj,4,173892,3.121625114889706,173892
tensor,model.language_model.layers.26.mlp.up_proj,5,43158,0.7747515510110294,43158
tensor,model.language_model.layers.26.mlp.up_proj,6,8800,0.15797334558823528,8800
tensor,model.language_model.layers.26.mlp.up_proj,7,1446,0.02595789292279412,1446
tensor,model.language_model.layers.26.mlp.up_proj,8,222,0.003985236672794118,222
tensor,model.language_model.layers.26.mlp.up_proj,9,30,0.0005385454963235295,30
tensor,model.language_model.layers.26.mlp.up_proj,10,5,8.975758272058824e-05,5
tensor,model.language_model.layers.26.mlp.up_proj,11,0,0.0,0
tensor,model.language_model.layers.26.mlp.up_proj,12,0,0.0,0
tensor,model.language_model.layers.26.mlp.up_proj,13,0,0.0,0
tensor,model.language_model.layers.26.mlp.up_proj,14,0,0.0,0
tensor,model.language_model.layers.26.mlp.up_proj,15,0,0.0,0
tensor,model.language_model.layers.26.mlp.up_proj,16,0,0.0,0
tensor,model.language_model.layers.27.mlp.down_proj,0,1546208,27.756778492647058,1546208
tensor,model.language_model.layers.27.mlp.down_proj,1,1993289,35.78256046070772,1993289
tensor,model.language_model.layers.27.mlp.down_proj,2,1275588,22.898739085477942,1275588
tensor,model.language_model.layers.27.mlp.down_proj,3,537965,9.65728759765625,537965
tensor,model.language_model.layers.27.mlp.down_proj,4,166931,2.996664608226103,166931
tensor,model.language_model.layers.27.mlp.down_proj,5,40882,0.7338938993566176,40882
tensor,model.language_model.layers.27.mlp.down_proj,6,8087,0.1451739142922794,8087
tensor,model.language_model.layers.27.mlp.down_proj,7,1374,0.024665383731617647,1374
tensor,model.language_model.layers.27.mlp.down_proj,8,191,0.0034287396599264708,191
tensor,model.language_model.layers.27.mlp.down_proj,9,30,0.0005385454963235295,30
tensor,model.language_model.layers.27.mlp.down_proj,10,10,0.00017951516544117648,10
tensor,model.language_model.layers.27.mlp.down_proj,11,4,7.180606617647059e-05,4
tensor,model.language_model.layers.27.mlp.down_proj,12,1,1.7951516544117648e-05,1
tensor,model.language_model.layers.27.mlp.down_proj,13,0,0.0,0
tensor,model.language_model.layers.27.mlp.down_proj,14,0,0.0,0
tensor,model.language_model.layers.27.mlp.down_proj,15,0,0.0,0
tensor,model.language_model.layers.27.mlp.down_proj,16,0,0.0,0
tensor,model.language_model.layers.27.mlp.gate_proj,0,1554054,27.897626091452207,1554054
tensor,model.language_model.layers.27.mlp.gate_proj,1,1997768,35.862965303308826,1997768
tensor,model.language_model.layers.27.mlp.gate_proj,2,1270441,22.806342629825366,1270441
tensor,model.language_model.layers.27.mlp.gate_proj,3,533861,9.583614573759192,533861
tensor,model.language_model.layers.27.mlp.gate_proj,4,165222,2.965985466452206,165222
tensor,model.language_model.layers.27.mlp.gate_proj,5,39821,0.7148473403033089,39821
tensor,model.language_model.layers.27.mlp.gate_proj,6,7967,0.14301973230698528,7967
tensor,model.language_model.layers.27.mlp.gate_proj,7,1216,0.021829044117647058,1216
tensor,model.language_model.layers.27.mlp.gate_proj,8,183,0.0032851275275735292,183
tensor,model.language_model.layers.27.mlp.gate_proj,9,20,0.00035903033088235297,20
tensor,model.language_model.layers.27.mlp.gate_proj,10,3,5.385454963235294e-05,3
tensor,model.language_model.layers.27.mlp.gate_proj,11,3,5.385454963235294e-05,3
tensor,model.language_model.layers.27.mlp.gate_proj,12,1,1.7951516544117648e-05,1
tensor,model.language_model.layers.27.mlp.gate_proj,13,0,0.0,0
tensor,model.language_model.layers.27.mlp.gate_proj,14,0,0.0,0
tensor,model.language_model.layers.27.mlp.gate_proj,15,0,0.0,0
tensor,model.language_model.layers.27.mlp.gate_proj,16,0,0.0,0
tensor,model.language_model.layers.27.mlp.up_proj,0,1526302,27.39943560431985,1526302
tensor,model.language_model.layers.27.mlp.up_proj,1,1986352,35.658030790441174,1986352
tensor,model.language_model.layers.27.mlp.up_proj,2,1284109,23.051703957950366,1284109
tensor,model.language_model.layers.27.mlp.up_proj,3,547937,9.836300120634192,547937
tensor,model.language_model.layers.27.mlp.up_proj,4,173013,3.1058457318474266,173013
tensor,model.language_model.layers.27.mlp.up_proj,5,42673,0.7660450654871324,42673
tensor,model.language_model.layers.27.mlp.up_proj,6,8527,0.15307258157169118,8527
tensor,model.language_model.layers.27.mlp.up_proj,7,1424,0.02556295955882353,1424
tensor,model.language_model.layers.27.mlp.up_proj,8,194,0.0034825942095588237,194
tensor,model.language_model.layers.27.mlp.up_proj,9,23,0.0004128848805147059,23
tensor,model.language_model.layers.27.mlp.up_proj,10,5,8.975758272058824e-05,5
tensor,model.language_model.layers.27.mlp.up_proj,11,0,0.0,0
tensor,model.language_model.layers.27.mlp.up_proj,12,1,1.7951516544117648e-05,1
tensor,model.language_model.layers.27.mlp.up_proj,13,0,0.0,0
tensor,model.language_model.layers.27.mlp.up_proj,14,0,0.0,0
tensor,model.language_model.layers.27.mlp.up_proj,15,0,0.0,0
tensor,model.language_model.layers.27.mlp.up_proj,16,0,0.0,0
tensor,model.language_model.layers.28.mlp.down_proj,0,1548287,27.79409969554228,1548287
tensor,model.language_model.layers.28.mlp.down_proj,1,1993107,35.77929328469669,1993107
tensor,model.language_model.layers.28.mlp.down_proj,2,1271951,22.833449419806986,1271951
tensor,model.language_model.layers.28.mlp.down_proj,3,538147,9.660554773667279,538147
tensor,model.language_model.layers.28.mlp.down_proj,4,167498,3.0068431181066178,167498
tensor,model.language_model.layers.28.mlp.down_proj,5,41678,0.7481833065257353,41678
tensor,model.language_model.layers.28.mlp.down_proj,6,8246,0.14802820542279413,8246
tensor,model.language_model.layers.28.mlp.down_proj,7,1351,0.024252498851102942,1351
tensor,model.language_model.layers.28.mlp.down_proj,8,243,0.004362218520220588,243
tensor,model.language_model.layers.28.mlp.down_proj,9,38,0.0006821576286764705,38
tensor,model.language_model.layers.28.mlp.down_proj,10,11,0.00019746668198529412,11
tensor,model.language_model.layers.28.mlp.down_proj,11,3,5.385454963235294e-05,3
tensor,model.language_model.layers.28.mlp.down_proj,12,0,0.0,0
tensor,model.language_model.layers.28.mlp.down_proj,13,0,0.0,0
tensor,model.language_model.layers.28.mlp.down_proj,14,0,0.0,0
tensor,model.language_model.layers.28.mlp.down_proj,15,0,0.0,0
tensor,model.language_model.layers.28.mlp.down_proj,16,0,0.0,0
tensor,model.language_model.layers.28.mlp.gate_proj,0,1550446,27.83285701976103,1550446
tensor,model.language_model.layers.28.mlp.gate_proj,1,1995472,35.82174862132353,1995472
tensor,model.language_model.layers.28.mlp.gate_proj,2,1273645,22.86385928883272,1273645
tensor,model.language_model.layers.28.mlp.gate_proj,3,534802,9.600506950827207,534802
tensor,model.language_model.layers.28.mlp.gate_proj,4,166126,2.9822136374080883,166126
tensor,model.language_model.layers.28.mlp.gate_proj,5,40444,0.7260311351102942,40444
tensor,model.language_model.layers.28.mlp.gate_proj,6,8086,0.14515596277573528,8086
tensor,model.language_model.layers.28.mlp.gate_proj,7,1327,0.02382166245404412,1327
tensor,model.language_model.layers.28.mlp.gate_proj,8,173,0.003105612362132353,173
tensor,model.language_model.layers.28.mlp.gate_proj,9,34,0.0006103515625,34
tensor,model.language_model.layers.28.mlp.gate_proj,10,4,7.180606617647059e-05,4
tensor,model.language_model.layers.28.mlp.gate_proj,11,1,1.7951516544117648e-05,1
tensor,model.language_model.layers.28.mlp.gate_proj,12,0,0.0,0
tensor,model.language_model.layers.28.mlp.gate_proj,13,0,0.0,0
tensor,model.language_model.layers.28.mlp.gate_proj,14,0,0.0,0
tensor,model.language_model.layers.28.mlp.gate_proj,15,0,0.0,0
tensor,model.language_model.layers.28.mlp.gate_proj,16,0,0.0,0
tensor,model.language_model.layers.28.mlp.up_proj,0,1527813,27.426560345818014,1527813
tensor,model.language_model.layers.28.mlp.up_proj,1,1984853,35.63112146714155,1984853
tensor,model.language_model.layers.28.mlp.up_proj,2,1285014,23.067950080422793,1285014
tensor,model.language_model.layers.28.mlp.up_proj,3,547828,9.834343405330882,547828
tensor,model.language_model.layers.28.mlp.up_proj,4,172115,3.089725269990809,172115
tensor,model.language_model.layers.28.mlp.up_proj,5,42604,0.7648064108455882,42604
tensor,model.language_model.layers.28.mlp.up_proj,6,8667,0.15558579388786764,8667
tensor,model.language_model.layers.28.mlp.up_proj,7,1431,0.025688620174632353,1431
tensor,model.language_model.layers.28.mlp.up_proj,8,202,0.003626206341911765,202
tensor,model.language_model.layers.28.mlp.up_proj,9,29,0.0005205939797794118,29
tensor,model.language_model.layers.28.mlp.up_proj,10,4,7.180606617647059e-05,4
tensor,model.language_model.layers.28.mlp.up_proj,11,0,0.0,0
tensor,model.language_model.layers.28.mlp.up_proj,12,0,0.0,0
tensor,model.language_model.layers.28.mlp.up_proj,13,0,0.0,0
tensor,model.language_model.layers.28.mlp.up_proj,14,0,0.0,0
tensor,model.language_model.layers.28.mlp.up_proj,15,0,0.0,0
tensor,model.language_model.layers.28.mlp.up_proj,16,0,0.0,0
tensor,model.language_model.layers.29.mlp.down_proj,0,1552872,27.876407398897058,1552872
tensor,model.language_model.layers.29.mlp.down_proj,1,1992374,35.766134823069855,1992374
tensor,model.language_model.layers.29.mlp.down_proj,2,1270700,22.810992072610293,1270700
tensor,model.language_model.layers.29.mlp.down_proj,3,536737,9.635243135340074,536737
tensor,model.language_model.layers.29.mlp.down_proj,4,167065,2.9990701114430145,167065
tensor,model.language_model.layers.29.mlp.down_proj,5,40902,0.7342529296875,40902
tensor,model.language_model.layers.29.mlp.down_proj,6,8213,0.14743580537683823,8213
tensor,model.language_model.layers.29.mlp.down_proj,7,1391,0.024970559512867647,1391
tensor,model.language_model.layers.29.mlp.down_proj,8,244,0.004380170036764706,244
tensor,model.language_model.layers.29.mlp.down_proj,9,45,0.0008078182444852941,45
tensor,model.language_model.layers.29.mlp.down_proj,10,11,0.00019746668198529412,11
tensor,model.language_model.layers.29.mlp.down_proj,11,2,3.5903033088235295e-05,2
tensor,model.language_model.layers.29.mlp.down_proj,12,2,3.5903033088235295e-05,2
tensor,model.language_model.layers.29.mlp.down_proj,13,1,1.7951516544117648e-05,1
tensor,model.language_model.layers.29.mlp.down_proj,14,1,1.7951516544117648e-05,1
tensor,model.language_model.layers.29.mlp.down_proj,15,0,0.0,0
tensor,model.language_model.layers.29.mlp.down_proj,16,0,0.0,0
tensor,model.language_model.layers.29.mlp.gate_proj,0,1547265,27.775753245634192,1547265
tensor,model.language_model.layers.29.mlp.gate_proj,1,1991845,35.75663847081802,1991845
tensor,model.language_model.layers.29.mlp.gate_proj,2,1274722,22.883193072150736,1274722
tensor,model.language_model.layers.29.mlp.gate_proj,3,539374,9.682581284466911,539374
tensor,model.language_model.layers.29.mlp.gate_proj,4,167379,3.0047068876378678,167379
tensor,model.language_model.layers.29.mlp.gate_proj,5,40573,0.7283468807444853,40573
tensor,model.language_model.layers.29.mlp.gate_proj,6,7982,0.14328900505514705,7982
tensor,model.language_model.layers.29.mlp.gate_proj,7,1237,0.02220602596507353,1237
tensor,model.language_model.layers.29.mlp.gate_proj,8,155,0.002782485064338235,155
tensor,model.language_model.layers.29.mlp.gate_proj,9,26,0.00046673943014705885,26
tensor,model.language_model.layers.29.mlp.gate_proj,10,2,3.5903033088235295e-05,2
tensor,model.language_model.layers.29.mlp.gate_proj,11,0,0.0,0
tensor,model.language_model.layers.29.mlp.gate_proj,12,0,0.0,0
tensor,model.language_model.layers.29.mlp.gate_proj,13,0,0.0,0
tensor,model.language_model.layers.29.mlp.gate_proj,14,0,0.0,0
tensor,model.language_model.layers.29.mlp.gate_proj,15,0,0.0,0
tensor,model.language_model.layers.29.mlp.gate_proj,16,0,0.0,0
tensor,model.language_model.layers.29.mlp.up_proj,0,1523585,27.350661333869486,1523585
tensor,model.language_model.layers.29.mlp.up_proj,1,1987392,35.67670036764706,1987392
tensor,model.language_model.layers.29.mlp.up_proj,2,1285471,23.076153923483457,1285471
tensor,model.language_model.layers.29.mlp.up_proj,3,548879,9.85321044921875,548879
tensor,model.language_model.layers.29.mlp.up_proj,4,172581,3.0980906767003678,172581
tensor,model.language_model.layers.29.mlp.up_proj,5,42848,0.7691865808823529,42848
tensor,model.language_model.layers.29.mlp.up_proj,6,8233,0.1477948357077206,8233
tensor,model.language_model.layers.29.mlp.up_proj,7,1369,0.024575626148897058,1369
tensor,model.language_model.layers.29.mlp.up_proj,8,170,0.0030517578125,170
tensor,model.language_model.layers.29.mlp.up_proj,9,29,0.0005205939797794118,29
tensor,model.language_model.layers.29.mlp.up_proj,10,3,5.385454963235294e-05,3
tensor,model.language_model.layers.29.mlp.up_proj,11,0,0.0,0
tensor,model.language_model.layers.29.mlp.up_proj,12,0,0.0,0
tensor,model.language_model.layers.29.mlp.up_proj,13,0,0.0,0
tensor,model.language_model.layers.29.mlp.up_proj,14,0,0.0,0
tensor,model.language_model.layers.29.mlp.up_proj,15,0,0.0,0
tensor,model.language_model.layers.29.mlp.up_proj,16,0,0.0,0
tensor,model.language_model.layers.3.mlp.down_proj,0,1573524,28.247142118566178,1573524
tensor,model.language_model.layers.3.mlp.down_proj,1,2001364,35.92751895680147,2001364
tensor,model.language_model.layers.3.mlp.down_proj,2,1261411,22.644240435431986,1261411
tensor,model.language_model.layers.3.mlp.down_proj,3,524778,9.420560948988971,524778
tensor,model.language_model.layers.3.mlp.down_proj,4,161805,2.904645134420956,161805
tensor,model.language_model.layers.3.mlp.down_proj,5,38733,0.6953160903033089,38733
tensor,model.language_model.layers.3.mlp.down_proj,6,7475,0.1341875861672794,7475
tensor,model.language_model.layers.3.mlp.down_proj,7,1257,0.02256505629595588,1257
tensor,model.language_model.layers.3.mlp.down_proj,8,170,0.0030517578125,170
tensor,model.language_model.layers.3.mlp.down_proj,9,33,0.0005924000459558823,33
tensor,model.language_model.layers.3.mlp.down_proj,10,5,8.975758272058824e-05,5
tensor,model.language_model.layers.3.mlp.down_proj,11,1,1.7951516544117648e-05,1
tensor,model.language_model.layers.3.mlp.down_proj,12,2,3.5903033088235295e-05,2
tensor,model.language_model.layers.3.mlp.down_proj,13,2,3.5903033088235295e-05,2
tensor,model.language_model.layers.3.mlp.down_proj,14,0,0.0,0
tensor,model.language_model.layers.3.mlp.down_proj,15,0,0.0,0
tensor,model.language_model.layers.3.mlp.down_proj,16,0,0.0,0
tensor,model.language_model.layers.3.mlp.gate_proj,0,1576041,28.29232608570772,1576041
tensor,model.language_model.layers.3.mlp.gate_proj,1,2003929,35.973564596737134,2003929
tensor,model.language_model.layers.3.mlp.gate_proj,2,1260467,22.627294203814337,1260467
tensor,model.language_model.layers.3.mlp.gate_proj,3,522800,9.385052849264707,522800
tensor,model.language_model.layers.3.mlp.gate_proj,4,160229,2.8763535443474266,160229
tensor,model.language_model.layers.3.mlp.gate_proj,5,38479,0.6907564051011029,38479
tensor,model.language_model.layers.3.mlp.gate_proj,6,7274,0.13057933134191177,7274
tensor,model.language_model.layers.3.mlp.gate_proj,7,1152,0.02068014705882353,1152
tensor,model.language_model.layers.3.mlp.gate_proj,8,166,0.0029799517463235292,166
tensor,model.language_model.layers.3.mlp.gate_proj,9,20,0.00035903033088235297,20
tensor,model.language_model.layers.3.mlp.gate_proj,10,2,3.5903033088235295e-05,2
tensor,model.language_model.layers.3.mlp.gate_proj,11,1,1.7951516544117648e-05,1
tensor,model.language_model.layers.3.mlp.gate_proj,12,0,0.0,0
tensor,model.language_model.layers.3.mlp.gate_proj,13,0,0.0,0
tensor,model.language_model.layers.3.mlp.gate_proj,14,0,0.0,0
tensor,model.language_model.layers.3.mlp.gate_proj,15,0,0.0,0
tensor,model.language_model.layers.3.mlp.gate_proj,16,0,0.0,0
tensor,model.language_model.layers.3.mlp.up_proj,0,1572766,28.233534869025736,1572766
tensor,model.language_model.layers.3.mlp.up_proj,1,2001658,35.93279670266544,2001658
tensor,model.language_model.layers.3.mlp.up_proj,2,1262338,22.660881491268384,1262338
tensor,model.language_model.layers.3.mlp.up_proj,3,524729,9.419681324678308,524729
tensor,model.language_model.layers.3.mlp.up_proj,4,161576,2.900534237132353,161576
tensor,model.language_model.layers.3.mlp.up_proj,5,38695,0.6946339326746324,38695
tensor,model.language_model.layers.3.mlp.up_proj,6,7472,0.13413373161764705,7472
tensor,model.language_model.layers.3.mlp.up_proj,7,1163,0.020877613740808824,1163
tensor,model.language_model.layers.3.mlp.up_proj,8,143,0.0025670668658088237,143
tensor,model.language_model.layers.3.mlp.up_proj,9,16,0.00028722426470588236,16
tensor,model.language_model.layers.3.mlp.up_proj,10,4,7.180606617647059e-05,4
tensor,model.language_model.layers.3.mlp.up_proj,11,0,0.0,0
tensor,model.language_model.layers.3.mlp.up_proj,12,0,0.0,0
tensor,model.language_model.layers.3.mlp.up_proj,13,0,0.0,0
tensor,model.language_model.layers.3.mlp.up_proj,14,0,0.0,0
tensor,model.language_model.layers.3.mlp.up_proj,15,0,0.0,0
tensor,model.language_model.layers.3.mlp.up_proj,16,0,0.0,0
tensor,model.language_model.layers.30.mlp.down_proj,0,1546120,27.755198759191178,1546120
tensor,model.language_model.layers.30.mlp.down_proj,1,1988554,35.697560029871326,1988554
tensor,model.language_model.layers.30.mlp.down_proj,2,1275862,22.90365780101103,1275862
tensor,model.language_model.layers.30.mlp.down_proj,3,539159,9.678721708409926,539159
tensor,model.language_model.layers.30.mlp.down_proj,4,169450,3.0418844784007355,169450
tensor,model.language_model.layers.30.mlp.down_proj,5,41436,0.7438390395220589,41436
tensor,model.language_model.layers.30.mlp.down_proj,6,8321,0.14937456916360295,8321
tensor,model.language_model.layers.30.mlp.down_proj,7,1399,0.02511417164522059,1399
tensor,model.language_model.layers.30.mlp.down_proj,8,206,0.003698012408088235,206
tensor,model.language_model.layers.30.mlp.down_proj,9,39,0.0007001091452205882,39
tensor,model.language_model.layers.30.mlp.down_proj,10,7,0.00012566061580882352,7
tensor,model.language_model.layers.30.mlp.down_proj,11,3,5.385454963235294e-05,3
tensor,model.language_model.layers.30.mlp.down_proj,12,2,3.5903033088235295e-05,2
tensor,model.language_model.layers.30.mlp.down_proj,13,2,3.5903033088235295e-05,2
tensor,model.language_model.layers.30.mlp.down_proj,14,0,0.0,0
tensor,model.language_model.layers.30.mlp.down_proj,15,0,0.0,0
tensor,model.language_model.layers.30.mlp.down_proj,16,0,0.0,0
tensor,model.language_model.layers.30.mlp.gate_proj,0,1545003,27.7351469152114,1545003
tensor,model.language_model.layers.30.mlp.gate_proj,1,1990019,35.72385900160845,1990019
tensor,model.language_model.layers.30.mlp.gate_proj,2,1275445,22.896172018612134,1275445
tensor,model.language_model.layers.30.mlp.gate_proj,3,539576,9.686207490808824,539576
tensor,model.language_model.layers.30.mlp.gate_proj,4,169164,3.0367503446691178,169164
tensor,model.language_model.layers.30.mlp.gate_proj,5,41435,0.7438210880055147,41435
tensor,model.language_model.layers.30.mlp.gate_proj,6,8368,0.15021829044117646,8368
tensor,model.language_model.layers.30.mlp.gate_proj,7,1297,0.02328311695772059,1297
tensor,model.language_model.layers.30.mlp.gate_proj,8,213,0.003823673023897059,213
tensor,model.language_model.layers.30.mlp.gate_proj,9,31,0.000556497012867647,31
tensor,model.language_model.layers.30.mlp.gate_proj,10,8,0.00014361213235294118,8
tensor,model.language_model.layers.30.mlp.gate_proj,11,1,1.7951516544117648e-05,1
tensor,model.language_model.layers.30.mlp.gate_proj,12,0,0.0,0
tensor,model.language_model.layers.30.mlp.gate_proj,13,0,0.0,0
tensor,model.language_model.layers.30.mlp.gate_proj,14,0,0.0,0
tensor,model.language_model.layers.30.mlp.gate_proj,15,0,0.0,0
tensor,model.language_model.layers.30.mlp.gate_proj,16,0,0.0,0
tensor,model.language_model.layers.30.mlp.up_proj,0,1523978,27.357716279871322,1523978
tensor,model.language_model.layers.30.mlp.up_proj,1,1983322,35.6036376953125,1983322
tensor,model.language_model.layers.30.mlp.up_proj,2,1284412,23.057143267463236,1284412
tensor,model.language_model.layers.30.mlp.up_proj,3,550342,9.879473517922793,550342
tensor,model.language_model.layers.30.mlp.up_proj,4,174889,3.139522776884191,174889
tensor,model.language_model.layers.30.mlp.up_proj,5,43035,0.7725435144761029,43035
tensor,model.language_model.layers.30.mlp.up_proj,6,8834,0.15858369715073528,8834
tensor,model.language_model.layers.30.mlp.up_proj,7,1526,0.02739401424632353,1526
tensor,model.language_model.layers.30.mlp.up_proj,8,188,0.003374885110294118,188
tensor,model.language_model.layers.30.mlp.up_proj,9,29,0.0005205939797794118,29
tensor,model.language_model.layers.30.mlp.up_proj,10,3,5.385454963235294e-05,3
tensor,model.language_model.layers.30.mlp.up_proj,11,2,3.5903033088235295e-05,2
tensor,model.language_model.layers.30.mlp.up_proj,12,0,0.0,0
tensor,model.language_model.layers.30.mlp.up_proj,13,0,0.0,0
tensor,model.language_model.layers.30.mlp.up_proj,14,0,0.0,0
tensor,model.language_model.layers.30.mlp.up_proj,15,0,0.0,0
tensor,model.language_model.layers.30.mlp.up_proj,16,0,0.0,0
tensor,model.language_model.layers.31.mlp.down_proj,0,1544044,27.717931410845587,1544044
tensor,model.language_model.layers.31.mlp.down_proj,1,1989847,35.720771340762866,1989847
tensor,model.language_model.layers.31.mlp.down_proj,2,1273732,22.865421070772058,1273732
tensor,model.language_model.layers.31.mlp.down_proj,3,541055,9.712757783777574,541055
tensor,model.language_model.layers.31.mlp.down_proj,4,169723,3.0467852424172794,169723
tensor,model.language_model.layers.31.mlp.down_proj,5,42096,0.7556870404411765,42096
tensor,model.language_model.layers.31.mlp.down_proj,6,8385,0.15052346622242646,8385
tensor,model.language_model.layers.31.mlp.down_proj,7,1418,0.025455250459558824,1418
tensor,model.language_model.layers.31.mlp.down_proj,8,218,0.0039134306066176475,218
tensor,model.language_model.layers.31.mlp.down_proj,9,32,0.0005744485294117647,32
tensor,model.language_model.layers.31.mlp.down_proj,10,7,0.00012566061580882352,7
tensor,model.language_model.layers.31.mlp.down_proj,11,2,3.5903033088235295e-05,2
tensor,model.language_model.layers.31.mlp.down_proj,12,0,0.0,0
tensor,model.language_model.layers.31.mlp.down_proj,13,0,0.0,0
tensor,model.language_model.layers.31.mlp.down_proj,14,1,1.7951516544117648e-05,1
tensor,model.language_model.layers.31.mlp.down_proj,15,0,0.0,0
tensor,model.language_model.layers.31.mlp.down_proj,16,0,0.0,0
tensor,model.language_model.layers.31.mlp.gate_proj,0,1545459,27.743332806755514,1545459
tensor,model.language_model.layers.31.mlp.gate_proj,1,1991183,35.74475456686581,1991183
tensor,model.language_model.layers.31.mlp.gate_proj,2,1274685,22.8825288660386,1274685
tensor,model.language_model.layers.31.mlp.gate_proj,3,539782,9.689905503216911,539782
tensor,model.language_model.layers.31.mlp.gate_proj,4,168302,3.0212761374080883,168302
tensor,model.language_model.layers.31.mlp.gate_proj,5,41306,0.7415053423713235,41306
tensor,model.language_model.layers.31.mlp.gate_proj,6,8238,0.14788459329044118,8238
tensor,model.language_model.layers.31.mlp.gate_proj,7,1377,0.02471923828125,1377
tensor,model.language_model.layers.31.mlp.gate_proj,8,191,0.0034287396599264708,191
tensor,model.language_model.layers.31.mlp.gate_proj,9,32,0.0005744485294117647,32
tensor,model.language_model.layers.31.mlp.gate_proj,10,5,8.975758272058824e-05,5
tensor,model.language_model.layers.31.mlp.gate_proj,11,0,0.0,0
tensor,model.language_model.layers.31.mlp.gate_proj,12,0,0.0,0
tensor,model.language_model.layers.31.mlp.gate_proj,13,0,0.0,0
tensor,model.language_model.layers.31.mlp.gate_proj,14,0,0.0,0
tensor,model.language_model.layers.31.mlp.gate_proj,15,0,0.0,0
tensor,model.language_model.layers.31.mlp.gate_proj,16,0,0.0,0
tensor,model.language_model.layers.31.mlp.up_proj,0,1524381,27.3649507410386,1524381
tensor,model.language_model.layers.31.mlp.up_proj,1,1983713,35.61065673828125,1983713
tensor,model.language_model.layers.31.mlp.up_proj,2,1283714,23.044613108915442,1283714
tensor,model.language_model.layers.31.mlp.up_proj,3,550520,9.882668887867647,550520
tensor,model.language_model.layers.31.mlp.up_proj,4,174605,3.1344245461856617,174605
tensor,model.language_model.layers.31.mlp.up_proj,5,43495,0.7808012120863971,43495
tensor,model.language_model.layers.31.mlp.up_proj,6,8472,0.15208524816176472,8472
tensor,model.language_model.layers.31.mlp.up_proj,7,1407,0.02525778377757353,1407
tensor,model.language_model.layers.31.mlp.up_proj,8,231,0.004146800321691176,231
tensor,model.language_model.layers.31.mlp.up_proj,9,19,0.0003410788143382353,19
tensor,model.language_model.layers.31.mlp.up_proj,10,3,5.385454963235294e-05,3
tensor,model.language_model.layers.31.mlp.up_proj,11,0,0.0,0
tensor,model.language_model.layers.31.mlp.up_proj,12,0,0.0,0
tensor,model.language_model.layers.31.mlp.up_proj,13,0,0.0,0
tensor,model.language_model.layers.31.mlp.up_proj,14,0,0.0,0
tensor,model.language_model.layers.31.mlp.up_proj,15,0,0.0,0
tensor,model.language_model.layers.31.mlp.up_proj,16,0,0.0,0
tensor,model.language_model.layers.32.mlp.down_proj,0,1528840,27.444996553308822,1528840
tensor,model.language_model.layers.32.mlp.down_proj,1,1983736,35.61106962316177,1983736
tensor,model.language_model.layers.32.mlp.down_proj,2,1284517,23.059028176700366,1284517
tensor,model.language_model.layers.32.mlp.down_proj,3,547022,9.819874482996324,547022
tensor,model.language_model.layers.32.mlp.down_proj,4,172989,3.1054148954503678,172989
tensor,model.language_model.layers.32.mlp.down_proj,5,42968,0.7713407628676471,42968
tensor,model.language_model.layers.32.mlp.down_proj,6,8623,0.15479592715992646,8623
tensor,model.language_model.layers.32.mlp.down_proj,7,1561,0.028022317325367647,1561
tensor,model.language_model.layers.32.mlp.down_proj,8,250,0.004487879136029412,250
tensor,model.language_model.layers.32.mlp.down_proj,9,39,0.0007001091452205882,39
tensor,model.language_model.layers.32.mlp.down_proj,10,10,0.00017951516544117648,10
tensor,model.language_model.layers.32.mlp.down_proj,11,2,3.5903033088235295e-05,2
tensor,model.language_model.layers.32.mlp.down_proj,12,3,5.385454963235294e-05,3
tensor,model.language_model.layers.32.mlp.down_proj,13,0,0.0,0
tensor,model.language_model.layers.32.mlp.down_proj,14,0,0.0,0
tensor,model.language_model.layers.32.mlp.down_proj,15,0,0.0,0
tensor,model.language_model.layers.32.mlp.down_proj,16,0,0.0,0
tensor,model.language_model.layers.32.mlp.gate_proj,0,1538999,27.627366009880514,1538999
tensor,model.language_model.layers.32.mlp.gate_proj,1,1988503,35.696644502527576,1988503
tensor,model.language_model.layers.32.mlp.gate_proj,2,1276605,22.916995777803308,1276605
tensor,model.language_model.layers.32.mlp.gate_proj,3,542414,9.737153894761029,542414
tensor,model.language_model.layers.32.mlp.gate_proj,4,171389,3.0766924689797794,171389
tensor,model.language_model.layers.32.mlp.gate_proj,5,42281,0.7590080710018382,42281
tensor,model.language_model.layers.32.mlp.gate_proj,6,8636,0.155029296875,8636
tensor,model.language_model.layers.32.mlp.gate_proj,7,1456,0.026137408088235295,1456
tensor,model.language_model.layers.32.mlp.gate_proj,8,213,0.003823673023897059,213
tensor,model.language_model.layers.32.mlp.gate_proj,9,48,0.000861672794117647,48
tensor,model.language_model.layers.32.mlp.gate_proj,10,8,0.00014361213235294118,8
tensor,model.language_model.layers.32.mlp.gate_proj,11,6,0.00010770909926470588,6
tensor,model.language_model.layers.32.mlp.gate_proj,12,1,1.7951516544117648e-05,1
tensor,model.language_model.layers.32.mlp.gate_proj,13,0,0.0,0
tensor,model.language_model.layers.32.mlp.gate_proj,14,0,0.0,0
tensor,model.language_model.layers.32.mlp.gate_proj,15,1,1.7951516544117648e-05,1
tensor,model.language_model.layers.32.mlp.gate_proj,16,0,0.0,0
tensor,model.language_model.layers.32.mlp.up_proj,0,1520442,27.294239717371322,1520442
tensor,model.language_model.layers.32.mlp.up_proj,1,1981005,35.56204403147978,1981005
tensor,model.language_model.layers.32.mlp.up_proj,2,1285639,23.079169778262866,1285639
tensor,model.language_model.layers.32.mlp.up_proj,3,553706,9.939862419577207,553706
tensor,model.language_model.layers.32.mlp.up_proj,4,175643,3.153058220358456,175643
tensor,model.language_model.layers.32.mlp.up_proj,5,43670,0.7839427274816176,43670
tensor,model.language_model.layers.32.mlp.up_proj,6,8709,0.1563397575827206,8709
tensor,model.language_model.layers.32.mlp.up_proj,7,1505,0.027017032398897058,1505
tensor,model.language_model.layers.32.mlp.up_proj,8,208,0.0037339154411764708,208
tensor,model.language_model.layers.32.mlp.up_proj,9,32,0.0005744485294117647,32
tensor,model.language_model.layers.32.mlp.up_proj,10,1,1.7951516544117648e-05,1
tensor,model.language_model.layers.32.mlp.up_proj,11,0,0.0,0
tensor,model.language_model.layers.32.mlp.up_proj,12,0,0.0,0
tensor,model.language_model.layers.32.mlp.up_proj,13,0,0.0,0
tensor,model.language_model.layers.32.mlp.up_proj,14,0,0.0,0
tensor,model.language_model.layers.32.mlp.up_proj,15,0,0.0,0
tensor,model.language_model.layers.32.mlp.up_proj,16,0,0.0,0
tensor,model.language_model.layers.33.mlp.down_proj,0,1530960,27.48305376838235,1530960
tensor,model.language_model.layers.33.mlp.down_proj,1,1983763,35.61155431410845,1983763
tensor,model.language_model.layers.33.mlp.down_proj,2,1280460,22.986198874080884,1280460
tensor,model.language_model.layers.33.mlp.down_proj,3,548141,9.839962230009192,548141
tensor,model.language_model.layers.33.mlp.down_proj,4,172899,3.103799258961397,172899
tensor,model.language_model.layers.33.mlp.down_proj,5,43373,0.7786111270680147,43373
tensor,model.language_model.layers.33.mlp.down_proj,6,8975,0.16111486098345587,8975
tensor,model.language_model.layers.33.mlp.down_proj,7,1618,0.029045553768382353,1618
tensor,model.language_model.layers.33.mlp.down_proj,8,288,0.005170036764705882,288
tensor,model.language_model.layers.33.mlp.down_proj,9,58,0.0010411879595588235,58
tensor,model.language_model.layers.33.mlp.down_proj,10,18,0.00032312729779411764,18
tensor,model.language_model.layers.33.mlp.down_proj,11,3,5.385454963235294e-05,3
tensor,model.language_model.layers.33.mlp.down_proj,12,3,5.385454963235294e-05,3
tensor,model.language_model.layers.33.mlp.down_proj,13,1,1.7951516544117648e-05,1
tensor,model.language_model.layers.33.mlp.down_proj,14,0,0.0,0
tensor,model.language_model.layers.33.mlp.down_proj,15,0,0.0,0
tensor,model.language_model.layers.33.mlp.down_proj,16,0,0.0,0
tensor,model.language_model.layers.33.mlp.gate_proj,0,1535740,27.568862017463236,1535740
tensor,model.language_model.layers.33.mlp.gate_proj,1,1981222,35.565939510569855,1981222
tensor,model.language_model.layers.33.mlp.gate_proj,2,1280876,22.993666704963236,1280876
tensor,model.language_model.layers.33.mlp.gate_proj,3,546077,9.802910299862132,546077
tensor,model.language_model.layers.33.mlp.gate_proj,4,172745,3.101034725413603,172745
tensor,model.language_model.layers.33.mlp.gate_proj,5,42914,0.7703713809742647,42914
tensor,model.language_model.layers.33.mlp.gate_proj,6,8838,0.15865550321691177,8838
tensor,model.language_model.layers.33.mlp.gate_proj,7,1687,0.03028420840992647,1687
tensor,model.language_model.layers.33.mlp.gate_proj,8,323,0.00579833984375,323
tensor,model.language_model.layers.33.mlp.gate_proj,9,91,0.001633588005514706,91
tensor,model.language_model.layers.33.mlp.gate_proj,10,25,0.00044878791360294115,25
tensor,model.language_model.layers.33.mlp.gate_proj,11,12,0.00021541819852941176,12
tensor,model.language_model.layers.33.mlp.gate_proj,12,4,7.180606617647059e-05,4
tensor,model.language_model.layers.33.mlp.gate_proj,13,6,0.00010770909926470588,6
tensor,model.language_model.layers.33.mlp.gate_proj,14,0,0.0,0
tensor,model.language_model.layers.33.mlp.gate_proj,15,0,0.0,0
tensor,model.language_model.layers.33.mlp.gate_proj,16,0,0.0,0
tensor,model.language_model.layers.33.mlp.up_proj,0,1515285,27.201663746553308,1515285
tensor,model.language_model.layers.33.mlp.up_proj,1,1980595,35.55468390969669,1980595
tensor,model.language_model.layers.33.mlp.up_proj,2,1291035,23.176036161534928,1291035
tensor,model.language_model.layers.33.mlp.up_proj,3,553862,9.942662856158089,553862
tensor,model.language_model.layers.33.mlp.up_proj,4,175745,3.154889275045956,175745
tensor,model.language_model.layers.33.mlp.up_proj,5,43405,0.7791855755974265,43405
tensor,model.language_model.layers.33.mlp.up_proj,6,8752,0.15711167279411764,8752
tensor,model.language_model.layers.33.mlp.up_proj,7,1558,0.027968462775735295,1558
tensor,model.language_model.layers.33.mlp.up_proj,8,253,0.004541733685661764,253
tensor,model.language_model.layers.33.mlp.up_proj,9,53,0.0009514303768382353,53
tensor,model.language_model.layers.33.mlp.up_proj,10,12,0.00021541819852941176,12
tensor,model.language_model.layers.33.mlp.up_proj,11,4,7.180606617647059e-05,4
tensor,model.language_model.layers.33.mlp.up_proj,12,0,0.0,0
tensor,model.language_model.layers.33.mlp.up_proj,13,1,1.7951516544117648e-05,1
tensor,model.language_model.layers.33.mlp.up_proj,14,0,0.0,0
tensor,model.language_model.layers.33.mlp.up_proj,15,0,0.0,0
tensor,model.language_model.layers.33.mlp.up_proj,16,0,0.0,0
tensor,model.language_model.layers.34.mlp.down_proj,0,1498261,26.89605712890625,1498261
tensor,model.language_model.layers.34.mlp.down_proj,1,1968625,35.339804256663605,1968625
tensor,model.language_model.layers.34.mlp.down_proj,2,1293344,23.217486213235293,1293344
tensor,model.language_model.layers.34.mlp.down_proj,3,563653,10.118426154641543,563653
tensor,model.language_model.layers.34.mlp.down_proj,4,183446,3.293133903952206,183446
tensor,model.language_model.layers.34.mlp.down_proj,5,48212,0.865478515625,48212
tensor,model.language_model.layers.34.mlp.down_proj,6,10933,0.19626393037683823,10933
tensor,model.language_model.layers.34.mlp.down_proj,7,2496,0.04480698529411765,2496
tensor,model.language_model.layers.34.mlp.down_proj,8,760,0.013643152573529412,760
tensor,model.language_model.layers.34.mlp.down_proj,9,328,0.005888097426470588,328
tensor,model.language_model.layers.34.mlp.down_proj,10,185,0.003321030560661765,185
tensor,model.language_model.layers.34.mlp.down_proj,11,114,0.002046472886029412,114
tensor,model.language_model.layers.34.mlp.down_proj,12,97,0.0017412971047794119,97
tensor,model.language_model.layers.34.mlp.down_proj,13,50,0.0008975758272058823,50
tensor,model.language_model.layers.34.mlp.down_proj,14,32,0.0005744485294117647,32
tensor,model.language_model.layers.34.mlp.down_proj,15,24,0.0004308363970588235,24
tensor,model.language_model.layers.34.mlp.down_proj,16,0,0.0,0
tensor,model.language_model.layers.34.mlp.gate_proj,0,1523857,27.355544146369486,1523857
tensor,model.language_model.layers.34.mlp.gate_proj,1,1978921,35.52463307100184,1978921
tensor,model.language_model.layers.34.mlp.gate_proj,2,1280341,22.984062643612134,1280341
tensor,model.language_model.layers.34.mlp.gate_proj,3,551321,9.897048052619486,551321
tensor,model.language_model.layers.34.mlp.gate_proj,4,176552,3.169376148897059,176552
tensor,model.language_model.layers.34.mlp.gate_proj,5,45755,0.8213716394761029,45755
tensor,model.language_model.layers.34.mlp.gate_proj,6,10340,0.18561868106617646,10340
tensor,model.language_model.layers.34.mlp.gate_proj,7,2281,0.04094740923713235,2281
tensor,model.language_model.layers.34.mlp.gate_proj,8,652,0.011704388786764705,652
tensor,model.language_model.layers.34.mlp.gate_proj,9,268,0.00481100643382353,268
tensor,model.language_model.layers.34.mlp.gate_proj,10,137,0.002459357766544118,137
tensor,model.language_model.layers.34.mlp.gate_proj,11,70,0.0012566061580882354,70
tensor,model.language_model.layers.34.mlp.gate_proj,12,36,0.0006462545955882353,36
tensor,model.language_model.layers.34.mlp.gate_proj,13,14,0.00025132123161764703,14
tensor,model.language_model.layers.34.mlp.gate_proj,14,11,0.00019746668198529412,11
tensor,model.language_model.layers.34.mlp.gate_proj,15,4,7.180606617647059e-05,4
tensor,model.language_model.layers.34.mlp.gate_proj,16,0,0.0,0
tensor,model.language_model.layers.34.mlp.up_proj,0,1507869,27.068535299862134,1507869
tensor,model.language_model.layers.34.mlp.up_proj,1,1975834,35.469216739430145,1975834
tensor,model.language_model.layers.34.mlp.up_proj,2,1291809,23.189930635340072,1291809
tensor,model.language_model.layers.34.mlp.up_proj,3,559236,10.039134306066176,559236
tensor,model.language_model.layers.34.mlp.up_proj,4,179608,3.2242359834558822,179608
tensor,model.language_model.layers.34.mlp.up_proj,5,44981,0.8074771656709558,44981
tensor,model.language_model.layers.34.mlp.up_proj,6,9107,0.1634844611672794,9107
tensor,model.language_model.layers.34.mlp.up_proj,7,1705,0.03060733570772059,1705
tensor,model.language_model.layers.34.mlp.up_proj,8,292,0.0052418428308823525,292
tensor,model.language_model.layers.34.mlp.up_proj,9,55,0.0009873334099264705,55
tensor,model.language_model.layers.34.mlp.up_proj,10,33,0.0005924000459558823,33
tensor,model.language_model.layers.34.mlp.up_proj,11,15,0.0002692727481617647,15
tensor,model.language_model.layers.34.mlp.up_proj,12,8,0.00014361213235294118,8
tensor,model.language_model.layers.34.mlp.up_proj,13,5,8.975758272058824e-05,5
tensor,model.language_model.layers.34.mlp.up_proj,14,2,3.5903033088235295e-05,2
tensor,model.language_model.layers.34.mlp.up_proj,15,1,1.7951516544117648e-05,1
tensor,model.language_model.layers.34.mlp.up_proj,16,0,0.0,0
tensor,model.language_model.layers.35.mlp.down_proj,0,1539551,27.637275247012866,1539551
tensor,model.language_model.layers.35.mlp.down_proj,1,1983487,35.60659969554228,1983487
tensor,model.language_model.layers.35.mlp.down_proj,2,1278514,22.95126522288603,1278514
tensor,model.language_model.layers.35.mlp.down_proj,3,543357,9.754082174862132,543357
tensor,model.language_model.layers.35.mlp.down_proj,4,171696,3.0822035845588234,171696
tensor,model.language_model.layers.35.mlp.down_proj,5,42802,0.7683608111213235,42802
tensor,model.language_model.layers.35.mlp.down_proj,6,8984,0.16127642463235295,8984
tensor,model.language_model.layers.35.mlp.down_proj,7,1634,0.029332778033088234,1634
tensor,model.language_model.layers.35.mlp.down_proj,8,344,0.00617532169117647,344
tensor,model.language_model.layers.35.mlp.down_proj,9,106,0.0019028607536764705,106
tensor,model.language_model.layers.35.mlp.down_proj,10,41,0.0007360121783088235,41
tensor,model.language_model.layers.35.mlp.down_proj,11,25,0.00044878791360294115,25
tensor,model.language_model.layers.35.mlp.down_proj,12,5,8.975758272058824e-05,5
tensor,model.language_model.layers.35.mlp.down_proj,13,12,0.00021541819852941176,12
tensor,model.language_model.layers.35.mlp.down_proj,14,1,1.7951516544117648e-05,1
tensor,model.language_model.layers.35.mlp.down_proj,15,1,1.7951516544117648e-05,1
tensor,model.language_model.layers.35.mlp.down_proj,16,0,0.0,0
tensor,model.language_model.layers.35.mlp.gate_proj,0,1545104,27.73696001838235,1545104
tensor,model.language_model.layers.35.mlp.gate_proj,1,1989765,35.71929931640625,1989765
tensor,model.language_model.layers.35.mlp.gate_proj,2,1273579,22.862674488740808,1273579
tensor,model.language_model.layers.35.mlp.gate_proj,3,539769,9.689672133501839,539769
tensor,model.language_model.layers.35.mlp.gate_proj,4,170054,3.0527271943933822,170054
tensor,model.language_model.layers.35.mlp.gate_proj,5,41978,0.7535687614889706,41978
tensor,model.language_model.layers.35.mlp.gate_proj,6,8497,0.15253403607536764,8497
tensor,model.language_model.layers.35.mlp.gate_proj,7,1455,0.026119456571691176,1455
tensor,model.language_model.layers.35.mlp.gate_proj,8,273,0.004900764016544118,273
tensor,model.language_model.layers.35.mlp.gate_proj,9,54,0.000969381893382353,54
tensor,model.language_model.layers.35.mlp.gate_proj,10,20,0.00035903033088235297,20
tensor,model.language_model.layers.35.mlp.gate_proj,11,9,0.00016156364889705882,9
tensor,model.language_model.layers.35.mlp.gate_proj,12,3,5.385454963235294e-05,3
tensor,model.language_model.layers.35.mlp.gate_proj,13,0,0.0,0
tensor,model.language_model.layers.35.mlp.gate_proj,14,0,0.0,0
tensor,model.language_model.layers.35.mlp.gate_proj,15,0,0.0,0
tensor,model.language_model.layers.35.mlp.gate_proj,16,0,0.0,0
tensor,model.language_model.layers.35.mlp.up_proj,0,1523870,27.355777516084558,1523870
tensor,model.language_model.layers.35.mlp.up_proj,1,1985071,35.63503489774816,1985071
tensor,model.language_model.layers.35.mlp.up_proj,2,1284123,23.051955279181986,1284123
tensor,model.language_model.layers.35.mlp.up_proj,3,550122,9.875524184283089,550122
tensor,model.language_model.layers.35.mlp.up_proj,4,174095,3.1252692727481617,174095
tensor,model.language_model.layers.35.mlp.up_proj,5,43128,0.7742130055147058,43128
tensor,model.language_model.layers.35.mlp.up_proj,6,8490,0.15240837545955882,8490
tensor,model.language_model.layers.35.mlp.up_proj,7,1422,0.025527056525735295,1422
tensor,model.language_model.layers.35.mlp.up_proj,8,203,0.003644157858455882,203
tensor,model.language_model.layers.35.mlp.up_proj,9,28,0.0005026424632352941,28
tensor,model.language_model.layers.35.mlp.up_proj,10,7,0.00012566061580882352,7
tensor,model.language_model.layers.35.mlp.up_proj,11,0,0.0,0
tensor,model.language_model.layers.35.mlp.up_proj,12,1,1.7951516544117648e-05,1
tensor,model.language_model.layers.35.mlp.up_proj,13,0,0.0,0
tensor,model.language_model.layers.35.mlp.up_proj,14,0,0.0,0
tensor,model.language_model.layers.35.mlp.up_proj,15,0,0.0,0
tensor,model.language_model.layers.35.mlp.up_proj,16,0,0.0,0
tensor,model.language_model.layers.36.mlp.down_proj,0,1550913,27.841240377987134,1550913
tensor,model.language_model.layers.36.mlp.down_proj,1,1994851,35.810600729549634,1994851
tensor,model.language_model.layers.36.mlp.down_proj,2,1273764,22.86599551930147,1273764
tensor,model.language_model.layers.36.mlp.down_proj,3,535322,9.609841739430147,535322
tensor,model.language_model.layers.36.mlp.down_proj,4,165419,2.969521915211397,165419
tensor,model.language_model.layers.36.mlp.down_proj,5,40619,0.7291726505055147,40619
tensor,model.language_model.layers.36.mlp.down_proj,6,7942,0.14257094439338236,7942
tensor,model.language_model.layers.36.mlp.down_proj,7,1408,0.025275735294117647,1408
tensor,model.language_model.layers.36.mlp.down_proj,8,229,0.0041108972886029415,229
tensor,model.language_model.layers.36.mlp.down_proj,9,53,0.0009514303768382353,53
tensor,model.language_model.layers.36.mlp.down_proj,10,20,0.00035903033088235297,20
tensor,model.language_model.layers.36.mlp.down_proj,11,12,0.00021541819852941176,12
tensor,model.language_model.layers.36.mlp.down_proj,12,4,7.180606617647059e-05,4
tensor,model.language_model.layers.36.mlp.down_proj,13,2,3.5903033088235295e-05,2
tensor,model.language_model.layers.36.mlp.down_proj,14,1,1.7951516544117648e-05,1
tensor,model.language_model.layers.36.mlp.down_proj,15,1,1.7951516544117648e-05,1
tensor,model.language_model.layers.36.mlp.down_proj,16,0,0.0,0
tensor,model.language_model.layers.36.mlp.gate_proj,0,1555998,27.93252383961397,1555998
tensor,model.language_model.layers.36.mlp.gate_proj,1,1992440,35.76731962316177,1992440
tensor,model.language_model.layers.36.mlp.gate_proj,2,1269687,22.7928071863511,1269687
tensor,model.language_model.layers.36.mlp.gate_proj,3,534654,9.597850126378676,534654
tensor,model.language_model.layers.36.mlp.gate_proj,4,167165,3.0008652630974266,167165
tensor,model.language_model.layers.36.mlp.gate_proj,5,40691,0.7304651596966911,40691
tensor,model.language_model.layers.36.mlp.gate_proj,6,8162,0.14652027803308823,8162
tensor,model.language_model.layers.36.mlp.gate_proj,7,1433,0.02572452320772059,1433
tensor,model.language_model.layers.36.mlp.gate_proj,8,229,0.0041108972886029415,229
tensor,model.language_model.layers.36.mlp.gate_proj,9,54,0.000969381893382353,54
tensor,model.language_model.layers.36.mlp.gate_proj,10,27,0.0004846909466911765,27
tensor,model.language_model.layers.36.mlp.gate_proj,11,10,0.00017951516544117648,10
tensor,model.language_model.layers.36.mlp.gate_proj,12,7,0.00012566061580882352,7
tensor,model.language_model.layers.36.mlp.gate_proj,13,2,3.5903033088235295e-05,2
tensor,model.language_model.layers.36.mlp.gate_proj,14,0,0.0,0
tensor,model.language_model.layers.36.mlp.gate_proj,15,1,1.7951516544117648e-05,1
tensor,model.language_model.layers.36.mlp.gate_proj,16,0,0.0,0
tensor,model.language_model.layers.36.mlp.up_proj,0,1538283,27.614512724034928,1538283
tensor,model.language_model.layers.36.mlp.up_proj,1,1990345,35.72971119600184,1990345
tensor,model.language_model.layers.36.mlp.up_proj,2,1276720,22.919060202205884,1276720
tensor,model.language_model.layers.36.mlp.up_proj,3,543923,9.764242733226103,543923
tensor,model.language_model.layers.36.mlp.up_proj,4,169993,3.051632151884191,169993
tensor,model.language_model.layers.36.mlp.up_proj,5,41507,0.7451135971966911,41507
tensor,model.language_model.layers.36.mlp.up_proj,6,8227,0.14768712660845587,8227
tensor,model.language_model.layers.36.mlp.up_proj,7,1316,0.023624195772058824,1316
tensor,model.language_model.layers.36.mlp.up_proj,8,212,0.003805721507352941,212
tensor,model.language_model.layers.36.mlp.up_proj,9,27,0.0004846909466911765,27
tensor,model.language_model.layers.36.mlp.up_proj,10,6,0.00010770909926470588,6
tensor,model.language_model.layers.36.mlp.up_proj,11,0,0.0,0
tensor,model.language_model.layers.36.mlp.up_proj,12,1,1.7951516544117648e-05,1
tensor,model.language_model.layers.36.mlp.up_proj,13,0,0.0,0
tensor,model.language_model.layers.36.mlp.up_proj,14,0,0.0,0
tensor,model.language_model.layers.36.mlp.up_proj,15,0,0.0,0
tensor,model.language_model.layers.36.mlp.up_proj,16,0,0.0,0
tensor,model.language_model.layers.37.mlp.down_proj,0,1557916,27.966954848345587,1557916
tensor,model.language_model.layers.37.mlp.down_proj,1,1996626,35.84246467141544,1996626
tensor,model.language_model.layers.37.mlp.down_proj,2,1270125,22.800669950597428,1270125
tensor,model.language_model.layers.37.mlp.down_proj,3,532825,9.565016802619486,532825
tensor,model.language_model.layers.37.mlp.down_proj,4,163861,2.9415534524356617,163861
tensor,model.language_model.layers.37.mlp.down_proj,5,39830,0.7150089039522058,39830
tensor,model.language_model.layers.37.mlp.down_proj,6,7865,0.14118867761948528,7865
tensor,model.language_model.layers.37.mlp.down_proj,7,1262,0.02265481387867647,1262
tensor,model.language_model.layers.37.mlp.down_proj,8,201,0.003608254825367647,201
tensor,model.language_model.layers.37.mlp.down_proj,9,36,0.0006462545955882353,36
tensor,model.language_model.layers.37.mlp.down_proj,10,5,8.975758272058824e-05,5
tensor,model.language_model.layers.37.mlp.down_proj,11,6,0.00010770909926470588,6
tensor,model.language_model.layers.37.mlp.down_proj,12,2,3.5903033088235295e-05,2
tensor,model.language_model.layers.37.mlp.down_proj,13,0,0.0,0
tensor,model.language_model.layers.37.mlp.down_proj,14,0,0.0,0
tensor,model.language_model.layers.37.mlp.down_proj,15,0,0.0,0
tensor,model.language_model.layers.37.mlp.down_proj,16,0,0.0,0
tensor,model.language_model.layers.37.mlp.gate_proj,0,1555906,27.930872300091913,1555906
tensor,model.language_model.layers.37.mlp.gate_proj,1,1997382,35.8560360179228,1997382
tensor,model.language_model.layers.37.mlp.gate_proj,2,1272059,22.83538818359375,1272059
tensor,model.language_model.layers.37.mlp.gate_proj,3,531841,9.547352510340074,531841
tensor,model.language_model.layers.37.mlp.gate_proj,4,164557,2.9540477079503678,164557
tensor,model.language_model.layers.37.mlp.gate_proj,5,39488,0.7088694852941176,39488
tensor,model.language_model.layers.37.mlp.gate_proj,6,7791,0.1398602653952206,7791
tensor,model.language_model.layers.37.mlp.gate_proj,7,1275,0.02288818359375,1275
tensor,model.language_model.layers.37.mlp.gate_proj,8,209,0.003751866957720588,209
tensor,model.language_model.layers.37.mlp.gate_proj,9,32,0.0005744485294117647,32
tensor,model.language_model.layers.37.mlp.gate_proj,10,15,0.0002692727481617647,15
tensor,model.language_model.layers.37.mlp.gate_proj,11,4,7.180606617647059e-05,4
tensor,model.language_model.layers.37.mlp.gate_proj,12,1,1.7951516544117648e-05,1
tensor,model.language_model.layers.37.mlp.gate_proj,13,0,0.0,0
tensor,model.language_model.layers.37.mlp.gate_proj,14,0,0.0,0
tensor,model.language_model.layers.37.mlp.gate_proj,15,0,0.0,0
tensor,model.language_model.layers.37.mlp.gate_proj,16,0,0.0,0
tensor,model.language_model.layers.37.mlp.up_proj,0,1540878,27.661096909466913,1540878
tensor,model.language_model.layers.37.mlp.up_proj,1,1995332,35.819235409007355,1995332
tensor,model.language_model.layers.37.mlp.up_proj,2,1276759,22.9197603113511,1276759
tensor,model.language_model.layers.37.mlp.up_proj,3,539803,9.690282485064339,539803
tensor,model.language_model.layers.37.mlp.up_proj,4,167943,3.01483154296875,167943
tensor,model.language_model.layers.37.mlp.up_proj,5,40596,0.728759765625,40596
tensor,model.language_model.layers.37.mlp.up_proj,6,7844,0.14081169577205882,7844
tensor,model.language_model.layers.37.mlp.up_proj,7,1214,0.021793141084558824,1214
tensor,model.language_model.layers.37.mlp.up_proj,8,156,0.002800436580882353,156
tensor,model.language_model.layers.37.mlp.up_proj,9,32,0.0005744485294117647,32
tensor,model.language_model.layers.37.mlp.up_proj,10,2,3.5903033088235295e-05,2
tensor,model.language_model.layers.37.mlp.up_proj,11,1,1.7951516544117648e-05,1
tensor,model.language_model.layers.37.mlp.up_proj,12,0,0.0,0
tensor,model.language_model.layers.37.mlp.up_proj,13,0,0.0,0
tensor,model.language_model.layers.37.mlp.up_proj,14,0,0.0,0
tensor,model.language_model.layers.37.mlp.up_proj,15,0,0.0,0
tensor,model.language_model.layers.37.mlp.up_proj,16,0,0.0,0
tensor,model.language_model.layers.38.mlp.down_proj,0,1558018,27.968785903033087,1558018
tensor,model.language_model.layers.38.mlp.down_proj,1,1994142,35.797873104319855,1994142
tensor,model.language_model.layers.38.mlp.down_proj,2,1268835,22.777512494255514,1268835
tensor,model.language_model.layers.38.mlp.down_proj,3,533010,9.568337833180147,533010
tensor,model.language_model.layers.38.mlp.down_proj,4,166188,2.9833266314338234,166188
tensor,model.language_model.layers.38.mlp.down_proj,5,40357,0.7244693531709558,40357
tensor,model.language_model.layers.38.mlp.down_proj,6,8180,0.14684340533088236,8180
tensor,model.language_model.layers.38.mlp.down_proj,7,1458,0.02617331112132353,1458
tensor,model.language_model.layers.38.mlp.down_proj,8,280,0.0050264246323529415,280
tensor,model.language_model.layers.38.mlp.down_proj,9,59,0.001059139476102941,59
tensor,model.language_model.layers.38.mlp.down_proj,10,22,0.00039493336397058824,22
tensor,model.language_model.layers.38.mlp.down_proj,11,4,7.180606617647059e-05,4
tensor,model.language_model.layers.38.mlp.down_proj,12,2,3.5903033088235295e-05,2
tensor,model.language_model.layers.38.mlp.down_proj,13,1,1.7951516544117648e-05,1
tensor,model.language_model.layers.38.mlp.down_proj,14,3,5.385454963235294e-05,3
tensor,model.language_model.layers.38.mlp.down_proj,15,1,1.7951516544117648e-05,1
tensor,model.language_model.layers.38.mlp.down_proj,16,0,0.0,0
tensor,model.language_model.layers.38.mlp.gate_proj,0,1558061,27.969557818244486,1558061
tensor,model.language_model.layers.38.mlp.gate_proj,1,1995296,35.81858915441177,1995296
tensor,model.language_model.layers.38.mlp.gate_proj,2,1267576,22.75491153492647,1267576
tensor,model.language_model.layers.38.mlp.gate_proj,3,534287,9.591261919806986,534287
tensor,model.language_model.layers.38.mlp.gate_proj,4,165210,2.9657700482536766,165210
tensor,model.language_model.layers.38.mlp.gate_proj,5,40332,0.7240205652573529,40332
tensor,model.language_model.layers.38.mlp.gate_proj,6,8082,0.14508415670955882,8082
tensor,model.language_model.layers.38.mlp.gate_proj,7,1384,0.024844898897058824,1384
tensor,model.language_model.layers.38.mlp.gate_proj,8,251,0.00450583065257353,251
tensor,model.language_model.layers.38.mlp.gate_proj,9,50,0.0008975758272058823,50
tensor,model.language_model.layers.38.mlp.gate_proj,10,22,0.00039493336397058824,22
tensor,model.language_model.layers.38.mlp.gate_proj,11,3,5.385454963235294e-05,3
tensor,model.language_model.layers.38.mlp.gate_proj,12,3,5.385454963235294e-05,3
tensor,model.language_model.layers.38.mlp.gate_proj,13,3,5.385454963235294e-05,3
tensor,model.language_model.layers.38.mlp.gate_proj,14,0,0.0,0
tensor,model.language_model.layers.38.mlp.gate_proj,15,0,0.0,0
tensor,model.language_model.layers.38.mlp.gate_proj,16,0,0.0,0
tensor,model.language_model.layers.38.mlp.up_proj,0,1540834,27.66030704273897,1540834
tensor,model.language_model.layers.38.mlp.up_proj,1,1989119,35.70770263671875,1989119
tensor,model.language_model.layers.38.mlp.up_proj,2,1276582,22.916582892922793,1276582
tensor,model.language_model.layers.38.mlp.up_proj,3,541750,9.725234087775736,541750
tensor,model.language_model.layers.38.mlp.up_proj,4,170294,3.0570355583639706,170294
tensor,model.language_model.layers.38.mlp.up_proj,5,42104,0.7558306525735294,42104
tensor,model.language_model.layers.38.mlp.up_proj,6,8236,0.14784869025735295,8236
tensor,model.language_model.layers.38.mlp.up_proj,7,1419,0.025473201976102942,1419
tensor,model.language_model.layers.38.mlp.up_proj,8,187,0.00335693359375,187
tensor,model.language_model.layers.38.mlp.up_proj,9,26,0.00046673943014705885,26
tensor,model.language_model.layers.38.mlp.up_proj,10,6,0.00010770909926470588,6
tensor,model.language_model.layers.38.mlp.up_proj,11,2,3.5903033088235295e-05,2
tensor,model.language_model.layers.38.mlp.up_proj,12,1,1.7951516544117648e-05,1
tensor,model.language_model.layers.38.mlp.up_proj,13,0,0.0,0
tensor,model.language_model.layers.38.mlp.up_proj,14,0,0.0,0
tensor,model.language_model.layers.38.mlp.up_proj,15,0,0.0,0
tensor,model.language_model.layers.38.mlp.up_proj,16,0,0.0,0
tensor,model.language_model.layers.39.mlp.down_proj,0,1564093,28.0778413660386,1564093
tensor,model.language_model.layers.39.mlp.down_proj,1,1997812,35.86375517003677,1997812
tensor,model.language_model.layers.39.mlp.down_proj,2,1266153,22.729366526884192,1266153
tensor,model.language_model.layers.39.mlp.down_proj,3,530886,9.530208812040442,530886
tensor,model.language_model.layers.39.mlp.down_proj,4,163426,2.9337445427389706,163426
tensor,model.language_model.layers.39.mlp.down_proj,5,39292,0.7053509880514706,39292
tensor,model.language_model.layers.39.mlp.down_proj,6,7450,0.13373879825367646,7450
tensor,model.language_model.layers.39.mlp.down_proj,7,1253,0.02249325022977941,1253
tensor,model.language_model.layers.39.mlp.down_proj,8,167,0.002997903262867647,167
tensor,model.language_model.layers.39.mlp.down_proj,9,20,0.00035903033088235297,20
tensor,model.language_model.layers.39.mlp.down_proj,10,2,3.5903033088235295e-05,2
tensor,model.language_model.layers.39.mlp.down_proj,11,3,5.385454963235294e-05,3
tensor,model.language_model.layers.39.mlp.down_proj,12,3,5.385454963235294e-05,3
tensor,model.language_model.layers.39.mlp.down_proj,13,0,0.0,0
tensor,model.language_model.layers.39.mlp.down_proj,14,0,0.0,0
tensor,model.language_model.layers.39.mlp.down_proj,15,0,0.0,0
tensor,model.language_model.layers.39.mlp.down_proj,16,0,0.0,0
tensor,model.language_model.layers.39.mlp.gate_proj,0,1566055,28.113062241498163,1566055
tensor,model.language_model.layers.39.mlp.gate_proj,1,2001824,35.93577665441177,2001824
tensor,model.language_model.layers.39.mlp.gate_proj,2,1266092,22.728271484375,1266092
tensor,model.language_model.layers.39.mlp.gate_proj,3,527191,9.463877958409926,527191
tensor,model.language_model.layers.39.mlp.gate_proj,4,161489,2.8989724551930145,161489
tensor,model.language_model.layers.39.mlp.gate_proj,5,38868,0.6977395450367647,38868
tensor,model.language_model.layers.39.mlp.gate_proj,6,7672,0.1377240349264706,7672
tensor,model.language_model.layers.39.mlp.gate_proj,7,1195,0.02145206227022059,1195
tensor,model.language_model.layers.39.mlp.gate_proj,8,147,0.002638872931985294,147
tensor,model.language_model.layers.39.mlp.gate_proj,9,22,0.00039493336397058824,22
tensor,model.language_model.layers.39.mlp.gate_proj,10,3,5.385454963235294e-05,3
tensor,model.language_model.layers.39.mlp.gate_proj,11,2,3.5903033088235295e-05,2
tensor,model.language_model.layers.39.mlp.gate_proj,12,0,0.0,0
tensor,model.language_model.layers.39.mlp.gate_proj,13,0,0.0,0
tensor,model.language_model.layers.39.mlp.gate_proj,14,0,0.0,0
tensor,model.language_model.layers.39.mlp.gate_proj,15,0,0.0,0
tensor,model.language_model.layers.39.mlp.gate_proj,16,0,0.0,0
tensor,model.language_model.layers.39.mlp.up_proj,0,1549023,27.80731201171875,1549023
tensor,model.language_model.layers.39.mlp.up_proj,1,1995882,35.829108743106616,1995882
tensor,model.language_model.layers.39.mlp.up_proj,2,1275147,22.890822466681986,1275147
tensor,model.language_model.layers.39.mlp.up_proj,3,536748,9.635440602022058,536748
tensor,model.language_model.layers.39.mlp.up_proj,4,165034,2.9626105813419117,165034
tensor,model.language_model.layers.39.mlp.up_proj,5,39701,0.7126931583180147,39701
tensor,model.language_model.layers.39.mlp.up_proj,6,7646,0.13725729549632354,7646
tensor,model.language_model.layers.39.mlp.up_proj,7,1187,0.021308450137867647,1187
tensor,model.language_model.layers.39.mlp.up_proj,8,167,0.002997903262867647,167
tensor,model.language_model.layers.39.mlp.up_proj,9,21,0.0003769818474264706,21
tensor,model.language_model.layers.39.mlp.up_proj,10,3,5.385454963235294e-05,3
tensor,model.language_model.layers.39.mlp.up_proj,11,1,1.7951516544117648e-05,1
tensor,model.language_model.layers.39.mlp.up_proj,12,0,0.0,0
tensor,model.language_model.layers.39.mlp.up_proj,13,0,0.0,0
tensor,model.language_model.layers.39.mlp.up_proj,14,0,0.0,0
tensor,model.language_model.layers.39.mlp.up_proj,15,0,0.0,0
tensor,model.language_model.layers.39.mlp.up_proj,16,0,0.0,0
tensor,model.language_model.layers.4.mlp.down_proj,0,1571909,28.218150419347428,1571909
tensor,model.language_model.layers.4.mlp.down_proj,1,1999745,35.89845545151655,1999745
tensor,model.language_model.layers.4.mlp.down_proj,2,1261237,22.641116871553308,1261237
tensor,model.language_model.layers.4.mlp.down_proj,3,527029,9.460969812729779,527029
tensor,model.language_model.layers.4.mlp.down_proj,4,162417,2.915631462545956,162417
tensor,model.language_model.layers.4.mlp.down_proj,5,39014,0.7003604664522058,39014
tensor,model.language_model.layers.4.mlp.down_proj,6,7731,0.13878317440257354,7731
tensor,model.language_model.layers.4.mlp.down_proj,7,1261,0.022636862362132353,1261
tensor,model.language_model.layers.4.mlp.down_proj,8,171,0.003069709329044118,171
tensor,model.language_model.layers.4.mlp.down_proj,9,33,0.0005924000459558823,33
tensor,model.language_model.layers.4.mlp.down_proj,10,6,0.00010770909926470588,6
tensor,model.language_model.layers.4.mlp.down_proj,11,3,5.385454963235294e-05,3
tensor,model.language_model.layers.4.mlp.down_proj,12,3,5.385454963235294e-05,3
tensor,model.language_model.layers.4.mlp.down_proj,13,0,0.0,0
tensor,model.language_model.layers.4.mlp.down_proj,14,1,1.7951516544117648e-05,1
tensor,model.language_model.layers.4.mlp.down_proj,15,0,0.0,0
tensor,model.language_model.layers.4.mlp.down_proj,16,0,0.0,0
tensor,model.language_model.layers.4.mlp.gate_proj,0,1571489,28.2106107823989,1571489
tensor,model.language_model.layers.4.mlp.gate_proj,1,2001191,35.92441334443934,2001191
tensor,model.language_model.layers.4.mlp.gate_proj,2,1263088,22.67434512867647,1263088
tensor,model.language_model.layers.4.mlp.gate_proj,3,525083,9.426036161534926,525083
tensor,model.language_model.layers.4.mlp.gate_proj,4,161551,2.90008544921875,161551
tensor,model.language_model.layers.4.mlp.gate_proj,5,39034,0.7007194967830882,39034
tensor,model.language_model.layers.4.mlp.gate_proj,6,7656,0.13743681066176472,7656
tensor,model.language_model.layers.4.mlp.gate_proj,7,1262,0.02265481387867647,1262
tensor,model.language_model.layers.4.mlp.gate_proj,8,171,0.003069709329044118,171
tensor,model.language_model.layers.4.mlp.gate_proj,9,28,0.0005026424632352941,28
tensor,model.language_model.layers.4.mlp.gate_proj,10,5,8.975758272058824e-05,5
tensor,model.language_model.layers.4.mlp.gate_proj,11,1,1.7951516544117648e-05,1
tensor,model.language_model.layers.4.mlp.gate_proj,12,1,1.7951516544117648e-05,1
tensor,model.language_model.layers.4.mlp.gate_proj,13,0,0.0,0
tensor,model.language_model.layers.4.mlp.gate_proj,14,0,0.0,0
tensor,model.language_model.layers.4.mlp.gate_proj,15,0,0.0,0
tensor,model.language_model.layers.4.mlp.gate_proj,16,0,0.0,0
tensor,model.language_model.layers.4.mlp.up_proj,0,1565599,28.104876349954043,1565599
tensor,model.language_model.layers.4.mlp.up_proj,1,2000685,35.91532987706802,2000685
tensor,model.language_model.layers.4.mlp.up_proj,2,1266852,22.74191463694853,1266852
tensor,model.language_model.layers.4.mlp.up_proj,3,526544,9.452263327205882,526544
tensor,model.language_model.layers.4.mlp.up_proj,4,162592,2.9187729779411766,162592
tensor,model.language_model.layers.4.mlp.up_proj,5,39377,0.7068768669577206,39377
tensor,model.language_model.layers.4.mlp.up_proj,6,7549,0.13551599839154413,7549
tensor,model.language_model.layers.4.mlp.up_proj,7,1169,0.02098532284007353,1169
tensor,model.language_model.layers.4.mlp.up_proj,8,177,0.0031774184283088237,177
tensor,model.language_model.layers.4.mlp.up_proj,9,13,0.00023336971507352942,13
tensor,model.language_model.layers.4.mlp.up_proj,10,3,5.385454963235294e-05,3
tensor,model.language_model.layers.4.mlp.up_proj,11,0,0.0,0
tensor,model.language_model.layers.4.mlp.up_proj,12,0,0.0,0
tensor,model.language_model.layers.4.mlp.up_proj,13,0,0.0,0
tensor,model.language_model.layers.4.mlp.up_proj,14,0,0.0,0
tensor,model.language_model.layers.4.mlp.up_proj,15,0,0.0,0
tensor,model.language_model.layers.4.mlp.up_proj,16,0,0.0,0
tensor,model.language_model.layers.40.mlp.down_proj,0,1559832,28.001349954044116,1559832
tensor,model.language_model.layers.40.mlp.down_proj,1,1994305,35.80079920151655,1994305
tensor,model.language_model.layers.40.mlp.down_proj,2,1269783,22.794530531939337,1269783
tensor,model.language_model.layers.40.mlp.down_proj,3,532448,9.558249080882353,532448
tensor,model.language_model.layers.40.mlp.down_proj,4,165281,2.967044605928309,165281
tensor,model.language_model.layers.40.mlp.down_proj,5,39825,0.7149191463694853,39825
tensor,model.language_model.layers.40.mlp.down_proj,6,7644,0.13722139246323528,7644
tensor,model.language_model.layers.40.mlp.down_proj,7,1204,0.021613625919117647,1204
tensor,model.language_model.layers.40.mlp.down_proj,8,197,0.0035364487591911763,197
tensor,model.language_model.layers.40.mlp.down_proj,9,34,0.0006103515625,34
tensor,model.language_model.layers.40.mlp.down_proj,10,3,5.385454963235294e-05,3
tensor,model.language_model.layers.40.mlp.down_proj,11,2,3.5903033088235295e-05,2
tensor,model.language_model.layers.40.mlp.down_proj,12,2,3.5903033088235295e-05,2
tensor,model.language_model.layers.40.mlp.down_proj,13,0,0.0,0
tensor,model.language_model.layers.40.mlp.down_proj,14,0,0.0,0
tensor,model.language_model.layers.40.mlp.down_proj,15,0,0.0,0
tensor,model.language_model.layers.40.mlp.down_proj,16,0,0.0,0
tensor,model.language_model.layers.40.mlp.gate_proj,0,1557613,27.96151553883272,1557613
tensor,model.language_model.layers.40.mlp.gate_proj,1,1997255,35.85375617532169,1997255
tensor,model.language_model.layers.40.mlp.gate_proj,2,1271573,22.826663746553308,1271573
tensor,model.language_model.layers.40.mlp.gate_proj,3,532325,9.556041044347426,532325
tensor,model.language_model.layers.40.mlp.gate_proj,4,163457,2.9343010397518383,163457
tensor,model.language_model.layers.40.mlp.gate_proj,5,39157,0.7029275333180147,39157
tensor,model.language_model.layers.40.mlp.gate_proj,6,7692,0.13808306525735295,7692
tensor,model.language_model.layers.40.mlp.gate_proj,7,1283,0.023031795726102942,1283
tensor,model.language_model.layers.40.mlp.gate_proj,8,163,0.0029260971966911763,163
tensor,model.language_model.layers.40.mlp.gate_proj,9,30,0.0005385454963235295,30
tensor,model.language_model.layers.40.mlp.gate_proj,10,7,0.00012566061580882352,7
tensor,model.language_model.layers.40.mlp.gate_proj,11,3,5.385454963235294e-05,3
tensor,model.language_model.layers.40.mlp.gate_proj,12,2,3.5903033088235295e-05,2
tensor,model.language_model.layers.40.mlp.gate_proj,13,0,0.0,0
tensor,model.language_model.layers.40.mlp.gate_proj,14,0,0.0,0
tensor,model.language_model.layers.40.mlp.gate_proj,15,0,0.0,0
tensor,model.language_model.layers.40.mlp.gate_proj,16,0,0.0,0
tensor,model.language_model.layers.40.mlp.up_proj,0,1533565,27.52981746897978,1533565
tensor,model.language_model.layers.40.mlp.up_proj,1,1990372,35.73019588694853,1990372
tensor,model.language_model.layers.40.mlp.up_proj,2,1280677,22.990094353170957,1280677
tensor,model.language_model.layers.40.mlp.up_proj,3,544742,9.778945025275736,544742
tensor,model.language_model.layers.40.mlp.up_proj,4,170360,3.0582203584558822,170360
tensor,model.language_model.layers.40.mlp.up_proj,5,41174,0.7391357421875,41174
tensor,model.language_model.layers.40.mlp.up_proj,6,8097,0.1453534294577206,8097
tensor,model.language_model.layers.40.mlp.up_proj,7,1338,0.02401912913602941,1338
tensor,model.language_model.layers.40.mlp.up_proj,8,204,0.003662109375,204
tensor,model.language_model.layers.40.mlp.up_proj,9,26,0.00046673943014705885,26
tensor,model.language_model.layers.40.mlp.up_proj,10,4,7.180606617647059e-05,4
tensor,model.language_model.layers.40.mlp.up_proj,11,1,1.7951516544117648e-05,1
tensor,model.language_model.layers.40.mlp.up_proj,12,0,0.0,0
tensor,model.language_model.layers.40.mlp.up_proj,13,0,0.0,0
tensor,model.language_model.layers.40.mlp.up_proj,14,0,0.0,0
tensor,model.language_model.layers.40.mlp.up_proj,15,0,0.0,0
tensor,model.language_model.layers.40.mlp.up_proj,16,0,0.0,0
tensor,model.language_model.layers.41.mlp.down_proj,0,1554262,27.901360006893384,1554262
tensor,model.language_model.layers.41.mlp.down_proj,1,1992228,35.76351390165441,1992228
tensor,model.language_model.layers.41.mlp.down_proj,2,1273422,22.859856100643384,1273422
tensor,model.language_model.layers.41.mlp.down_proj,3,535365,9.610613654641543,535365
tensor,model.language_model.layers.41.mlp.down_proj,4,165741,2.975302303538603,165741
tensor,model.language_model.layers.41.mlp.down_proj,5,40132,0.7204302619485294,40132
tensor,model.language_model.layers.41.mlp.down_proj,6,7886,0.14156565946691177,7886
tensor,model.language_model.layers.41.mlp.down_proj,7,1277,0.022924086626838234,1277
tensor,model.language_model.layers.41.mlp.down_proj,8,178,0.003195369944852941,178
tensor,model.language_model.layers.41.mlp.down_proj,9,46,0.0008257697610294118,46
tensor,model.language_model.layers.41.mlp.down_proj,10,10,0.00017951516544117648,10
tensor,model.language_model.layers.41.mlp.down_proj,11,10,0.00017951516544117648,10
tensor,model.language_model.layers.41.mlp.down_proj,12,3,5.385454963235294e-05,3
tensor,model.language_model.layers.41.mlp.down_proj,13,0,0.0,0
tensor,model.language_model.layers.41.mlp.down_proj,14,0,0.0,0
tensor,model.language_model.layers.41.mlp.down_proj,15,0,0.0,0
tensor,model.language_model.layers.41.mlp.down_proj,16,0,0.0,0
tensor,model.language_model.layers.41.mlp.gate_proj,0,1550471,27.833305807674634,1550471
tensor,model.language_model.layers.41.mlp.gate_proj,1,1996500,35.840202780330884,1996500
tensor,model.language_model.layers.41.mlp.gate_proj,2,1273379,22.859084185431986,1273379
tensor,model.language_model.layers.41.mlp.gate_proj,3,534570,9.596342198988971,534570
tensor,model.language_model.layers.41.mlp.gate_proj,4,165756,2.9755715762867645,165756
tensor,model.language_model.layers.41.mlp.gate_proj,5,40153,0.7208072437959558,40153
tensor,model.language_model.layers.41.mlp.gate_proj,6,8054,0.14458151424632354,8054
tensor,model.language_model.layers.41.mlp.gate_proj,7,1373,0.02464743221507353,1373
tensor,model.language_model.layers.41.mlp.gate_proj,8,225,0.00403909122242647,225
tensor,model.language_model.layers.41.mlp.gate_proj,9,56,0.0010052849264705881,56
tensor,model.language_model.layers.41.mlp.gate_proj,10,16,0.00028722426470588236,16
tensor,model.language_model.layers.41.mlp.gate_proj,11,6,0.00010770909926470588,6
tensor,model.language_model.layers.41.mlp.gate_proj,12,1,1.7951516544117648e-05,1
tensor,model.language_model.layers.41.mlp.gate_proj,13,0,0.0,0
tensor,model.language_model.layers.41.mlp.gate_proj,14,0,0.0,0
tensor,model.language_model.layers.41.mlp.gate_proj,15,0,0.0,0
tensor,model.language_model.layers.41.mlp.gate_proj,16,0,0.0,0
tensor,model.language_model.layers.41.mlp.up_proj,0,1526137,27.396473604090072,1526137
tensor,model.language_model.layers.41.mlp.up_proj,1,1988658,35.69942698759191,1988658
tensor,model.language_model.layers.41.mlp.up_proj,2,1284252,23.054271024816178,1284252
tensor,model.language_model.layers.41.mlp.up_proj,3,548154,9.840195599724264,548154
tensor,model.language_model.layers.41.mlp.up_proj,4,171610,3.0806597541360294,171610
tensor,model.language_model.layers.41.mlp.up_proj,5,41889,0.7519710765165442,41889
tensor,model.language_model.layers.41.mlp.up_proj,6,8183,0.14689725988051472,8183
tensor,model.language_model.layers.41.mlp.up_proj,7,1431,0.025688620174632353,1431
tensor,model.language_model.layers.41.mlp.up_proj,8,196,0.003518497242647059,196
tensor,model.language_model.layers.41.mlp.up_proj,9,43,0.0007719152113970588,43
tensor,model.language_model.layers.41.mlp.up_proj,10,6,0.00010770909926470588,6
tensor,model.language_model.layers.41.mlp.up_proj,11,1,1.7951516544117648e-05,1
tensor,model.language_model.layers.41.mlp.up_proj,12,0,0.0,0
tensor,model.language_model.layers.41.mlp.up_proj,13,0,0.0,0
tensor,model.language_model.layers.41.mlp.up_proj,14,0,0.0,0
tensor,model.language_model.layers.41.mlp.up_proj,15,0,0.0,0
tensor,model.language_model.layers.41.mlp.up_proj,16,0,0.0,0
tensor,model.language_model.layers.42.mlp.down_proj,0,1545683,27.7473539464614,1545683
tensor,model.language_model.layers.42.mlp.down_proj,1,1991024,35.7419002757353,1991024
tensor,model.language_model.layers.42.mlp.down_proj,2,1275327,22.894053739659928,1275327
tensor,model.language_model.layers.42.mlp.down_proj,3,538705,9.670571719898897,538705
tensor,model.language_model.layers.42.mlp.down_proj,4,168497,3.024776683134191,168497
tensor,model.language_model.layers.42.mlp.down_proj,5,41166,0.7389921300551471,41166
tensor,model.language_model.layers.42.mlp.down_proj,6,8359,0.1500567267922794,8359
tensor,model.language_model.layers.42.mlp.down_proj,7,1445,0.02593994140625,1445
tensor,model.language_model.layers.42.mlp.down_proj,8,232,0.004164751838235294,232
tensor,model.language_model.layers.42.mlp.down_proj,9,73,0.0013104607077205881,73
tensor,model.language_model.layers.42.mlp.down_proj,10,25,0.00044878791360294115,25
tensor,model.language_model.layers.42.mlp.down_proj,11,16,0.00028722426470588236,16
tensor,model.language_model.layers.42.mlp.down_proj,12,4,7.180606617647059e-05,4
tensor,model.language_model.layers.42.mlp.down_proj,13,2,3.5903033088235295e-05,2
tensor,model.language_model.layers.42.mlp.down_proj,14,2,3.5903033088235295e-05,2
tensor,model.language_model.layers.42.mlp.down_proj,15,0,0.0,0
tensor,model.language_model.layers.42.mlp.down_proj,16,0,0.0,0
tensor,model.language_model.layers.42.mlp.gate_proj,0,1546204,27.756706686580884,1546204
tensor,model.language_model.layers.42.mlp.gate_proj,1,1991917,35.75793098000919,1991917
tensor,model.language_model.layers.42.mlp.gate_proj,2,1272454,22.842479032628678,1272454
tensor,model.language_model.layers.42.mlp.gate_proj,3,538296,9.663229549632353,538296
tensor,model.language_model.layers.42.mlp.gate_proj,4,169191,3.037235035615809,169191
tensor,model.language_model.layers.42.mlp.gate_proj,5,41767,0.7497809914981618,41767
tensor,model.language_model.layers.42.mlp.gate_proj,6,8561,0.15368293313419118,8561
tensor,model.language_model.layers.42.mlp.gate_proj,7,1681,0.030176499310661766,1681
tensor,model.language_model.layers.42.mlp.gate_proj,8,336,0.00603170955882353,336
tensor,model.language_model.layers.42.mlp.gate_proj,9,90,0.0016156364889705881,90
tensor,model.language_model.layers.42.mlp.gate_proj,10,34,0.0006103515625,34
tensor,model.language_model.layers.42.mlp.gate_proj,11,23,0.0004128848805147059,23
tensor,model.language_model.layers.42.mlp.gate_proj,12,3,5.385454963235294e-05,3
tensor,model.language_model.layers.42.mlp.gate_proj,13,2,3.5903033088235295e-05,2
tensor,model.language_model.layers.42.mlp.gate_proj,14,1,1.7951516544117648e-05,1
tensor,model.language_model.layers.42.mlp.gate_proj,15,0,0.0,0
tensor,model.language_model.layers.42.mlp.gate_proj,16,0,0.0,0
tensor,model.language_model.layers.42.mlp.up_proj,0,1522943,27.339136460248163,1522943
tensor,model.language_model.layers.42.mlp.up_proj,1,1985363,35.64027674057905,1985363
tensor,model.language_model.layers.42.mlp.up_proj,2,1284744,23.063103170955884,1284744
tensor,model.language_model.layers.42.mlp.up_proj,3,549875,9.871090159696692,549875
tensor,model.language_model.layers.42.mlp.up_proj,4,173557,3.1156113568474266,173557
tensor,model.language_model.layers.42.mlp.up_proj,5,43393,0.7789701573988971,43393
tensor,model.language_model.layers.42.mlp.up_proj,6,8773,0.15748865464154413,8773
tensor,model.language_model.layers.42.mlp.up_proj,7,1571,0.028201832490808824,1571
tensor,model.language_model.layers.42.mlp.up_proj,8,257,0.004613539751838236,257
tensor,model.language_model.layers.42.mlp.up_proj,9,58,0.0010411879595588235,58
tensor,model.language_model.layers.42.mlp.up_proj,10,17,0.00030517578125,17
tensor,model.language_model.layers.42.mlp.up_proj,11,5,8.975758272058824e-05,5
tensor,model.language_model.layers.42.mlp.up_proj,12,2,3.5903033088235295e-05,2
tensor,model.language_model.layers.42.mlp.up_proj,13,2,3.5903033088235295e-05,2
tensor,model.language_model.layers.42.mlp.up_proj,14,0,0.0,0
tensor,model.language_model.layers.42.mlp.up_proj,15,0,0.0,0
tensor,model.language_model.layers.42.mlp.up_proj,16,0,0.0,0
tensor,model.language_model.layers.43.mlp.down_proj,0,1549674,27.81899844898897,1549674
tensor,model.language_model.layers.43.mlp.down_proj,1,1991330,35.7473934397978,1991330
tensor,model.language_model.layers.43.mlp.down_proj,2,1274239,22.874522489659928,1274239
tensor,model.language_model.layers.43.mlp.down_proj,3,537727,9.65301513671875,537727
tensor,model.language_model.layers.43.mlp.down_proj,4,167238,3.002175723805147,167238
tensor,model.language_model.layers.43.mlp.down_proj,5,40864,0.7335707720588235,40864
tensor,model.language_model.layers.43.mlp.down_proj,6,7873,0.14133228975183823,7873
tensor,model.language_model.layers.43.mlp.down_proj,7,1384,0.024844898897058824,1384
tensor,model.language_model.layers.43.mlp.down_proj,8,185,0.003321030560661765,185
tensor,model.language_model.layers.43.mlp.down_proj,9,34,0.0006103515625,34
tensor,model.language_model.layers.43.mlp.down_proj,10,5,8.975758272058824e-05,5
tensor,model.language_model.layers.43.mlp.down_proj,11,2,3.5903033088235295e-05,2
tensor,model.language_model.layers.43.mlp.down_proj,12,2,3.5903033088235295e-05,2
tensor,model.language_model.layers.43.mlp.down_proj,13,2,3.5903033088235295e-05,2
tensor,model.language_model.layers.43.mlp.down_proj,14,0,0.0,0
tensor,model.language_model.layers.43.mlp.down_proj,15,1,1.7951516544117648e-05,1
tensor,model.language_model.layers.43.mlp.down_proj,16,0,0.0,0
tensor,model.language_model.layers.43.mlp.gate_proj,0,1548653,27.800669950597428,1548653
tensor,model.language_model.layers.43.mlp.gate_proj,1,1994966,35.8126651539522,1994966
tensor,model.language_model.layers.43.mlp.gate_proj,2,1273640,22.86376953125,1273640
tensor,model.language_model.layers.43.mlp.gate_proj,3,536136,9.624454273897058,536136
tensor,model.language_model.layers.43.mlp.gate_proj,4,167055,2.9988905962775734,167055
tensor,model.language_model.layers.43.mlp.gate_proj,5,40490,0.7268569048713235,40490
tensor,model.language_model.layers.43.mlp.gate_proj,6,7992,0.14346852022058823,7992
tensor,model.language_model.layers.43.mlp.gate_proj,7,1411,0.02532958984375,1411
tensor,model.language_model.layers.43.mlp.gate_proj,8,173,0.003105612362132353,173
tensor,model.language_model.layers.43.mlp.gate_proj,9,27,0.0004846909466911765,27
tensor,model.language_model.layers.43.mlp.gate_proj,10,14,0.00025132123161764703,14
tensor,model.language_model.layers.43.mlp.gate_proj,11,3,5.385454963235294e-05,3
tensor,model.language_model.layers.43.mlp.gate_proj,12,0,0.0,0
tensor,model.language_model.layers.43.mlp.gate_proj,13,0,0.0,0
tensor,model.language_model.layers.43.mlp.gate_proj,14,0,0.0,0
tensor,model.language_model.layers.43.mlp.gate_proj,15,0,0.0,0
tensor,model.language_model.layers.43.mlp.gate_proj,16,0,0.0,0
tensor,model.language_model.layers.43.mlp.up_proj,0,1528990,27.447689280790442,1528990
tensor,model.language_model.layers.43.mlp.up_proj,1,1988554,35.697560029871326,1988554
tensor,model.language_model.layers.43.mlp.up_proj,2,1282932,23.030575022977942,1282932
tensor,model.language_model.layers.43.mlp.up_proj,3,545930,9.800271426930147,545930
tensor,model.language_model.layers.43.mlp.up_proj,4,171483,3.0783799115349266,171483
tensor,model.language_model.layers.43.mlp.up_proj,5,42475,0.7624906652113971,42475
tensor,model.language_model.layers.43.mlp.up_proj,6,8595,0.15429328469669118,8595
tensor,model.language_model.layers.43.mlp.up_proj,7,1355,0.02432430491727941,1355
tensor,model.language_model.layers.43.mlp.up_proj,8,208,0.0037339154411764708,208
tensor,model.language_model.layers.43.mlp.up_proj,9,28,0.0005026424632352941,28
tensor,model.language_model.layers.43.mlp.up_proj,10,6,0.00010770909926470588,6
tensor,model.language_model.layers.43.mlp.up_proj,11,1,1.7951516544117648e-05,1
tensor,model.language_model.layers.43.mlp.up_proj,12,2,3.5903033088235295e-05,2
tensor,model.language_model.layers.43.mlp.up_proj,13,1,1.7951516544117648e-05,1
tensor,model.language_model.layers.43.mlp.up_proj,14,0,0.0,0
tensor,model.language_model.layers.43.mlp.up_proj,15,0,0.0,0
tensor,model.language_model.layers.43.mlp.up_proj,16,0,0.0,0
tensor,model.language_model.layers.44.mlp.down_proj,0,1545288,27.74026309742647,1545288
tensor,model.language_model.layers.44.mlp.down_proj,1,1992653,35.77114329618566,1992653
tensor,model.language_model.layers.44.mlp.down_proj,2,1276744,22.919491038602942,1276744
tensor,model.language_model.layers.44.mlp.down_proj,3,538052,9.658849379595589,538052
tensor,model.language_model.layers.44.mlp.down_proj,4,167435,3.0057121725643383,167435
tensor,model.language_model.layers.44.mlp.down_proj,5,40698,0.7305908203125,40698
tensor,model.language_model.layers.44.mlp.down_proj,6,7979,0.14323515050551472,7979
tensor,model.language_model.layers.44.mlp.down_proj,7,1424,0.02556295955882353,1424
tensor,model.language_model.layers.44.mlp.down_proj,8,204,0.003662109375,204
tensor,model.language_model.layers.44.mlp.down_proj,9,63,0.0011309455422794119,63
tensor,model.language_model.layers.44.mlp.down_proj,10,16,0.00028722426470588236,16
tensor,model.language_model.layers.44.mlp.down_proj,11,1,1.7951516544117648e-05,1
tensor,model.language_model.layers.44.mlp.down_proj,12,2,3.5903033088235295e-05,2
tensor,model.language_model.layers.44.mlp.down_proj,13,1,1.7951516544117648e-05,1
tensor,model.language_model.layers.44.mlp.down_proj,14,0,0.0,0
tensor,model.language_model.layers.44.mlp.down_proj,15,0,0.0,0
tensor,model.language_model.layers.44.mlp.down_proj,16,0,0.0,0
tensor,model.language_model.layers.44.mlp.gate_proj,0,1547690,27.783382640165442,1547690
tensor,model.language_model.layers.44.mlp.gate_proj,1,1995204,35.8169376148897,1995204
tensor,model.language_model.layers.44.mlp.gate_proj,2,1273157,22.855098948759192,1273157
tensor,model.language_model.layers.44.mlp.gate_proj,3,537658,9.651776482077207,537658
tensor,model.language_model.layers.44.mlp.gate_proj,4,166247,2.9843857709099266,166247
tensor,model.language_model.layers.44.mlp.gate_proj,5,40764,0.7317756204044118,40764
tensor,model.language_model.layers.44.mlp.gate_proj,6,8105,0.14549704159007354,8105
tensor,model.language_model.layers.44.mlp.gate_proj,7,1399,0.02511417164522059,1399
tensor,model.language_model.layers.44.mlp.gate_proj,8,250,0.004487879136029412,250
tensor,model.language_model.layers.44.mlp.gate_proj,9,50,0.0008975758272058823,50
tensor,model.language_model.layers.44.mlp.gate_proj,10,19,0.0003410788143382353,19
tensor,model.language_model.layers.44.mlp.gate_proj,11,7,0.00012566061580882352,7
tensor,model.language_model.layers.44.mlp.gate_proj,12,9,0.00016156364889705882,9
tensor,model.language_model.layers.44.mlp.gate_proj,13,0,0.0,0
tensor,model.language_model.layers.44.mlp.gate_proj,14,1,1.7951516544117648e-05,1
tensor,model.language_model.layers.44.mlp.gate_proj,15,0,0.0,0
tensor,model.language_model.layers.44.mlp.gate_proj,16,0,0.0,0
tensor,model.language_model.layers.44.mlp.up_proj,0,1530926,27.48244341681985,1530926
tensor,model.language_model.layers.44.mlp.up_proj,1,1986228,35.6558048023897,1986228
tensor,model.language_model.layers.44.mlp.up_proj,2,1284086,23.05129107306985,1284086
tensor,model.language_model.layers.44.mlp.up_proj,3,545505,9.792642032398897,545505
tensor,model.language_model.layers.44.mlp.up_proj,4,171646,3.0813060087316178,171646
tensor,model.language_model.layers.44.mlp.up_proj,5,42105,0.7558486040900735,42105
tensor,model.language_model.layers.44.mlp.up_proj,6,8481,0.15224681181066177,8481
tensor,model.language_model.layers.44.mlp.up_proj,7,1378,0.02473718979779412,1378
tensor,model.language_model.layers.44.mlp.up_proj,8,176,0.003159466911764706,176
tensor,model.language_model.layers.44.mlp.up_proj,9,23,0.0004128848805147059,23
tensor,model.language_model.layers.44.mlp.up_proj,10,4,7.180606617647059e-05,4
tensor,model.language_model.layers.44.mlp.up_proj,11,1,1.7951516544117648e-05,1
tensor,model.language_model.layers.44.mlp.up_proj,12,1,1.7951516544117648e-05,1
tensor,model.language_model.layers.44.mlp.up_proj,13,0,0.0,0
tensor,model.language_model.layers.44.mlp.up_proj,14,0,0.0,0
tensor,model.language_model.layers.44.mlp.up_proj,15,0,0.0,0
tensor,model.language_model.layers.44.mlp.up_proj,16,0,0.0,0
tensor,model.language_model.layers.45.mlp.down_proj,0,1550904,27.841078814338236,1550904
tensor,model.language_model.layers.45.mlp.down_proj,1,1994780,35.809326171875,1994780
tensor,model.language_model.layers.45.mlp.down_proj,2,1272272,22.83921185661765,1272272
tensor,model.language_model.layers.45.mlp.down_proj,3,536011,9.622210334329043,536011
tensor,model.language_model.layers.45.mlp.down_proj,4,166364,2.9864860983455883,166364
tensor,model.language_model.layers.45.mlp.down_proj,5,40440,0.7259593290441176,40440
tensor,model.language_model.layers.45.mlp.down_proj,6,8179,0.14682545381433823,8179
tensor,model.language_model.layers.45.mlp.down_proj,7,1390,0.02495260799632353,1390
tensor,model.language_model.layers.45.mlp.down_proj,8,171,0.003069709329044118,171
tensor,model.language_model.layers.45.mlp.down_proj,9,32,0.0005744485294117647,32
tensor,model.language_model.layers.45.mlp.down_proj,10,14,0.00025132123161764703,14
tensor,model.language_model.layers.45.mlp.down_proj,11,2,3.5903033088235295e-05,2
tensor,model.language_model.layers.45.mlp.down_proj,12,1,1.7951516544117648e-05,1
tensor,model.language_model.layers.45.mlp.down_proj,13,0,0.0,0
tensor,model.language_model.layers.45.mlp.down_proj,14,0,0.0,0
tensor,model.language_model.layers.45.mlp.down_proj,15,0,0.0,0
tensor,model.language_model.layers.45.mlp.down_proj,16,0,0.0,0
tensor,model.language_model.layers.45.mlp.gate_proj,0,1545603,27.745917825137866,1545603
tensor,model.language_model.layers.45.mlp.gate_proj,1,1993516,35.78663545496323,1993516
tensor,model.language_model.layers.45.mlp.gate_proj,2,1274563,22.88033878102022,1274563
tensor,model.language_model.layers.45.mlp.gate_proj,3,538922,9.674467198988971,538922
tensor,model.language_model.layers.45.mlp.gate_proj,4,167419,3.0054249482996322,167419
tensor,model.language_model.layers.45.mlp.gate_proj,5,41043,0.7367840935202206,41043
tensor,model.language_model.layers.45.mlp.gate_proj,6,7894,0.14170927159926472,7894
tensor,model.language_model.layers.45.mlp.gate_proj,7,1332,0.023911420036764705,1332
tensor,model.language_model.layers.45.mlp.gate_proj,8,212,0.003805721507352941,212
tensor,model.language_model.layers.45.mlp.gate_proj,9,43,0.0007719152113970588,43
tensor,model.language_model.layers.45.mlp.gate_proj,10,9,0.00016156364889705882,9
tensor,model.language_model.layers.45.mlp.gate_proj,11,3,5.385454963235294e-05,3
tensor,model.language_model.layers.45.mlp.gate_proj,12,1,1.7951516544117648e-05,1
tensor,model.language_model.layers.45.mlp.gate_proj,13,0,0.0,0
tensor,model.language_model.layers.45.mlp.gate_proj,14,0,0.0,0
tensor,model.language_model.layers.45.mlp.gate_proj,15,0,0.0,0
tensor,model.language_model.layers.45.mlp.gate_proj,16,0,0.0,0
tensor,model.language_model.layers.45.mlp.up_proj,0,1526633,27.405377556295957,1526633
tensor,model.language_model.layers.45.mlp.up_proj,1,1991016,35.74175666360294,1991016
tensor,model.language_model.layers.45.mlp.up_proj,2,1283944,23.048741957720587,1283944
tensor,model.language_model.layers.45.mlp.up_proj,3,546399,9.808690688189339,546399
tensor,model.language_model.layers.45.mlp.up_proj,4,171074,3.0710377412683822,171074
tensor,model.language_model.layers.45.mlp.up_proj,5,41656,0.7477883731617647,41656
tensor,model.language_model.layers.45.mlp.up_proj,6,8268,0.14842313878676472,8268
tensor,model.language_model.layers.45.mlp.up_proj,7,1325,0.02378575942095588,1325
tensor,model.language_model.layers.45.mlp.up_proj,8,205,0.003680060891544118,205
tensor,model.language_model.layers.45.mlp.up_proj,9,31,0.000556497012867647,31
tensor,model.language_model.layers.45.mlp.up_proj,10,6,0.00010770909926470588,6
tensor,model.language_model.layers.45.mlp.up_proj,11,1,1.7951516544117648e-05,1
tensor,model.language_model.layers.45.mlp.up_proj,12,1,1.7951516544117648e-05,1
tensor,model.language_model.layers.45.mlp.up_proj,13,1,1.7951516544117648e-05,1
tensor,model.language_model.layers.45.mlp.up_proj,14,0,0.0,0
tensor,model.language_model.layers.45.mlp.up_proj,15,0,0.0,0
tensor,model.language_model.layers.45.mlp.up_proj,16,0,0.0,0
tensor,model.language_model.layers.46.mlp.down_proj,0,1545039,27.735793169806986,1545039
tensor,model.language_model.layers.46.mlp.down_proj,1,1989989,35.723320456112134,1989989
tensor,model.language_model.layers.46.mlp.down_proj,2,1275448,22.896225873161764,1275448
tensor,model.language_model.layers.46.mlp.down_proj,3,539713,9.688666848575368,539713
tensor,model.language_model.layers.46.mlp.down_proj,4,169275,3.0387429630055145,169275
tensor,model.language_model.layers.46.mlp.down_proj,5,41155,0.7387946633731618,41155
tensor,model.language_model.layers.46.mlp.down_proj,6,8225,0.14765122357536764,8225
tensor,model.language_model.layers.46.mlp.down_proj,7,1430,0.025670668658088234,1430
tensor,model.language_model.layers.46.mlp.down_proj,8,229,0.0041108972886029415,229
tensor,model.language_model.layers.46.mlp.down_proj,9,39,0.0007001091452205882,39
tensor,model.language_model.layers.46.mlp.down_proj,10,10,0.00017951516544117648,10
tensor,model.language_model.layers.46.mlp.down_proj,11,4,7.180606617647059e-05,4
tensor,model.language_model.layers.46.mlp.down_proj,12,2,3.5903033088235295e-05,2
tensor,model.language_model.layers.46.mlp.down_proj,13,2,3.5903033088235295e-05,2
tensor,model.language_model.layers.46.mlp.down_proj,14,0,0.0,0
tensor,model.language_model.layers.46.mlp.down_proj,15,0,0.0,0
tensor,model.language_model.layers.46.mlp.down_proj,16,0,0.0,0
tensor,model.language_model.layers.46.mlp.gate_proj,0,1548412,27.796343635110293,1548412
tensor,model.language_model.layers.46.mlp.gate_proj,1,1993118,35.779490751378674,1993118
tensor,model.language_model.layers.46.mlp.gate_proj,2,1271660,22.82822552849265,1271660
tensor,model.language_model.layers.46.mlp.gate_proj,3,538502,9.666927562040442,538502
tensor,model.language_model.layers.46.mlp.gate_proj,4,167428,3.0055865119485294,167428
tensor,model.language_model.layers.46.mlp.gate_proj,5,41525,0.7454367244944853,41525
tensor,model.language_model.layers.46.mlp.gate_proj,6,8251,0.14811796300551472,8251
tensor,model.language_model.layers.46.mlp.gate_proj,7,1403,0.025185977711397058,1403
tensor,model.language_model.layers.46.mlp.gate_proj,8,217,0.0038954790900735292,217
tensor,model.language_model.layers.46.mlp.gate_proj,9,28,0.0005026424632352941,28
tensor,model.language_model.layers.46.mlp.gate_proj,10,6,0.00010770909926470588,6
tensor,model.language_model.layers.46.mlp.gate_proj,11,6,0.00010770909926470588,6
tensor,model.language_model.layers.46.mlp.gate_proj,12,2,3.5903033088235295e-05,2
tensor,model.language_model.layers.46.mlp.gate_proj,13,1,1.7951516544117648e-05,1
tensor,model.language_model.layers.46.mlp.gate_proj,14,0,0.0,0
tensor,model.language_model.layers.46.mlp.gate_proj,15,1,1.7951516544117648e-05,1
tensor,model.language_model.layers.46.mlp.gate_proj,16,0,0.0,0
tensor,model.language_model.layers.46.mlp.up_proj,0,1530771,27.479660931755514,1530771
tensor,model.language_model.layers.46.mlp.up_proj,1,1985354,35.640115176930145,1985354
tensor,model.language_model.layers.46.mlp.up_proj,2,1281891,23.011887494255514,1281891
tensor,model.language_model.layers.46.mlp.up_proj,3,546877,9.817271513097426,546877
tensor,model.language_model.layers.46.mlp.up_proj,4,172885,3.1035479377297794,172885
tensor,model.language_model.layers.46.mlp.up_proj,5,42545,0.7637472713694853,42545
tensor,model.language_model.layers.46.mlp.up_proj,6,8641,0.1551190544577206,8641
tensor,model.language_model.layers.46.mlp.up_proj,7,1361,0.02443201401654412,1361
tensor,model.language_model.layers.46.mlp.up_proj,8,194,0.0034825942095588237,194
tensor,model.language_model.layers.46.mlp.up_proj,9,30,0.0005385454963235295,30
tensor,model.language_model.layers.46.mlp.up_proj,10,10,0.00017951516544117648,10
tensor,model.language_model.layers.46.mlp.up_proj,11,1,1.7951516544117648e-05,1
tensor,model.language_model.layers.46.mlp.up_proj,12,0,0.0,0
tensor,model.language_model.layers.46.mlp.up_proj,13,0,0.0,0
tensor,model.language_model.layers.46.mlp.up_proj,14,0,0.0,0
tensor,model.language_model.layers.46.mlp.up_proj,15,0,0.0,0
tensor,model.language_model.layers.46.mlp.up_proj,16,0,0.0,0
tensor,model.language_model.layers.47.mlp.down_proj,0,1539089,27.628981646369486,1539089
tensor,model.language_model.layers.47.mlp.down_proj,1,1990244,35.727898092830884,1990244
tensor,model.language_model.layers.47.mlp.down_proj,2,1277446,22.932093003216913,1277446
tensor,model.language_model.layers.47.mlp.down_proj,3,541714,9.724587833180147,541714
tensor,model.language_model.layers.47.mlp.down_proj,4,170239,3.056048224954044,170239
tensor,model.language_model.layers.47.mlp.down_proj,5,41806,0.7504811006433824,41806
tensor,model.language_model.layers.47.mlp.down_proj,6,8347,0.14984130859375,8347
tensor,model.language_model.layers.47.mlp.down_proj,7,1434,0.025742474724264705,1434
tensor,model.language_model.layers.47.mlp.down_proj,8,185,0.003321030560661765,185
tensor,model.language_model.layers.47.mlp.down_proj,9,41,0.0007360121783088235,41
tensor,model.language_model.layers.47.mlp.down_proj,10,7,0.00012566061580882352,7
tensor,model.language_model.layers.47.mlp.down_proj,11,5,8.975758272058824e-05,5
tensor,model.language_model.layers.47.mlp.down_proj,12,3,5.385454963235294e-05,3
tensor,model.language_model.layers.47.mlp.down_proj,13,0,0.0,0
tensor,model.language_model.layers.47.mlp.down_proj,14,0,0.0,0
tensor,model.language_model.layers.47.mlp.down_proj,15,0,0.0,0
tensor,model.language_model.layers.47.mlp.down_proj,16,0,0.0,0
tensor,model.language_model.layers.47.mlp.gate_proj,0,1547007,27.771121754365808,1547007
tensor,model.language_model.layers.47.mlp.gate_proj,1,1990771,35.737358542049634,1990771
tensor,model.language_model.layers.47.mlp.gate_proj,2,1273420,22.859820197610293,1273420
tensor,model.language_model.layers.47.mlp.gate_proj,3,538932,9.674646714154411,538932
tensor,model.language_model.layers.47.mlp.gate_proj,4,169257,3.0384198357077206,169257
tensor,model.language_model.layers.47.mlp.gate_proj,5,41239,0.7403025907628676,41239
tensor,model.language_model.layers.47.mlp.gate_proj,6,8253,0.14815386603860295,8253
tensor,model.language_model.layers.47.mlp.gate_proj,7,1411,0.02532958984375,1411
tensor,model.language_model.layers.47.mlp.gate_proj,8,212,0.003805721507352941,212
tensor,model.language_model.layers.47.mlp.gate_proj,9,40,0.0007180606617647059,40
tensor,model.language_model.layers.47.mlp.gate_proj,10,14,0.00025132123161764703,14
tensor,model.language_model.layers.47.mlp.gate_proj,11,2,3.5903033088235295e-05,2
tensor,model.language_model.layers.47.mlp.gate_proj,12,2,3.5903033088235295e-05,2
tensor,model.language_model.layers.47.mlp.gate_proj,13,0,0.0,0
tensor,model.language_model.layers.47.mlp.gate_proj,14,0,0.0,0
tensor,model.language_model.layers.47.mlp.gate_proj,15,0,0.0,0
tensor,model.language_model.layers.47.mlp.gate_proj,16,0,0.0,0
tensor,model.language_model.layers.47.mlp.up_proj,0,1526771,27.407854865579043,1526771
tensor,model.language_model.layers.47.mlp.up_proj,1,1984175,35.618950338924634,1984175
tensor,model.language_model.layers.47.mlp.up_proj,2,1283987,23.049513872931986,1283987
tensor,model.language_model.layers.47.mlp.up_proj,3,548551,9.847322351792279,548551
tensor,model.language_model.layers.47.mlp.up_proj,4,174200,3.127154181985294,174200
tensor,model.language_model.layers.47.mlp.up_proj,5,42930,0.7706586052389706,42930
tensor,model.language_model.layers.47.mlp.up_proj,6,8319,0.14933866613051472,8319
tensor,model.language_model.layers.47.mlp.up_proj,7,1402,0.025168026194852942,1402
tensor,model.language_model.layers.47.mlp.up_proj,8,187,0.00335693359375,187
tensor,model.language_model.layers.47.mlp.up_proj,9,27,0.0004846909466911765,27
tensor,model.language_model.layers.47.mlp.up_proj,10,8,0.00014361213235294118,8
tensor,model.language_model.layers.47.mlp.up_proj,11,1,1.7951516544117648e-05,1
tensor,model.language_model.layers.47.mlp.up_proj,12,2,3.5903033088235295e-05,2
tensor,model.language_model.layers.47.mlp.up_proj,13,0,0.0,0
tensor,model.language_model.layers.47.mlp.up_proj,14,0,0.0,0
tensor,model.language_model.layers.47.mlp.up_proj,15,0,0.0,0
tensor,model.language_model.layers.47.mlp.up_proj,16,0,0.0,0
tensor,model.language_model.layers.48.mlp.down_proj,0,1529404,27.455121208639707,1529404
tensor,model.language_model.layers.48.mlp.down_proj,1,1985887,35.64968333524816,1985887
tensor,model.language_model.layers.48.mlp.down_proj,2,1281700,23.008458754595587,1281700
tensor,model.language_model.layers.48.mlp.down_proj,3,547519,9.82879638671875,547519
tensor,model.language_model.layers.48.mlp.down_proj,4,172256,3.0922564338235294,172256
tensor,model.language_model.layers.48.mlp.down_proj,5,43220,0.7758645450367647,43220
tensor,model.language_model.layers.48.mlp.down_proj,6,8678,0.15578326056985295,8678
tensor,model.language_model.layers.48.mlp.down_proj,7,1546,0.02775304457720588,1546
tensor,model.language_model.layers.48.mlp.down_proj,8,250,0.004487879136029412,250
tensor,model.language_model.layers.48.mlp.down_proj,9,69,0.0012386546415441176,69
tensor,model.language_model.layers.48.mlp.down_proj,10,24,0.0004308363970588235,24
tensor,model.language_model.layers.48.mlp.down_proj,11,4,7.180606617647059e-05,4
tensor,model.language_model.layers.48.mlp.down_proj,12,1,1.7951516544117648e-05,1
tensor,model.language_model.layers.48.mlp.down_proj,13,1,1.7951516544117648e-05,1
tensor,model.language_model.layers.48.mlp.down_proj,14,1,1.7951516544117648e-05,1
tensor,model.language_model.layers.48.mlp.down_proj,15,0,0.0,0
tensor,model.language_model.layers.48.mlp.down_proj,16,0,0.0,0
tensor,model.language_model.layers.48.mlp.gate_proj,0,1541258,27.667918485753678,1541258
tensor,model.language_model.layers.48.mlp.gate_proj,1,1989678,35.71773753446691,1989678
tensor,model.language_model.layers.48.mlp.gate_proj,2,1275018,22.888506721047793,1275018
tensor,model.language_model.layers.48.mlp.gate_proj,3,541084,9.713278377757353,541084
tensor,model.language_model.layers.48.mlp.gate_proj,4,170412,3.0591538373161766,170412
tensor,model.language_model.layers.48.mlp.gate_proj,5,41964,0.7533174402573529,41964
tensor,model.language_model.layers.48.mlp.gate_proj,6,8865,0.15914019416360295,8865
tensor,model.language_model.layers.48.mlp.gate_proj,7,1718,0.03084070542279412,1718
tensor,model.language_model.layers.48.mlp.gate_proj,8,334,0.005995806525735294,334
tensor,model.language_model.layers.48.mlp.gate_proj,9,133,0.002387551700367647,133
tensor,model.language_model.layers.48.mlp.gate_proj,10,63,0.0011309455422794119,63
tensor,model.language_model.layers.48.mlp.gate_proj,11,17,0.00030517578125,17
tensor,model.language_model.layers.48.mlp.gate_proj,12,10,0.00017951516544117648,10
tensor,model.language_model.layers.48.mlp.gate_proj,13,5,8.975758272058824e-05,5
tensor,model.language_model.layers.48.mlp.gate_proj,14,0,0.0,0
tensor,model.language_model.layers.48.mlp.gate_proj,15,1,1.7951516544117648e-05,1
tensor,model.language_model.layers.48.mlp.gate_proj,16,0,0.0,0
tensor,model.language_model.layers.48.mlp.up_proj,0,1527370,27.41860782398897,1527370
tensor,model.language_model.layers.48.mlp.up_proj,1,1985481,35.64239501953125,1985481
tensor,model.language_model.layers.48.mlp.up_proj,2,1281686,23.00820743336397,1281686
tensor,model.language_model.layers.48.mlp.up_proj,3,549503,9.864412195542279,549503
tensor,model.language_model.layers.48.mlp.up_proj,4,172874,3.103350471047794,172874
tensor,model.language_model.layers.48.mlp.up_proj,5,43267,0.7767082663143382,43267
tensor,model.language_model.layers.48.mlp.up_proj,6,8694,0.15607048483455882,8694
tensor,model.language_model.layers.48.mlp.up_proj,7,1404,0.025203929227941176,1404
tensor,model.language_model.layers.48.mlp.up_proj,8,228,0.004092945772058824,228
tensor,model.language_model.layers.48.mlp.up_proj,9,43,0.0007719152113970588,43
tensor,model.language_model.layers.48.mlp.up_proj,10,8,0.00014361213235294118,8
tensor,model.language_model.layers.48.mlp.up_proj,11,1,1.7951516544117648e-05,1
tensor,model.language_model.layers.48.mlp.up_proj,12,0,0.0,0
tensor,model.language_model.layers.48.mlp.up_proj,13,1,1.7951516544117648e-05,1
tensor,model.language_model.layers.48.mlp.up_proj,14,0,0.0,0
tensor,model.language_model.layers.48.mlp.up_proj,15,0,0.0,0
tensor,model.language_model.layers.48.mlp.up_proj,16,0,0.0,0
tensor,model.language_model.layers.49.mlp.down_proj,0,1532630,27.51303280101103,1532630
tensor,model.language_model.layers.49.mlp.down_proj,1,1982454,35.5880557789522,1982454
tensor,model.language_model.layers.49.mlp.down_proj,2,1279976,22.97751034007353,1279976
tensor,model.language_model.layers.49.mlp.down_proj,3,547429,9.827180750229779,547429
tensor,model.language_model.layers.49.mlp.down_proj,4,173486,3.114336799172794,173486
tensor,model.language_model.layers.49.mlp.down_proj,5,43256,0.7765107996323529,43256
tensor,model.language_model.layers.49.mlp.down_proj,6,9078,0.1629638671875,9078
tensor,model.language_model.layers.49.mlp.down_proj,7,1760,0.03159466911764706,1760
tensor,model.language_model.layers.49.mlp.down_proj,8,344,0.00617532169117647,344
tensor,model.language_model.layers.49.mlp.down_proj,9,98,0.0017592486213235295,98
tensor,model.language_model.layers.49.mlp.down_proj,10,23,0.0004128848805147059,23
tensor,model.language_model.layers.49.mlp.down_proj,11,18,0.00032312729779411764,18
tensor,model.language_model.layers.49.mlp.down_proj,12,5,8.975758272058824e-05,5
tensor,model.language_model.layers.49.mlp.down_proj,13,3,5.385454963235294e-05,3
tensor,model.language_model.layers.49.mlp.down_proj,14,0,0.0,0
tensor,model.language_model.layers.49.mlp.down_proj,15,0,0.0,0
tensor,model.language_model.layers.49.mlp.down_proj,16,0,0.0,0
tensor,model.language_model.layers.49.mlp.gate_proj,0,1535667,27.567551556755514,1535667
tensor,model.language_model.layers.49.mlp.gate_proj,1,1985142,35.6363094554228,1985142
tensor,model.language_model.layers.49.mlp.gate_proj,2,1276657,22.9179292566636,1276657
tensor,model.language_model.layers.49.mlp.gate_proj,3,544359,9.772069594439339,544359
tensor,model.language_model.layers.49.mlp.gate_proj,4,172318,3.0933694278492645,172318
tensor,model.language_model.layers.49.mlp.gate_proj,5,43666,0.7838709214154411,43666
tensor,model.language_model.layers.49.mlp.gate_proj,6,9431,0.16930075252757354,9431
tensor,model.language_model.layers.49.mlp.gate_proj,7,2035,0.03653133616727941,2035
tensor,model.language_model.layers.49.mlp.gate_proj,8,633,0.011363309972426471,633
tensor,model.language_model.layers.49.mlp.gate_proj,9,330,0.005924000459558824,330
tensor,model.language_model.layers.49.mlp.gate_proj,10,181,0.003249224494485294,181
tensor,model.language_model.layers.49.mlp.gate_proj,11,65,0.001166848575367647,65
tensor,model.language_model.layers.49.mlp.gate_proj,12,44,0.0007898667279411765,44
tensor,model.language_model.layers.49.mlp.gate_proj,13,23,0.0004128848805147059,23
tensor,model.language_model.layers.49.mlp.gate_proj,14,6,0.00010770909926470588,6
tensor,model.language_model.layers.49.mlp.gate_proj,15,3,5.385454963235294e-05,3
tensor,model.language_model.layers.49.mlp.gate_proj,16,0,0.0,0
tensor,model.language_model.layers.49.mlp.up_proj,0,1526429,27.401715446920957,1526429
tensor,model.language_model.layers.49.mlp.up_proj,1,1983128,35.60015510110294,1983128
tensor,model.language_model.layers.49.mlp.up_proj,2,1284439,23.057627958409928,1284439
tensor,model.language_model.layers.49.mlp.up_proj,3,549346,9.861593807444853,549346
tensor,model.language_model.layers.49.mlp.up_proj,4,173500,3.1145881204044117,173500
tensor,model.language_model.layers.49.mlp.up_proj,5,42930,0.7706586052389706,42930
tensor,model.language_model.layers.49.mlp.up_proj,6,8904,0.15984030330882354,8904
tensor,model.language_model.layers.49.mlp.up_proj,7,1517,0.02723245059742647,1517
tensor,model.language_model.layers.49.mlp.up_proj,8,285,0.00511618221507353,285
tensor,model.language_model.layers.49.mlp.up_proj,9,44,0.0007898667279411765,44
tensor,model.language_model.layers.49.mlp.up_proj,10,20,0.00035903033088235297,20
tensor,model.language_model.layers.49.mlp.up_proj,11,9,0.00016156364889705882,9
tensor,model.language_model.layers.49.mlp.up_proj,12,4,7.180606617647059e-05,4
tensor,model.language_model.layers.49.mlp.up_proj,13,3,5.385454963235294e-05,3
tensor,model.language_model.layers.49.mlp.up_proj,14,2,3.5903033088235295e-05,2
tensor,model.language_model.layers.49.mlp.up_proj,15,0,0.0,0
tensor,model.language_model.layers.49.mlp.up_proj,16,0,0.0,0
tensor,model.language_model.layers.5.mlp.down_proj,0,1566721,28.125017951516543,1566721
tensor,model.language_model.layers.5.mlp.down_proj,1,2001222,35.9249698414522,2001222
tensor,model.language_model.layers.5.mlp.down_proj,2,1265560,22.71872127757353,1265560
tensor,model.language_model.layers.5.mlp.down_proj,3,526685,9.454794491038603,526685
tensor,model.language_model.layers.5.mlp.down_proj,4,162160,2.9110179227941178,162160
tensor,model.language_model.layers.5.mlp.down_proj,5,38989,0.6999116785386029,38989
tensor,model.language_model.layers.5.mlp.down_proj,6,7656,0.13743681066176472,7656
tensor,model.language_model.layers.5.mlp.down_proj,7,1325,0.02378575942095588,1325
tensor,model.language_model.layers.5.mlp.down_proj,8,204,0.003662109375,204
tensor,model.language_model.layers.5.mlp.down_proj,9,31,0.000556497012867647,31
tensor,model.language_model.layers.5.mlp.down_proj,10,6,0.00010770909926470588,6
tensor,model.language_model.layers.5.mlp.down_proj,11,1,1.7951516544117648e-05,1
tensor,model.language_model.layers.5.mlp.down_proj,12,0,0.0,0
tensor,model.language_model.layers.5.mlp.down_proj,13,0,0.0,0
tensor,model.language_model.layers.5.mlp.down_proj,14,0,0.0,0
tensor,model.language_model.layers.5.mlp.down_proj,15,0,0.0,0
tensor,model.language_model.layers.5.mlp.down_proj,16,0,0.0,0
tensor,model.language_model.layers.5.mlp.gate_proj,0,1571173,28.204938103170957,1571173
tensor,model.language_model.layers.5.mlp.gate_proj,1,2000265,35.90779024011948,2000265
tensor,model.language_model.layers.5.mlp.gate_proj,2,1265797,22.722975786994486,1265797
tensor,model.language_model.layers.5.mlp.gate_proj,3,525218,9.428459616268382,525218
tensor,model.language_model.layers.5.mlp.gate_proj,4,160547,2.882062126608456,160547
tensor,model.language_model.layers.5.mlp.gate_proj,5,38762,0.6958366842830882,38762
tensor,model.language_model.layers.5.mlp.gate_proj,6,7428,0.13334386488970587,7428
tensor,model.language_model.layers.5.mlp.gate_proj,7,1171,0.021021225873161766,1171
tensor,model.language_model.layers.5.mlp.gate_proj,8,169,0.003033806295955882,169
tensor,model.language_model.layers.5.mlp.gate_proj,9,27,0.0004846909466911765,27
tensor,model.language_model.layers.5.mlp.gate_proj,10,3,5.385454963235294e-05,3
tensor,model.language_model.layers.5.mlp.gate_proj,11,0,0.0,0
tensor,model.language_model.layers.5.mlp.gate_proj,12,0,0.0,0
tensor,model.language_model.layers.5.mlp.gate_proj,13,0,0.0,0
tensor,model.language_model.layers.5.mlp.gate_proj,14,0,0.0,0
tensor,model.language_model.layers.5.mlp.gate_proj,15,0,0.0,0
tensor,model.language_model.layers.5.mlp.gate_proj,16,0,0.0,0
tensor,model.language_model.layers.5.mlp.up_proj,0,1565483,28.102793974034928,1565483
tensor,model.language_model.layers.5.mlp.up_proj,1,1998151,35.86984073414522,1998151
tensor,model.language_model.layers.5.mlp.up_proj,2,1266290,22.731825884650736,1266290
tensor,model.language_model.layers.5.mlp.up_proj,3,529775,9.510264677159926,529775
tensor,model.language_model.layers.5.mlp.up_proj,4,162958,2.9253432329963234,162958
tensor,model.language_model.layers.5.mlp.up_proj,5,38995,0.7000193876378676,38995
tensor,model.language_model.layers.5.mlp.up_proj,6,7570,0.1358929802389706,7570
tensor,model.language_model.layers.5.mlp.up_proj,7,1152,0.02068014705882353,1152
tensor,model.language_model.layers.5.mlp.up_proj,8,165,0.002962000229779412,165
tensor,model.language_model.layers.5.mlp.up_proj,9,20,0.00035903033088235297,20
tensor,model.language_model.layers.5.mlp.up_proj,10,1,1.7951516544117648e-05,1
tensor,model.language_model.layers.5.mlp.up_proj,11,0,0.0,0
tensor,model.language_model.layers.5.mlp.up_proj,12,0,0.0,0
tensor,model.language_model.layers.5.mlp.up_proj,13,0,0.0,0
tensor,model.language_model.layers.5.mlp.up_proj,14,0,0.0,0
tensor,model.language_model.layers.5.mlp.up_proj,15,0,0.0,0
tensor,model.language_model.layers.5.mlp.up_proj,16,0,0.0,0
tensor,model.language_model.layers.50.mlp.down_proj,0,1503343,26.987286735983457,1503343
tensor,model.language_model.layers.50.mlp.down_proj,1,1973773,35.43221866383272,1973773
tensor,model.language_model.layers.50.mlp.down_proj,2,1290361,23.163936839384192,1290361
tensor,model.language_model.layers.50.mlp.down_proj,3,561360,10.077263327205882,561360
tensor,model.language_model.layers.50.mlp.down_proj,4,181516,3.258487477022059,181516
tensor,model.language_model.layers.50.mlp.down_proj,5,46933,0.8425185259650735,46933
tensor,model.language_model.layers.50.mlp.down_proj,6,10070,0.18077177159926472,10070
tensor,model.language_model.layers.50.mlp.down_proj,7,2151,0.03861371208639706,2151
tensor,model.language_model.layers.50.mlp.down_proj,8,566,0.010160558363970588,566
tensor,model.language_model.layers.50.mlp.down_proj,9,236,0.004236557904411764,236
tensor,model.language_model.layers.50.mlp.down_proj,10,97,0.0017412971047794119,97
tensor,model.language_model.layers.50.mlp.down_proj,11,59,0.001059139476102941,59
tensor,model.language_model.layers.50.mlp.down_proj,12,44,0.0007898667279411765,44
tensor,model.language_model.layers.50.mlp.down_proj,13,24,0.0004308363970588235,24
tensor,model.language_model.layers.50.mlp.down_proj,14,16,0.00028722426470588236,16
tensor,model.language_model.layers.50.mlp.down_proj,15,11,0.00019746668198529412,11
tensor,model.language_model.layers.50.mlp.down_proj,16,0,0.0,0
tensor,model.language_model.layers.50.mlp.gate_proj,0,1516870,27.230116900275736,1516870
tensor,model.language_model.layers.50.mlp.gate_proj,1,1976176,35.47535615808823,1976176
tensor,model.language_model.layers.50.mlp.gate_proj,2,1285631,23.079026166130514,1285631
tensor,model.language_model.layers.50.mlp.gate_proj,3,554023,9.945553050321692,554023
tensor,model.language_model.layers.50.mlp.gate_proj,4,178253,3.199911678538603,178253
tensor,model.language_model.layers.50.mlp.gate_proj,5,46227,0.8298447552849265,46227
tensor,model.language_model.layers.50.mlp.gate_proj,6,10282,0.18457749310661764,10282
tensor,model.language_model.layers.50.mlp.gate_proj,7,2194,0.039385627297794115,2194
tensor,model.language_model.layers.50.mlp.gate_proj,8,574,0.010304170496323529,574
tensor,model.language_model.layers.50.mlp.gate_proj,9,178,0.003195369944852941,178
tensor,model.language_model.layers.50.mlp.gate_proj,10,80,0.0014361213235294119,80
tensor,model.language_model.layers.50.mlp.gate_proj,11,43,0.0007719152113970588,43
tensor,model.language_model.layers.50.mlp.gate_proj,12,18,0.00032312729779411764,18
tensor,model.language_model.layers.50.mlp.gate_proj,13,7,0.00012566061580882352,7
tensor,model.language_model.layers.50.mlp.gate_proj,14,2,3.5903033088235295e-05,2
tensor,model.language_model.layers.50.mlp.gate_proj,15,2,3.5903033088235295e-05,2
tensor,model.language_model.layers.50.mlp.gate_proj,16,0,0.0,0
tensor,model.language_model.layers.50.mlp.up_proj,0,1508473,27.07937801585478,1508473
tensor,model.language_model.layers.50.mlp.up_proj,1,1977893,35.50617891199448,1977893
tensor,model.language_model.layers.50.mlp.up_proj,2,1292087,23.194921156939337,1292087
tensor,model.language_model.layers.50.mlp.up_proj,3,557236,10.003231272977942,557236
tensor,model.language_model.layers.50.mlp.up_proj,4,178614,3.2063921760110294,178614
tensor,model.language_model.layers.50.mlp.up_proj,5,44738,0.8031149471507353,44738
tensor,model.language_model.layers.50.mlp.up_proj,6,9285,0.16667983111213236,9285
tensor,model.language_model.layers.50.mlp.up_proj,7,1686,0.030266256893382353,1686
tensor,model.language_model.layers.50.mlp.up_proj,8,333,0.005977855009191176,333
tensor,model.language_model.layers.50.mlp.up_proj,9,86,0.0015438304227941176,86
tensor,model.language_model.layers.50.mlp.up_proj,10,51,0.00091552734375,51
tensor,model.language_model.layers.50.mlp.up_proj,11,28,0.0005026424632352941,28
tensor,model.language_model.layers.50.mlp.up_proj,12,22,0.00039493336397058824,22
tensor,model.language_model.layers.50.mlp.up_proj,13,10,0.00017951516544117648,10
tensor,model.language_model.layers.50.mlp.up_proj,14,10,0.00017951516544117648,10
tensor,model.language_model.layers.50.mlp.up_proj,15,8,0.00014361213235294118,8
tensor,model.language_model.layers.50.mlp.up_proj,16,0,0.0,0
tensor,model.language_model.layers.51.mlp.down_proj,0,1528272,27.434800091911764,1528272
tensor,model.language_model.layers.51.mlp.down_proj,1,1983595,35.60853845932905,1983595
tensor,model.language_model.layers.51.mlp.down_proj,2,1280239,22.982231588924634,1280239
tensor,model.language_model.layers.51.mlp.down_proj,3,547028,9.819982192095589,547028
tensor,model.language_model.layers.51.mlp.down_proj,4,175017,3.1418205710018383,175017
tensor,model.language_model.layers.51.mlp.down_proj,5,44192,0.7933134191176471,44192
tensor,model.language_model.layers.51.mlp.down_proj,6,9661,0.1734296013327206,9661
tensor,model.language_model.layers.51.mlp.down_proj,7,1889,0.03391041475183824,1889
tensor,model.language_model.layers.51.mlp.down_proj,8,419,0.007521685431985294,419
tensor,model.language_model.layers.51.mlp.down_proj,9,129,0.0023157456341911763,129
tensor,model.language_model.layers.51.mlp.down_proj,10,57,0.001023236443014706,57
tensor,model.language_model.layers.51.mlp.down_proj,11,19,0.0003410788143382353,19
tensor,model.language_model.layers.51.mlp.down_proj,12,22,0.00039493336397058824,22
tensor,model.language_model.layers.51.mlp.down_proj,13,8,0.00014361213235294118,8
tensor,model.language_model.layers.51.mlp.down_proj,14,8,0.00014361213235294118,8
tensor,model.language_model.layers.51.mlp.down_proj,15,5,8.975758272058824e-05,5
tensor,model.language_model.layers.51.mlp.down_proj,16,0,0.0,0
tensor,model.language_model.layers.51.mlp.gate_proj,0,1534987,27.555344525505514,1534987
tensor,model.language_model.layers.51.mlp.gate_proj,1,1985695,35.64623664407169,1985695
tensor,model.language_model.layers.51.mlp.gate_proj,2,1279078,22.961389878216913,1279078
tensor,model.language_model.layers.51.mlp.gate_proj,3,544970,9.783037971047793,544970
tensor,model.language_model.layers.51.mlp.gate_proj,4,172004,3.0877326516544117,172004
tensor,model.language_model.layers.51.mlp.gate_proj,5,43056,0.7729204963235294,43056
tensor,model.language_model.layers.51.mlp.gate_proj,6,8832,0.15854779411764705,8832
tensor,model.language_model.layers.51.mlp.gate_proj,7,1567,0.028130026424632353,1567
tensor,model.language_model.layers.51.mlp.gate_proj,8,271,0.004864860983455882,271
tensor,model.language_model.layers.51.mlp.gate_proj,9,56,0.0010052849264705881,56
tensor,model.language_model.layers.51.mlp.gate_proj,10,26,0.00046673943014705885,26
tensor,model.language_model.layers.51.mlp.gate_proj,11,8,0.00014361213235294118,8
tensor,model.language_model.layers.51.mlp.gate_proj,12,4,7.180606617647059e-05,4
tensor,model.language_model.layers.51.mlp.gate_proj,13,2,3.5903033088235295e-05,2
tensor,model.language_model.layers.51.mlp.gate_proj,14,3,5.385454963235294e-05,3
tensor,model.language_model.layers.51.mlp.gate_proj,15,1,1.7951516544117648e-05,1
tensor,model.language_model.layers.51.mlp.gate_proj,16,0,0.0,0
tensor,model.language_model.layers.51.mlp.up_proj,0,1525554,27.38600786994485,1525554
tensor,model.language_model.layers.51.mlp.up_proj,1,1987457,35.677867216222424,1987457
tensor,model.language_model.layers.51.mlp.up_proj,2,1284241,23.054073558134192,1284241
tensor,model.language_model.layers.51.mlp.up_proj,3,548175,9.840572581571692,548175
tensor,model.language_model.layers.51.mlp.up_proj,4,172375,3.0943926642922794,172375
tensor,model.language_model.layers.51.mlp.up_proj,5,42547,0.7637831744025735,42547
tensor,model.language_model.layers.51.mlp.up_proj,6,8556,0.1535931755514706,8556
tensor,model.language_model.layers.51.mlp.up_proj,7,1412,0.02534754136029412,1412
tensor,model.language_model.layers.51.mlp.up_proj,8,198,0.003554400275735294,198
tensor,model.language_model.layers.51.mlp.up_proj,9,33,0.0005924000459558823,33
tensor,model.language_model.layers.51.mlp.up_proj,10,9,0.00016156364889705882,9
tensor,model.language_model.layers.51.mlp.up_proj,11,3,5.385454963235294e-05,3
tensor,model.language_model.layers.51.mlp.up_proj,12,0,0.0,0
tensor,model.language_model.layers.51.mlp.up_proj,13,0,0.0,0
tensor,model.language_model.layers.51.mlp.up_proj,14,0,0.0,0
tensor,model.language_model.layers.51.mlp.up_proj,15,0,0.0,0
tensor,model.language_model.layers.51.mlp.up_proj,16,0,0.0,0
tensor,model.language_model.layers.52.mlp.down_proj,0,1546682,27.76528751148897,1546682
tensor,model.language_model.layers.52.mlp.down_proj,1,1989255,35.71014404296875,1989255
tensor,model.language_model.layers.52.mlp.down_proj,2,1272810,22.848869772518384,1272810
tensor,model.language_model.layers.52.mlp.down_proj,3,539443,9.683819939108457,539443
tensor,model.language_model.layers.52.mlp.down_proj,4,169141,3.036337459788603,169141
tensor,model.language_model.layers.52.mlp.down_proj,5,42457,0.7621675379136029,42457
tensor,model.language_model.layers.52.mlp.down_proj,6,8790,0.15779383042279413,8790
tensor,model.language_model.layers.52.mlp.down_proj,7,1540,0.027645335477941176,1540
tensor,model.language_model.layers.52.mlp.down_proj,8,287,0.005152085248161764,287
tensor,model.language_model.layers.52.mlp.down_proj,9,85,0.00152587890625,85
tensor,model.language_model.layers.52.mlp.down_proj,10,30,0.0005385454963235295,30
tensor,model.language_model.layers.52.mlp.down_proj,11,17,0.00030517578125,17
tensor,model.language_model.layers.52.mlp.down_proj,12,10,0.00017951516544117648,10
tensor,model.language_model.layers.52.mlp.down_proj,13,4,7.180606617647059e-05,4
tensor,model.language_model.layers.52.mlp.down_proj,14,5,8.975758272058824e-05,5
tensor,model.language_model.layers.52.mlp.down_proj,15,4,7.180606617647059e-05,4
tensor,model.language_model.layers.52.mlp.down_proj,16,0,0.0,0
tensor,model.language_model.layers.52.mlp.gate_proj,0,1545646,27.746689740349264,1545646
tensor,model.language_model.layers.52.mlp.gate_proj,1,1989759,35.71919160730698,1989759
tensor,model.language_model.layers.52.mlp.gate_proj,2,1273310,22.857845530790442,1273310
tensor,model.language_model.layers.52.mlp.gate_proj,3,539408,9.683191636029411,539408
tensor,model.language_model.layers.52.mlp.gate_proj,4,170064,3.0529067095588234,170064
tensor,model.language_model.layers.52.mlp.gate_proj,5,41973,0.75347900390625,41973
tensor,model.language_model.layers.52.mlp.gate_proj,6,8470,0.15204934512867646,8470
tensor,model.language_model.layers.52.mlp.gate_proj,7,1543,0.02769919002757353,1543
tensor,model.language_model.layers.52.mlp.gate_proj,8,285,0.00511618221507353,285
tensor,model.language_model.layers.52.mlp.gate_proj,9,53,0.0009514303768382353,53
tensor,model.language_model.layers.52.mlp.gate_proj,10,26,0.00046673943014705885,26
tensor,model.language_model.layers.52.mlp.gate_proj,11,9,0.00016156364889705882,9
tensor,model.language_model.layers.52.mlp.gate_proj,12,5,8.975758272058824e-05,5
tensor,model.language_model.layers.52.mlp.gate_proj,13,6,0.00010770909926470588,6
tensor,model.language_model.layers.52.mlp.gate_proj,14,3,5.385454963235294e-05,3
tensor,model.language_model.layers.52.mlp.gate_proj,15,0,0.0,0
tensor,model.language_model.layers.52.mlp.gate_proj,16,0,0.0,0
tensor,model.language_model.layers.52.mlp.up_proj,0,1536266,27.578304515165442,1536266
tensor,model.language_model.layers.52.mlp.up_proj,1,1989903,35.72177662568934,1989903
tensor,model.language_model.layers.52.mlp.up_proj,2,1278481,22.950672822840072,1278481
tensor,model.language_model.layers.52.mlp.up_proj,3,543409,9.755015653722426,543409
tensor,model.language_model.layers.52.mlp.up_proj,4,170261,3.0564431583180145,170261
tensor,model.language_model.layers.52.mlp.up_proj,5,42163,0.7568897920496324,42163
tensor,model.language_model.layers.52.mlp.up_proj,6,8431,0.15134923598345587,8431
tensor,model.language_model.layers.52.mlp.up_proj,7,1396,0.025060317095588234,1396
tensor,model.language_model.layers.52.mlp.up_proj,8,195,0.003500545726102941,195
tensor,model.language_model.layers.52.mlp.up_proj,9,31,0.000556497012867647,31
tensor,model.language_model.layers.52.mlp.up_proj,10,9,0.00016156364889705882,9
tensor,model.language_model.layers.52.mlp.up_proj,11,4,7.180606617647059e-05,4
tensor,model.language_model.layers.52.mlp.up_proj,12,5,8.975758272058824e-05,5
tensor,model.language_model.layers.52.mlp.up_proj,13,4,7.180606617647059e-05,4
tensor,model.language_model.layers.52.mlp.up_proj,14,1,1.7951516544117648e-05,1
tensor,model.language_model.layers.52.mlp.up_proj,15,1,1.7951516544117648e-05,1
tensor,model.language_model.layers.52.mlp.up_proj,16,0,0.0,0
tensor,model.language_model.layers.53.mlp.down_proj,0,1542107,27.683159323299634,1542107
tensor,model.language_model.layers.53.mlp.down_proj,1,1988398,35.69475959329044,1988398
tensor,model.language_model.layers.53.mlp.down_proj,2,1275824,22.90297564338235,1275824
tensor,model.language_model.layers.53.mlp.down_proj,3,542603,9.740546731387868,542603
tensor,model.language_model.layers.53.mlp.down_proj,4,169171,3.0368760052849266,169171
tensor,model.language_model.layers.53.mlp.down_proj,5,41853,0.7513248219209558,41853
tensor,model.language_model.layers.53.mlp.down_proj,6,8601,0.15440099379595587,8601
tensor,model.language_model.layers.53.mlp.down_proj,7,1490,0.026747759650735295,1490
tensor,model.language_model.layers.53.mlp.down_proj,8,321,0.005762436810661764,321
tensor,model.language_model.layers.53.mlp.down_proj,9,86,0.0015438304227941176,86
tensor,model.language_model.layers.53.mlp.down_proj,10,41,0.0007360121783088235,41
tensor,model.language_model.layers.53.mlp.down_proj,11,26,0.00046673943014705885,26
tensor,model.language_model.layers.53.mlp.down_proj,12,11,0.00019746668198529412,11
tensor,model.language_model.layers.53.mlp.down_proj,13,10,0.00017951516544117648,10
tensor,model.language_model.layers.53.mlp.down_proj,14,7,0.00012566061580882352,7
tensor,model.language_model.layers.53.mlp.down_proj,15,11,0.00019746668198529412,11
tensor,model.language_model.layers.53.mlp.down_proj,16,0,0.0,0
tensor,model.language_model.layers.53.mlp.gate_proj,0,1551750,27.856265797334558,1551750
tensor,model.language_model.layers.53.mlp.gate_proj,1,1993874,35.79306209788603,1993874
tensor,model.language_model.layers.53.mlp.gate_proj,2,1270303,22.80386532054228,1270303
tensor,model.language_model.layers.53.mlp.gate_proj,3,535472,9.612534466911764,535472
tensor,model.language_model.layers.53.mlp.gate_proj,4,167726,3.0109360638786766,167726
tensor,model.language_model.layers.53.mlp.gate_proj,5,41251,0.7405180089613971,41251
tensor,model.language_model.layers.53.mlp.gate_proj,6,8336,0.14964384191176472,8336
tensor,model.language_model.layers.53.mlp.gate_proj,7,1459,0.026191262637867647,1459
tensor,model.language_model.layers.53.mlp.gate_proj,8,282,0.005062327665441176,282
tensor,model.language_model.layers.53.mlp.gate_proj,9,59,0.001059139476102941,59
tensor,model.language_model.layers.53.mlp.gate_proj,10,20,0.00035903033088235297,20
tensor,model.language_model.layers.53.mlp.gate_proj,11,9,0.00016156364889705882,9
tensor,model.language_model.layers.53.mlp.gate_proj,12,10,0.00017951516544117648,10
tensor,model.language_model.layers.53.mlp.gate_proj,13,5,8.975758272058824e-05,5
tensor,model.language_model.layers.53.mlp.gate_proj,14,3,5.385454963235294e-05,3
tensor,model.language_model.layers.53.mlp.gate_proj,15,1,1.7951516544117648e-05,1
tensor,model.language_model.layers.53.mlp.gate_proj,16,0,0.0,0
tensor,model.language_model.layers.53.mlp.up_proj,0,1546563,27.76315128102022,1546563
tensor,model.language_model.layers.53.mlp.up_proj,1,1989504,35.71461397058823,1989504
tensor,model.language_model.layers.53.mlp.up_proj,2,1276650,22.917803596047793,1276650
tensor,model.language_model.layers.53.mlp.up_proj,3,538505,9.666981416590074,538505
tensor,model.language_model.layers.53.mlp.up_proj,4,168279,3.0208632525275734,168279
tensor,model.language_model.layers.53.mlp.up_proj,5,41390,0.7430132697610294,41390
tensor,model.language_model.layers.53.mlp.up_proj,6,8040,0.14433019301470587,8040
tensor,model.language_model.layers.53.mlp.up_proj,7,1364,0.02448586856617647,1364
tensor,model.language_model.layers.53.mlp.up_proj,8,194,0.0034825942095588237,194
tensor,model.language_model.layers.53.mlp.up_proj,9,43,0.0007719152113970588,43
tensor,model.language_model.layers.53.mlp.up_proj,10,14,0.00025132123161764703,14
tensor,model.language_model.layers.53.mlp.up_proj,11,7,0.00012566061580882352,7
tensor,model.language_model.layers.53.mlp.up_proj,12,0,0.0,0
tensor,model.language_model.layers.53.mlp.up_proj,13,1,1.7951516544117648e-05,1
tensor,model.language_model.layers.53.mlp.up_proj,14,3,5.385454963235294e-05,3
tensor,model.language_model.layers.53.mlp.up_proj,15,3,5.385454963235294e-05,3
tensor,model.language_model.layers.53.mlp.up_proj,16,0,0.0,0
tensor,model.language_model.layers.54.mlp.down_proj,0,1534863,27.553118537454043,1534863
tensor,model.language_model.layers.54.mlp.down_proj,1,1984857,35.63119327320772,1984857
tensor,model.language_model.layers.54.mlp.down_proj,2,1277320,22.92983111213235,1277320
tensor,model.language_model.layers.54.mlp.down_proj,3,545323,9.789374856387868,545323
tensor,model.language_model.layers.54.mlp.down_proj,4,172952,3.1047506893382355,172952
tensor,model.language_model.layers.54.mlp.down_proj,5,43841,0.7870124368106618,43841
tensor,model.language_model.layers.54.mlp.down_proj,6,8963,0.16089944278492646,8963
tensor,model.language_model.layers.54.mlp.down_proj,7,1793,0.03218706916360294,1793
tensor,model.language_model.layers.54.mlp.down_proj,8,404,0.00725241268382353,404
tensor,model.language_model.layers.54.mlp.down_proj,9,118,0.002118278952205882,118
tensor,model.language_model.layers.54.mlp.down_proj,10,56,0.0010052849264705881,56
tensor,model.language_model.layers.54.mlp.down_proj,11,34,0.0006103515625,34
tensor,model.language_model.layers.54.mlp.down_proj,12,14,0.00025132123161764703,14
tensor,model.language_model.layers.54.mlp.down_proj,13,12,0.00021541819852941176,12
tensor,model.language_model.layers.54.mlp.down_proj,14,8,0.00014361213235294118,8
tensor,model.language_model.layers.54.mlp.down_proj,15,2,3.5903033088235295e-05,2
tensor,model.language_model.layers.54.mlp.down_proj,16,0,0.0,0
tensor,model.language_model.layers.54.mlp.gate_proj,0,1550007,27.824976303998163,1550007
tensor,model.language_model.layers.54.mlp.gate_proj,1,1990713,35.736317354090076,1990713
tensor,model.language_model.layers.54.mlp.gate_proj,2,1270670,22.81045352711397,1270670
tensor,model.language_model.layers.54.mlp.gate_proj,3,538935,9.674700568704043,538935
tensor,model.language_model.layers.54.mlp.gate_proj,4,168420,3.023394416360294,168420
tensor,model.language_model.layers.54.mlp.gate_proj,5,41539,0.7456880457261029,41539
tensor,model.language_model.layers.54.mlp.gate_proj,6,8321,0.14937456916360295,8321
tensor,model.language_model.layers.54.mlp.gate_proj,7,1541,0.027663286994485295,1541
tensor,model.language_model.layers.54.mlp.gate_proj,8,284,0.005098230698529412,284
tensor,model.language_model.layers.54.mlp.gate_proj,9,71,0.001274557674632353,71
tensor,model.language_model.layers.54.mlp.gate_proj,10,25,0.00044878791360294115,25
tensor,model.language_model.layers.54.mlp.gate_proj,11,13,0.00023336971507352942,13
tensor,model.language_model.layers.54.mlp.gate_proj,12,8,0.00014361213235294118,8
tensor,model.language_model.layers.54.mlp.gate_proj,13,8,0.00014361213235294118,8
tensor,model.language_model.layers.54.mlp.gate_proj,14,4,7.180606617647059e-05,4
tensor,model.language_model.layers.54.mlp.gate_proj,15,1,1.7951516544117648e-05,1
tensor,model.language_model.layers.54.mlp.gate_proj,16,0,0.0,0
tensor,model.language_model.layers.54.mlp.up_proj,0,1541019,27.663628073299634,1541019
tensor,model.language_model.layers.54.mlp.up_proj,1,1990823,35.738292020909924,1990823
tensor,model.language_model.layers.54.mlp.up_proj,2,1277160,22.926958869485293,1277160
tensor,model.language_model.layers.54.mlp.up_proj,3,540282,9.698881261488971,540282
tensor,model.language_model.layers.54.mlp.up_proj,4,169331,3.0397482479319855,169331
tensor,model.language_model.layers.54.mlp.up_proj,5,42028,0.7544663373161765,42028
tensor,model.language_model.layers.54.mlp.up_proj,6,8245,0.14801025390625,8245
tensor,model.language_model.layers.54.mlp.up_proj,7,1391,0.024970559512867647,1391
tensor,model.language_model.layers.54.mlp.up_proj,8,210,0.003769818474264706,210
tensor,model.language_model.layers.54.mlp.up_proj,9,49,0.0008796243106617647,49
tensor,model.language_model.layers.54.mlp.up_proj,10,11,0.00019746668198529412,11
tensor,model.language_model.layers.54.mlp.up_proj,11,8,0.00014361213235294118,8
tensor,model.language_model.layers.54.mlp.up_proj,12,1,1.7951516544117648e-05,1
tensor,model.language_model.layers.54.mlp.up_proj,13,2,3.5903033088235295e-05,2
tensor,model.language_model.layers.54.mlp.up_proj,14,0,0.0,0
tensor,model.language_model.layers.54.mlp.up_proj,15,0,0.0,0
tensor,model.language_model.layers.54.mlp.up_proj,16,0,0.0,0
tensor,model.language_model.layers.55.mlp.down_proj,0,1559072,27.987706801470587,1559072
tensor,model.language_model.layers.55.mlp.down_proj,1,1993938,35.794210994944855,1993938
tensor,model.language_model.layers.55.mlp.down_proj,2,1268065,22.763689826516543,1268065
tensor,model.language_model.layers.55.mlp.down_proj,3,534155,9.588892319623161,534155
tensor,model.language_model.layers.55.mlp.down_proj,4,165127,2.9642800723805145,165127
tensor,model.language_model.layers.55.mlp.down_proj,5,40446,0.7260670381433824,40446
tensor,model.language_model.layers.55.mlp.down_proj,6,8101,0.14542523552389705,8101
tensor,model.language_model.layers.55.mlp.down_proj,7,1348,0.02419864430147059,1348
tensor,model.language_model.layers.55.mlp.down_proj,8,205,0.003680060891544118,205
tensor,model.language_model.layers.55.mlp.down_proj,9,55,0.0009873334099264705,55
tensor,model.language_model.layers.55.mlp.down_proj,10,19,0.0003410788143382353,19
tensor,model.language_model.layers.55.mlp.down_proj,11,10,0.00017951516544117648,10
tensor,model.language_model.layers.55.mlp.down_proj,12,9,0.00016156364889705882,9
tensor,model.language_model.layers.55.mlp.down_proj,13,3,5.385454963235294e-05,3
tensor,model.language_model.layers.55.mlp.down_proj,14,3,5.385454963235294e-05,3
tensor,model.language_model.layers.55.mlp.down_proj,15,4,7.180606617647059e-05,4
tensor,model.language_model.layers.55.mlp.down_proj,16,0,0.0,0
tensor,model.language_model.layers.55.mlp.gate_proj,0,1562450,28.048347024356616,1562450
tensor,model.language_model.layers.55.mlp.gate_proj,1,1993986,35.79507266773897,1993986
tensor,model.language_model.layers.55.mlp.gate_proj,2,1268617,22.7735990636489,1268617
tensor,model.language_model.layers.55.mlp.gate_proj,3,531208,9.535989200367647,531208
tensor,model.language_model.layers.55.mlp.gate_proj,4,164762,2.9577277688419117,164762
tensor,model.language_model.layers.55.mlp.gate_proj,5,40027,0.7185453527113971,40027
tensor,model.language_model.layers.55.mlp.gate_proj,6,7924,0.14224781709558823,7924
tensor,model.language_model.layers.55.mlp.gate_proj,7,1314,0.02358829273897059,1314
tensor,model.language_model.layers.55.mlp.gate_proj,8,204,0.003662109375,204
tensor,model.language_model.layers.55.mlp.gate_proj,9,46,0.0008257697610294118,46
tensor,model.language_model.layers.55.mlp.gate_proj,10,14,0.00025132123161764703,14
tensor,model.language_model.layers.55.mlp.gate_proj,11,7,0.00012566061580882352,7
tensor,model.language_model.layers.55.mlp.gate_proj,12,1,1.7951516544117648e-05,1
tensor,model.language_model.layers.55.mlp.gate_proj,13,0,0.0,0
tensor,model.language_model.layers.55.mlp.gate_proj,14,0,0.0,0
tensor,model.language_model.layers.55.mlp.gate_proj,15,0,0.0,0
tensor,model.language_model.layers.55.mlp.gate_proj,16,0,0.0,0
tensor,model.language_model.layers.55.mlp.up_proj,0,1558466,27.97682818244485,1558466
tensor,model.language_model.layers.55.mlp.up_proj,1,1995461,35.82155115464155,1995461
tensor,model.language_model.layers.55.mlp.up_proj,2,1269279,22.7854829676011,1269279
tensor,model.language_model.layers.55.mlp.up_proj,3,532277,9.555179371553308,532277
tensor,model.language_model.layers.55.mlp.up_proj,4,165438,2.9698629940257355,165438
tensor,model.language_model.layers.55.mlp.up_proj,5,40281,0.7231050379136029,40281
tensor,model.language_model.layers.55.mlp.up_proj,6,7870,0.14127843520220587,7870
tensor,model.language_model.layers.55.mlp.up_proj,7,1259,0.02260095932904412,1259
tensor,model.language_model.layers.55.mlp.up_proj,8,175,0.003141515395220588,175
tensor,model.language_model.layers.55.mlp.up_proj,9,30,0.0005385454963235295,30
tensor,model.language_model.layers.55.mlp.up_proj,10,6,0.00010770909926470588,6
tensor,model.language_model.layers.55.mlp.up_proj,11,6,0.00010770909926470588,6
tensor,model.language_model.layers.55.mlp.up_proj,12,2,3.5903033088235295e-05,2
tensor,model.language_model.layers.55.mlp.up_proj,13,4,7.180606617647059e-05,4
tensor,model.language_model.layers.55.mlp.up_proj,14,3,5.385454963235294e-05,3
tensor,model.language_model.layers.55.mlp.up_proj,15,3,5.385454963235294e-05,3
tensor,model.language_model.layers.55.mlp.up_proj,16,0,0.0,0
tensor,model.language_model.layers.56.mlp.down_proj,0,1564071,28.077446432674634,1564071
tensor,model.language_model.layers.56.mlp.down_proj,1,1996262,35.835930319393384,1996262
tensor,model.language_model.layers.56.mlp.down_proj,2,1267336,22.750603170955884,1267336
tensor,model.language_model.layers.56.mlp.down_proj,3,529705,9.509008071001839,529705
tensor,model.language_model.layers.56.mlp.down_proj,4,163683,2.938358082490809,163683
tensor,model.language_model.layers.56.mlp.down_proj,5,40049,0.7189402860753676,40049
tensor,model.language_model.layers.56.mlp.down_proj,6,7889,0.14161951401654413,7889
tensor,model.language_model.layers.56.mlp.down_proj,7,1307,0.023462632123161766,1307
tensor,model.language_model.layers.56.mlp.down_proj,8,197,0.0035364487591911763,197
tensor,model.language_model.layers.56.mlp.down_proj,9,32,0.0005744485294117647,32
tensor,model.language_model.layers.56.mlp.down_proj,10,11,0.00019746668198529412,11
tensor,model.language_model.layers.56.mlp.down_proj,11,8,0.00014361213235294118,8
tensor,model.language_model.layers.56.mlp.down_proj,12,3,5.385454963235294e-05,3
tensor,model.language_model.layers.56.mlp.down_proj,13,2,3.5903033088235295e-05,2
tensor,model.language_model.layers.56.mlp.down_proj,14,4,7.180606617647059e-05,4
tensor,model.language_model.layers.56.mlp.down_proj,15,1,1.7951516544117648e-05,1
tensor,model.language_model.layers.56.mlp.down_proj,16,0,0.0,0
tensor,model.language_model.layers.56.mlp.gate_proj,0,1568227,28.152052935431986,1568227
tensor,model.language_model.layers.56.mlp.gate_proj,1,1997920,35.86569393382353,1997920
tensor,model.language_model.layers.56.mlp.gate_proj,2,1265630,22.719977883731616,1265630
tensor,model.language_model.layers.56.mlp.gate_proj,3,527510,9.4696044921875,527510
tensor,model.language_model.layers.56.mlp.gate_proj,4,162792,2.92236328125,162792
tensor,model.language_model.layers.56.mlp.gate_proj,5,39106,0.7020120059742647,39106
tensor,model.language_model.layers.56.mlp.gate_proj,6,7756,0.13923196231617646,7756
tensor,model.language_model.layers.56.mlp.gate_proj,7,1321,0.02371395335477941,1321
tensor,model.language_model.layers.56.mlp.gate_proj,8,220,0.003949333639705882,220
tensor,model.language_model.layers.56.mlp.gate_proj,9,44,0.0007898667279411765,44
tensor,model.language_model.layers.56.mlp.gate_proj,10,8,0.00014361213235294118,8
tensor,model.language_model.layers.56.mlp.gate_proj,11,10,0.00017951516544117648,10
tensor,model.language_model.layers.56.mlp.gate_proj,12,9,0.00016156364889705882,9
tensor,model.language_model.layers.56.mlp.gate_proj,13,2,3.5903033088235295e-05,2
tensor,model.language_model.layers.56.mlp.gate_proj,14,3,5.385454963235294e-05,3
tensor,model.language_model.layers.56.mlp.gate_proj,15,2,3.5903033088235295e-05,2
tensor,model.language_model.layers.56.mlp.gate_proj,16,0,0.0,0
tensor,model.language_model.layers.56.mlp.up_proj,0,1561364,28.028851677389707,1561364
tensor,model.language_model.layers.56.mlp.up_proj,1,1997375,35.85591035730698,1997375
tensor,model.language_model.layers.56.mlp.up_proj,2,1267870,22.760189280790442,1267870
tensor,model.language_model.layers.56.mlp.up_proj,3,530657,9.526097914751839,530657
tensor,model.language_model.layers.56.mlp.up_proj,4,164526,2.9534912109375,164526
tensor,model.language_model.layers.56.mlp.up_proj,5,39494,0.7089771943933824,39494
tensor,model.language_model.layers.56.mlp.up_proj,6,7802,0.14005773207720587,7802
tensor,model.language_model.layers.56.mlp.up_proj,7,1273,0.022852280560661766,1273
tensor,model.language_model.layers.56.mlp.up_proj,8,170,0.0030517578125,170
tensor,model.language_model.layers.56.mlp.up_proj,9,23,0.0004128848805147059,23
tensor,model.language_model.layers.56.mlp.up_proj,10,5,8.975758272058824e-05,5
tensor,model.language_model.layers.56.mlp.up_proj,11,0,0.0,0
tensor,model.language_model.layers.56.mlp.up_proj,12,1,1.7951516544117648e-05,1
tensor,model.language_model.layers.56.mlp.up_proj,13,0,0.0,0
tensor,model.language_model.layers.56.mlp.up_proj,14,0,0.0,0
tensor,model.language_model.layers.56.mlp.up_proj,15,0,0.0,0
tensor,model.language_model.layers.56.mlp.up_proj,16,0,0.0,0
tensor,model.language_model.layers.57.mlp.down_proj,0,1564799,28.09051513671875,1564799
tensor,model.language_model.layers.57.mlp.down_proj,1,1998124,35.86935604319853,1998124
tensor,model.language_model.layers.57.mlp.down_proj,2,1266518,22.735918830422793,1266518
tensor,model.language_model.layers.57.mlp.down_proj,3,529432,9.504107306985293,529432
tensor,model.language_model.layers.57.mlp.down_proj,4,163063,2.927228142233456,163063
tensor,model.language_model.layers.57.mlp.down_proj,5,39475,0.7086361155790442,39475
tensor,model.language_model.layers.57.mlp.down_proj,6,7681,0.13788559857536764,7681
tensor,model.language_model.layers.57.mlp.down_proj,7,1233,0.022134219898897058,1233
tensor,model.language_model.layers.57.mlp.down_proj,8,187,0.00335693359375,187
tensor,model.language_model.layers.57.mlp.down_proj,9,22,0.00039493336397058824,22
tensor,model.language_model.layers.57.mlp.down_proj,10,9,0.00016156364889705882,9
tensor,model.language_model.layers.57.mlp.down_proj,11,7,0.00012566061580882352,7
tensor,model.language_model.layers.57.mlp.down_proj,12,6,0.00010770909926470588,6
tensor,model.language_model.layers.57.mlp.down_proj,13,2,3.5903033088235295e-05,2
tensor,model.language_model.layers.57.mlp.down_proj,14,2,3.5903033088235295e-05,2
tensor,model.language_model.layers.57.mlp.down_proj,15,0,0.0,0
tensor,model.language_model.layers.57.mlp.down_proj,16,0,0.0,0
tensor,model.language_model.layers.57.mlp.gate_proj,0,1566439,28.1199556238511,1566439
tensor,model.language_model.layers.57.mlp.gate_proj,1,1999777,35.89902990004595,1999777
tensor,model.language_model.layers.57.mlp.gate_proj,2,1267413,22.75198543772978,1267413
tensor,model.language_model.layers.57.mlp.gate_proj,3,527167,9.463447122012868,527167
tensor,model.language_model.layers.57.mlp.gate_proj,4,162173,2.911251292509191,162173
tensor,model.language_model.layers.57.mlp.gate_proj,5,38463,0.6904691808363971,38463
tensor,model.language_model.layers.57.mlp.gate_proj,6,7598,0.13639562270220587,7598
tensor,model.language_model.layers.57.mlp.gate_proj,7,1266,0.022726619944852942,1266
tensor,model.language_model.layers.57.mlp.gate_proj,8,185,0.003321030560661765,185
tensor,model.language_model.layers.57.mlp.gate_proj,9,39,0.0007001091452205882,39
tensor,model.language_model.layers.57.mlp.gate_proj,10,11,0.00019746668198529412,11
tensor,model.language_model.layers.57.mlp.gate_proj,11,18,0.00032312729779411764,18
tensor,model.language_model.layers.57.mlp.gate_proj,12,3,5.385454963235294e-05,3
tensor,model.language_model.layers.57.mlp.gate_proj,13,3,5.385454963235294e-05,3
tensor,model.language_model.layers.57.mlp.gate_proj,14,3,5.385454963235294e-05,3
tensor,model.language_model.layers.57.mlp.gate_proj,15,2,3.5903033088235295e-05,2
tensor,model.language_model.layers.57.mlp.gate_proj,16,0,0.0,0
tensor,model.language_model.layers.57.mlp.up_proj,0,1555467,27.922991584329043,1555467
tensor,model.language_model.layers.57.mlp.up_proj,1,2000608,35.913947610294116,2000608
tensor,model.language_model.layers.57.mlp.up_proj,2,1271228,22.820470473345587,1271228
tensor,model.language_model.layers.57.mlp.up_proj,3,531697,9.544767491957721,531697
tensor,model.language_model.layers.57.mlp.up_proj,4,163287,2.9312492819393383,163287
tensor,model.language_model.layers.57.mlp.up_proj,5,39238,0.7043816061580882,39238
tensor,model.language_model.layers.57.mlp.up_proj,6,7645,0.1372393439797794,7645
tensor,model.language_model.layers.57.mlp.up_proj,7,1171,0.021021225873161766,1171
tensor,model.language_model.layers.57.mlp.up_proj,8,190,0.003410788143382353,190
tensor,model.language_model.layers.57.mlp.up_proj,9,19,0.0003410788143382353,19
tensor,model.language_model.layers.57.mlp.up_proj,10,7,0.00012566061580882352,7
tensor,model.language_model.layers.57.mlp.up_proj,11,1,1.7951516544117648e-05,1
tensor,model.language_model.layers.57.mlp.up_proj,12,1,1.7951516544117648e-05,1
tensor,model.language_model.layers.57.mlp.up_proj,13,1,1.7951516544117648e-05,1
tensor,model.language_model.layers.57.mlp.up_proj,14,0,0.0,0
tensor,model.language_model.layers.57.mlp.up_proj,15,0,0.0,0
tensor,model.language_model.layers.57.mlp.up_proj,16,0,0.0,0
tensor,model.language_model.layers.58.mlp.down_proj,0,1562468,28.048670151654413,1562468
tensor,model.language_model.layers.58.mlp.down_proj,1,1998238,35.87140251608456,1998238
tensor,model.language_model.layers.58.mlp.down_proj,2,1267398,22.751716164981616,1267398
tensor,model.language_model.layers.58.mlp.down_proj,3,530782,9.528341854319853,530782
tensor,model.language_model.layers.58.mlp.down_proj,4,162765,2.921878590303309,162765
tensor,model.language_model.layers.58.mlp.down_proj,5,39485,0.7088156307444853,39485
tensor,model.language_model.layers.58.mlp.down_proj,6,7856,0.14102711397058823,7856
tensor,model.language_model.layers.58.mlp.down_proj,7,1298,0.023301068474264705,1298
tensor,model.language_model.layers.58.mlp.down_proj,8,205,0.003680060891544118,205
tensor,model.language_model.layers.58.mlp.down_proj,9,31,0.000556497012867647,31
tensor,model.language_model.layers.58.mlp.down_proj,10,14,0.00025132123161764703,14
tensor,model.language_model.layers.58.mlp.down_proj,11,9,0.00016156364889705882,9
tensor,model.language_model.layers.58.mlp.down_proj,12,6,0.00010770909926470588,6
tensor,model.language_model.layers.58.mlp.down_proj,13,4,7.180606617647059e-05,4
tensor,model.language_model.layers.58.mlp.down_proj,14,1,1.7951516544117648e-05,1
tensor,model.language_model.layers.58.mlp.down_proj,15,0,0.0,0
tensor,model.language_model.layers.58.mlp.down_proj,16,0,0.0,0
tensor,model.language_model.layers.58.mlp.gate_proj,0,1567261,28.134711770450366,1567261
tensor,model.language_model.layers.58.mlp.gate_proj,1,1999012,35.8852969898897,1999012
tensor,model.language_model.layers.58.mlp.gate_proj,2,1263947,22.689765481387866,1263947
tensor,model.language_model.layers.58.mlp.gate_proj,3,529300,9.501737706801471,529300
tensor,model.language_model.layers.58.mlp.gate_proj,4,162263,2.9128669289981617,162263
tensor,model.language_model.layers.58.mlp.gate_proj,5,39128,0.7024069393382353,39128
tensor,model.language_model.layers.58.mlp.gate_proj,6,7935,0.14244528377757354,7935
tensor,model.language_model.layers.58.mlp.gate_proj,7,1363,0.024467917049632353,1363
tensor,model.language_model.layers.58.mlp.gate_proj,8,240,0.004308363970588236,240
tensor,model.language_model.layers.58.mlp.gate_proj,9,64,0.0011488970588235295,64
tensor,model.language_model.layers.58.mlp.gate_proj,10,22,0.00039493336397058824,22
tensor,model.language_model.layers.58.mlp.gate_proj,11,15,0.0002692727481617647,15
tensor,model.language_model.layers.58.mlp.gate_proj,12,6,0.00010770909926470588,6
tensor,model.language_model.layers.58.mlp.gate_proj,13,1,1.7951516544117648e-05,1
tensor,model.language_model.layers.58.mlp.gate_proj,14,2,3.5903033088235295e-05,2
tensor,model.language_model.layers.58.mlp.gate_proj,15,1,1.7951516544117648e-05,1
tensor,model.language_model.layers.58.mlp.gate_proj,16,0,0.0,0
tensor,model.language_model.layers.58.mlp.up_proj,0,1554455,27.9048246495864,1554455
tensor,model.language_model.layers.58.mlp.up_proj,1,1996305,35.83670223460478,1996305
tensor,model.language_model.layers.58.mlp.up_proj,2,1272942,22.851239372702207,1272942
tensor,model.language_model.layers.58.mlp.up_proj,3,533087,9.569720099954043,533087
tensor,model.language_model.layers.58.mlp.up_proj,4,164518,2.953347598805147,164518
tensor,model.language_model.layers.58.mlp.up_proj,5,40026,0.7185274011948529,40026
tensor,model.language_model.layers.58.mlp.up_proj,6,7726,0.13869341681985295,7726
tensor,model.language_model.layers.58.mlp.up_proj,7,1258,0.0225830078125,1258
tensor,model.language_model.layers.58.mlp.up_proj,8,185,0.003321030560661765,185
tensor,model.language_model.layers.58.mlp.up_proj,9,44,0.0007898667279411765,44
tensor,model.language_model.layers.58.mlp.up_proj,10,6,0.00010770909926470588,6
tensor,model.language_model.layers.58.mlp.up_proj,11,3,5.385454963235294e-05,3
tensor,model.language_model.layers.58.mlp.up_proj,12,2,3.5903033088235295e-05,2
tensor,model.language_model.layers.58.mlp.up_proj,13,3,5.385454963235294e-05,3
tensor,model.language_model.layers.58.mlp.up_proj,14,0,0.0,0
tensor,model.language_model.layers.58.mlp.up_proj,15,0,0.0,0
tensor,model.language_model.layers.58.mlp.up_proj,16,0,0.0,0
tensor,model.language_model.layers.59.mlp.down_proj,0,1558985,27.98614501953125,1558985
tensor,model.language_model.layers.59.mlp.down_proj,1,1999607,35.89597814223345,1999607
tensor,model.language_model.layers.59.mlp.down_proj,2,1268316,22.768195657169116,1268316
tensor,model.language_model.layers.59.mlp.down_proj,3,530971,9.531734690946692,530971
tensor,model.language_model.layers.59.mlp.down_proj,4,163470,2.9345344094669117,163470
tensor,model.language_model.layers.59.mlp.down_proj,5,39705,0.7127649643841911,39705
tensor,model.language_model.layers.59.mlp.down_proj,6,7935,0.14244528377757354,7935
tensor,model.language_model.layers.59.mlp.down_proj,7,1267,0.022744571461397058,1267
tensor,model.language_model.layers.59.mlp.down_proj,8,213,0.003823673023897059,213
tensor,model.language_model.layers.59.mlp.down_proj,9,43,0.0007719152113970588,43
tensor,model.language_model.layers.59.mlp.down_proj,10,15,0.0002692727481617647,15
tensor,model.language_model.layers.59.mlp.down_proj,11,9,0.00016156364889705882,9
tensor,model.language_model.layers.59.mlp.down_proj,12,9,0.00016156364889705882,9
tensor,model.language_model.layers.59.mlp.down_proj,13,7,0.00012566061580882352,7
tensor,model.language_model.layers.59.mlp.down_proj,14,4,7.180606617647059e-05,4
tensor,model.language_model.layers.59.mlp.down_proj,15,4,7.180606617647059e-05,4
tensor,model.language_model.layers.59.mlp.down_proj,16,0,0.0,0
tensor,model.language_model.layers.59.mlp.gate_proj,0,1564848,28.091394761029413,1564848
tensor,model.language_model.layers.59.mlp.gate_proj,1,1994927,35.81196504480698,1994927
tensor,model.language_model.layers.59.mlp.gate_proj,2,1265764,22.72238338694853,1265764
tensor,model.language_model.layers.59.mlp.gate_proj,3,532091,9.551840389476103,532091
tensor,model.language_model.layers.59.mlp.gate_proj,4,163668,2.938088809742647,163668
tensor,model.language_model.layers.59.mlp.gate_proj,5,39625,0.7113288430606618,39625
tensor,model.language_model.layers.59.mlp.gate_proj,6,8042,0.14436609604779413,8042
tensor,model.language_model.layers.59.mlp.gate_proj,7,1270,0.02279842601102941,1270
tensor,model.language_model.layers.59.mlp.gate_proj,8,217,0.0038954790900735292,217
tensor,model.language_model.layers.59.mlp.gate_proj,9,51,0.00091552734375,51
tensor,model.language_model.layers.59.mlp.gate_proj,10,22,0.00039493336397058824,22
tensor,model.language_model.layers.59.mlp.gate_proj,11,11,0.00019746668198529412,11
tensor,model.language_model.layers.59.mlp.gate_proj,12,6,0.00010770909926470588,6
tensor,model.language_model.layers.59.mlp.gate_proj,13,7,0.00012566061580882352,7
tensor,model.language_model.layers.59.mlp.gate_proj,14,5,8.975758272058824e-05,5
tensor,model.language_model.layers.59.mlp.gate_proj,15,6,0.00010770909926470588,6
tensor,model.language_model.layers.59.mlp.gate_proj,16,0,0.0,0
tensor,model.language_model.layers.59.mlp.up_proj,0,1557412,27.95790728400735,1557412
tensor,model.language_model.layers.59.mlp.up_proj,1,1996479,35.83982579848345,1996479
tensor,model.language_model.layers.59.mlp.up_proj,2,1269185,22.783795525045957,1269185
tensor,model.language_model.layers.59.mlp.up_proj,3,533580,9.578570197610293,533580
tensor,model.language_model.layers.59.mlp.up_proj,4,164993,2.961874569163603,164993
tensor,model.language_model.layers.59.mlp.up_proj,5,39610,0.7110595703125,39610
tensor,model.language_model.layers.59.mlp.up_proj,6,7714,0.13847799862132354,7714
tensor,model.language_model.layers.59.mlp.up_proj,7,1294,0.023229262408088234,1294
tensor,model.language_model.layers.59.mlp.up_proj,8,204,0.003662109375,204
tensor,model.language_model.layers.59.mlp.up_proj,9,37,0.000664206112132353,37
tensor,model.language_model.layers.59.mlp.up_proj,10,17,0.00030517578125,17
tensor,model.language_model.layers.59.mlp.up_proj,11,9,0.00016156364889705882,9
tensor,model.language_model.layers.59.mlp.up_proj,12,9,0.00016156364889705882,9
tensor,model.language_model.layers.59.mlp.up_proj,13,3,5.385454963235294e-05,3
tensor,model.language_model.layers.59.mlp.up_proj,14,5,8.975758272058824e-05,5
tensor,model.language_model.layers.59.mlp.up_proj,15,9,0.00016156364889705882,9
tensor,model.language_model.layers.59.mlp.up_proj,16,0,0.0,0
tensor,model.language_model.layers.6.mlp.down_proj,0,1540022,27.64573041130515,1540022
tensor,model.language_model.layers.6.mlp.down_proj,1,1987774,35.68355784696691,1987774
tensor,model.language_model.layers.6.mlp.down_proj,2,1274294,22.87550982306985,1274294
tensor,model.language_model.layers.6.mlp.down_proj,3,542182,9.732989142922793,542182
tensor,model.language_model.layers.6.mlp.down_proj,4,170662,3.063641716452206,170662
tensor,model.language_model.layers.6.mlp.down_proj,5,42800,0.7683249080882353,42800
tensor,model.language_model.layers.6.mlp.down_proj,6,9357,0.16797234030330882,9357
tensor,model.language_model.layers.6.mlp.down_proj,7,2016,0.03619025735294118,2016
tensor,model.language_model.layers.6.mlp.down_proj,8,687,0.012332691865808824,687
tensor,model.language_model.layers.6.mlp.down_proj,9,327,0.00587014590992647,327
tensor,model.language_model.layers.6.mlp.down_proj,10,183,0.0032851275275735292,183
tensor,model.language_model.layers.6.mlp.down_proj,11,110,0.001974666819852941,110
tensor,model.language_model.layers.6.mlp.down_proj,12,62,0.001112994025735294,62
tensor,model.language_model.layers.6.mlp.down_proj,13,52,0.0009334788602941177,52
tensor,model.language_model.layers.6.mlp.down_proj,14,23,0.0004128848805147059,23
tensor,model.language_model.layers.6.mlp.down_proj,15,9,0.00016156364889705882,9
tensor,model.language_model.layers.6.mlp.down_proj,16,0,0.0,0
tensor,model.language_model.layers.6.mlp.gate_proj,0,1561274,28.027236040900736,1561274
tensor,model.language_model.layers.6.mlp.gate_proj,1,1999294,35.890359317555145,1999294
tensor,model.language_model.layers.6.mlp.gate_proj,2,1268994,22.78036678538603,1268994
tensor,model.language_model.layers.6.mlp.gate_proj,3,528720,9.491325827205882,528720
tensor,model.language_model.layers.6.mlp.gate_proj,4,162318,2.9138542624080883,162318
tensor,model.language_model.layers.6.mlp.gate_proj,5,39352,0.7064280790441176,39352
tensor,model.language_model.layers.6.mlp.gate_proj,6,8080,0.1450482536764706,8080
tensor,model.language_model.layers.6.mlp.gate_proj,7,1599,0.02870447495404412,1599
tensor,model.language_model.layers.6.mlp.gate_proj,8,466,0.008365406709558824,466
tensor,model.language_model.layers.6.mlp.gate_proj,9,209,0.003751866957720588,209
tensor,model.language_model.layers.6.mlp.gate_proj,10,123,0.0022080365349264708,123
tensor,model.language_model.layers.6.mlp.gate_proj,11,55,0.0009873334099264705,55
tensor,model.language_model.layers.6.mlp.gate_proj,12,34,0.0006103515625,34
tensor,model.language_model.layers.6.mlp.gate_proj,13,18,0.00032312729779411764,18
tensor,model.language_model.layers.6.mlp.gate_proj,14,18,0.00032312729779411764,18
tensor,model.language_model.layers.6.mlp.gate_proj,15,6,0.00010770909926470588,6
tensor,model.language_model.layers.6.mlp.gate_proj,16,0,0.0,0
tensor,model.language_model.layers.6.mlp.up_proj,0,1551190,27.84621294806985,1551190
tensor,model.language_model.layers.6.mlp.up_proj,1,1998094,35.8688174977022,1998094
tensor,model.language_model.layers.6.mlp.up_proj,2,1273721,22.865223604090072,1273721
tensor,model.language_model.layers.6.mlp.up_proj,3,532880,9.566004136029411,532880
tensor,model.language_model.layers.6.mlp.up_proj,4,165242,2.9663444967830883,165242
tensor,model.language_model.layers.6.mlp.up_proj,5,39740,0.7133932674632353,39740
tensor,model.language_model.layers.6.mlp.up_proj,6,7857,0.14104506548713236,7857
tensor,model.language_model.layers.6.mlp.up_proj,7,1382,0.02480899586397059,1382
tensor,model.language_model.layers.6.mlp.up_proj,8,260,0.004667394301470588,260
tensor,model.language_model.layers.6.mlp.up_proj,9,81,0.0014540728400735295,81
tensor,model.language_model.layers.6.mlp.up_proj,10,43,0.0007719152113970588,43
tensor,model.language_model.layers.6.mlp.up_proj,11,25,0.00044878791360294115,25
tensor,model.language_model.layers.6.mlp.up_proj,12,14,0.00025132123161764703,14
tensor,model.language_model.layers.6.mlp.up_proj,13,9,0.00016156364889705882,9
tensor,model.language_model.layers.6.mlp.up_proj,14,10,0.00017951516544117648,10
tensor,model.language_model.layers.6.mlp.up_proj,15,12,0.00021541819852941176,12
tensor,model.language_model.layers.6.mlp.up_proj,16,0,0.0,0
tensor,model.language_model.layers.60.mlp.down_proj,0,1552670,27.87278119255515,1552670
tensor,model.language_model.layers.60.mlp.down_proj,1,1996311,35.83680994370405,1996311
tensor,model.language_model.layers.60.mlp.down_proj,2,1272116,22.836411420036764,1272116
tensor,model.language_model.layers.60.mlp.down_proj,3,535417,9.611547133501839,535417
tensor,model.language_model.layers.60.mlp.down_proj,4,164897,2.9601512235753678,164897
tensor,model.language_model.layers.60.mlp.down_proj,5,39788,0.7142549402573529,39788
tensor,model.language_model.layers.60.mlp.down_proj,6,7905,0.14190673828125,7905
tensor,model.language_model.layers.60.mlp.down_proj,7,1222,0.021936753216911766,1222
tensor,model.language_model.layers.60.mlp.down_proj,8,176,0.003159466911764706,176
tensor,model.language_model.layers.60.mlp.down_proj,9,37,0.000664206112132353,37
tensor,model.language_model.layers.60.mlp.down_proj,10,8,0.00014361213235294118,8
tensor,model.language_model.layers.60.mlp.down_proj,11,6,0.00010770909926470588,6
tensor,model.language_model.layers.60.mlp.down_proj,12,3,5.385454963235294e-05,3
tensor,model.language_model.layers.60.mlp.down_proj,13,2,3.5903033088235295e-05,2
tensor,model.language_model.layers.60.mlp.down_proj,14,0,0.0,0
tensor,model.language_model.layers.60.mlp.down_proj,15,2,3.5903033088235295e-05,2
tensor,model.language_model.layers.60.mlp.down_proj,16,0,0.0,0
tensor,model.language_model.layers.60.mlp.gate_proj,0,1561784,28.036391314338236,1561784
tensor,model.language_model.layers.60.mlp.gate_proj,1,1994704,35.807961856617645,1994704
tensor,model.language_model.layers.60.mlp.gate_proj,2,1267285,22.749687643612134,1267285
tensor,model.language_model.layers.60.mlp.gate_proj,3,531356,9.538646024816176,531356
tensor,model.language_model.layers.60.mlp.gate_proj,4,165178,2.9651955997242645,165178
tensor,model.language_model.layers.60.mlp.gate_proj,5,40350,0.7243436925551471,40350
tensor,model.language_model.layers.60.mlp.gate_proj,6,8152,0.14634076286764705,8152
tensor,model.language_model.layers.60.mlp.gate_proj,7,1370,0.024593577665441176,1370
tensor,model.language_model.layers.60.mlp.gate_proj,8,259,0.00464944278492647,259
tensor,model.language_model.layers.60.mlp.gate_proj,9,57,0.001023236443014706,57
tensor,model.language_model.layers.60.mlp.gate_proj,10,39,0.0007001091452205882,39
tensor,model.language_model.layers.60.mlp.gate_proj,11,10,0.00017951516544117648,10
tensor,model.language_model.layers.60.mlp.gate_proj,12,9,0.00016156364889705882,9
tensor,model.language_model.layers.60.mlp.gate_proj,13,5,8.975758272058824e-05,5
tensor,model.language_model.layers.60.mlp.gate_proj,14,2,3.5903033088235295e-05,2
tensor,model.language_model.layers.60.mlp.gate_proj,15,0,0.0,0
tensor,model.language_model.layers.60.mlp.gate_proj,16,0,0.0,0
tensor,model.language_model.layers.60.mlp.up_proj,0,1558568,27.97865923713235,1558568
tensor,model.language_model.layers.60.mlp.up_proj,1,1998628,35.87840360753677,1998628
tensor,model.language_model.layers.60.mlp.up_proj,2,1270303,22.80386532054228,1270303
tensor,model.language_model.layers.60.mlp.up_proj,3,529807,9.510839125689339,529807
tensor,model.language_model.layers.60.mlp.up_proj,4,163992,2.943905101102941,163992
tensor,model.language_model.layers.60.mlp.up_proj,5,39798,0.7144344554227942,39798
tensor,model.language_model.layers.60.mlp.up_proj,6,7906,0.14192468979779413,7906
tensor,model.language_model.layers.60.mlp.up_proj,7,1334,0.023947323069852942,1334
tensor,model.language_model.layers.60.mlp.up_proj,8,169,0.003033806295955882,169
tensor,model.language_model.layers.60.mlp.up_proj,9,35,0.0006283030790441177,35
tensor,model.language_model.layers.60.mlp.up_proj,10,9,0.00016156364889705882,9
tensor,model.language_model.layers.60.mlp.up_proj,11,4,7.180606617647059e-05,4
tensor,model.language_model.layers.60.mlp.up_proj,12,3,5.385454963235294e-05,3
tensor,model.language_model.layers.60.mlp.up_proj,13,2,3.5903033088235295e-05,2
tensor,model.language_model.layers.60.mlp.up_proj,14,0,0.0,0
tensor,model.language_model.layers.60.mlp.up_proj,15,2,3.5903033088235295e-05,2
tensor,model.language_model.layers.60.mlp.up_proj,16,0,0.0,0
tensor,model.language_model.layers.61.mlp.down_proj,0,1551292,27.84804400275735,1551292
tensor,model.language_model.layers.61.mlp.down_proj,1,1997428,35.856861787683826,1997428
tensor,model.language_model.layers.61.mlp.down_proj,2,1272183,22.83761417164522,1272183
tensor,model.language_model.layers.61.mlp.down_proj,3,534246,9.590525907628676,534246
tensor,model.language_model.layers.61.mlp.down_proj,4,165479,2.970599006204044,165479
tensor,model.language_model.layers.61.mlp.down_proj,5,40386,0.7249899471507353,40386
tensor,model.language_model.layers.61.mlp.down_proj,6,7922,0.1422119140625,7922
tensor,model.language_model.layers.61.mlp.down_proj,7,1349,0.024216595818014705,1349
tensor,model.language_model.layers.61.mlp.down_proj,8,201,0.003608254825367647,201
tensor,model.language_model.layers.61.mlp.down_proj,9,38,0.0006821576286764705,38
tensor,model.language_model.layers.61.mlp.down_proj,10,17,0.00030517578125,17
tensor,model.language_model.layers.61.mlp.down_proj,11,9,0.00016156364889705882,9
tensor,model.language_model.layers.61.mlp.down_proj,12,3,5.385454963235294e-05,3
tensor,model.language_model.layers.61.mlp.down_proj,13,3,5.385454963235294e-05,3
tensor,model.language_model.layers.61.mlp.down_proj,14,3,5.385454963235294e-05,3
tensor,model.language_model.layers.61.mlp.down_proj,15,1,1.7951516544117648e-05,1
tensor,model.language_model.layers.61.mlp.down_proj,16,0,0.0,0
tensor,model.language_model.layers.61.mlp.gate_proj,0,1556041,27.933295754825366,1556041
tensor,model.language_model.layers.61.mlp.gate_proj,1,1993716,35.79022575827206,1993716
tensor,model.language_model.layers.61.mlp.gate_proj,2,1269770,22.794297162224264,1269770
tensor,model.language_model.layers.61.mlp.gate_proj,3,532643,9.561749626608457,532643
tensor,model.language_model.layers.61.mlp.gate_proj,4,166993,2.9977776022518383,166993
tensor,model.language_model.layers.61.mlp.gate_proj,5,41180,0.7392434512867647,41180
tensor,model.language_model.layers.61.mlp.gate_proj,6,8243,0.14797435087316177,8243
tensor,model.language_model.layers.61.mlp.gate_proj,7,1505,0.027017032398897058,1505
tensor,model.language_model.layers.61.mlp.gate_proj,8,311,0.005582921645220588,311
tensor,model.language_model.layers.61.mlp.gate_proj,9,79,0.001418169806985294,79
tensor,model.language_model.layers.61.mlp.gate_proj,10,30,0.0005385454963235295,30
tensor,model.language_model.layers.61.mlp.gate_proj,11,17,0.00030517578125,17
tensor,model.language_model.layers.61.mlp.gate_proj,12,11,0.00019746668198529412,11
tensor,model.language_model.layers.61.mlp.gate_proj,13,12,0.00021541819852941176,12
tensor,model.language_model.layers.61.mlp.gate_proj,14,6,0.00010770909926470588,6
tensor,model.language_model.layers.61.mlp.gate_proj,15,3,5.385454963235294e-05,3
tensor,model.language_model.layers.61.mlp.gate_proj,16,0,0.0,0
tensor,model.language_model.layers.61.mlp.up_proj,0,1557932,27.967242072610293,1557932
tensor,model.language_model.layers.61.mlp.up_proj,1,1998226,35.87118709788603,1998226
tensor,model.language_model.layers.61.mlp.up_proj,2,1270085,22.799951889935663,1270085
tensor,model.language_model.layers.61.mlp.up_proj,3,531278,9.537245806525736,531278
tensor,model.language_model.layers.61.mlp.up_proj,4,164081,2.9455027860753678,164081
tensor,model.language_model.layers.61.mlp.up_proj,5,39555,0.7100722369025735,39555
tensor,model.language_model.layers.61.mlp.up_proj,6,7874,0.14135024126838236,7874
tensor,model.language_model.layers.61.mlp.up_proj,7,1260,0.022618910845588234,1260
tensor,model.language_model.layers.61.mlp.up_proj,8,194,0.0034825942095588237,194
tensor,model.language_model.layers.61.mlp.up_proj,9,41,0.0007360121783088235,41
tensor,model.language_model.layers.61.mlp.up_proj,10,14,0.00025132123161764703,14
tensor,model.language_model.layers.61.mlp.up_proj,11,7,0.00012566061580882352,7
tensor,model.language_model.layers.61.mlp.up_proj,12,5,8.975758272058824e-05,5
tensor,model.language_model.layers.61.mlp.up_proj,13,3,5.385454963235294e-05,3
tensor,model.language_model.layers.61.mlp.up_proj,14,2,3.5903033088235295e-05,2
tensor,model.language_model.layers.61.mlp.up_proj,15,3,5.385454963235294e-05,3
tensor,model.language_model.layers.61.mlp.up_proj,16,0,0.0,0
tensor,model.language_model.layers.62.mlp.down_proj,0,1511891,27.140736299402572,1511891
tensor,model.language_model.layers.62.mlp.down_proj,1,1979292,35.5312930836397,1979292
tensor,model.language_model.layers.62.mlp.down_proj,2,1289431,23.147241928998163,1289431
tensor,model.language_model.layers.62.mlp.down_proj,3,556326,9.986895392922793,556326
tensor,model.language_model.layers.62.mlp.down_proj,4,177589,3.187991871553309,177589
tensor,model.language_model.layers.62.mlp.down_proj,5,44865,0.8053947897518382,44865
tensor,model.language_model.layers.62.mlp.down_proj,6,9070,0.16282025505514705,9070
tensor,model.language_model.layers.62.mlp.down_proj,7,1636,0.02936868106617647,1636
tensor,model.language_model.layers.62.mlp.down_proj,8,308,0.005529067095588236,308
tensor,model.language_model.layers.62.mlp.down_proj,9,81,0.0014540728400735295,81
tensor,model.language_model.layers.62.mlp.down_proj,10,39,0.0007001091452205882,39
tensor,model.language_model.layers.62.mlp.down_proj,11,16,0.00028722426470588236,16
tensor,model.language_model.layers.62.mlp.down_proj,12,12,0.00021541819852941176,12
tensor,model.language_model.layers.62.mlp.down_proj,13,2,3.5903033088235295e-05,2
tensor,model.language_model.layers.62.mlp.down_proj,14,2,3.5903033088235295e-05,2
tensor,model.language_model.layers.62.mlp.down_proj,15,0,0.0,0
tensor,model.language_model.layers.62.mlp.down_proj,16,0,0.0,0
tensor,model.language_model.layers.62.mlp.gate_proj,0,1551070,27.844058766084558,1551070
tensor,model.language_model.layers.62.mlp.gate_proj,1,1990348,35.72976505055147,1990348
tensor,model.language_model.layers.62.mlp.gate_proj,2,1271423,22.823971019071692,1271423
tensor,model.language_model.layers.62.mlp.gate_proj,3,536536,9.631634880514707,536536
tensor,model.language_model.layers.62.mlp.gate_proj,4,168468,3.0242560891544117,168468
tensor,model.language_model.layers.62.mlp.gate_proj,5,42240,0.7582720588235294,42240
tensor,model.language_model.layers.62.mlp.gate_proj,6,8540,0.15330595128676472,8540
tensor,model.language_model.layers.62.mlp.gate_proj,7,1490,0.026747759650735295,1490
tensor,model.language_model.layers.62.mlp.gate_proj,8,315,0.0056547277113970585,315
tensor,model.language_model.layers.62.mlp.gate_proj,9,77,0.001382266773897059,77
tensor,model.language_model.layers.62.mlp.gate_proj,10,25,0.00044878791360294115,25
tensor,model.language_model.layers.62.mlp.gate_proj,11,15,0.0002692727481617647,15
tensor,model.language_model.layers.62.mlp.gate_proj,12,7,0.00012566061580882352,7
tensor,model.language_model.layers.62.mlp.gate_proj,13,2,3.5903033088235295e-05,2
tensor,model.language_model.layers.62.mlp.gate_proj,14,2,3.5903033088235295e-05,2
tensor,model.language_model.layers.62.mlp.gate_proj,15,2,3.5903033088235295e-05,2
tensor,model.language_model.layers.62.mlp.gate_proj,16,0,0.0,0
tensor,model.language_model.layers.62.mlp.up_proj,0,1558781,27.98248291015625,1558781
tensor,model.language_model.layers.62.mlp.up_proj,1,1996391,35.838246065027576,1996391
tensor,model.language_model.layers.62.mlp.up_proj,2,1270535,22.808030072380514,1270535
tensor,model.language_model.layers.62.mlp.up_proj,3,530564,9.524428423713236,530564
tensor,model.language_model.layers.62.mlp.up_proj,4,164774,2.957943187040441,164774
tensor,model.language_model.layers.62.mlp.up_proj,5,40101,0.7198737649356618,40101
tensor,model.language_model.layers.62.mlp.up_proj,6,7747,0.1390703986672794,7747
tensor,model.language_model.layers.62.mlp.up_proj,7,1414,0.025383444393382353,1414
tensor,model.language_model.layers.62.mlp.up_proj,8,200,0.0035903033088235292,200
tensor,model.language_model.layers.62.mlp.up_proj,9,36,0.0006462545955882353,36
tensor,model.language_model.layers.62.mlp.up_proj,10,10,0.00017951516544117648,10
tensor,model.language_model.layers.62.mlp.up_proj,11,5,8.975758272058824e-05,5
tensor,model.language_model.layers.62.mlp.up_proj,12,1,1.7951516544117648e-05,1
tensor,model.language_model.layers.62.mlp.up_proj,13,0,0.0,0
tensor,model.language_model.layers.62.mlp.up_proj,14,1,1.7951516544117648e-05,1
tensor,model.language_model.layers.62.mlp.up_proj,15,0,0.0,0
tensor,model.language_model.layers.62.mlp.up_proj,16,0,0.0,0
tensor,model.language_model.layers.63.mlp.down_proj,0,1419644,25.48476275275735,1419644
tensor,model.language_model.layers.63.mlp.down_proj,1,1940248,34.830394071691174,1940248
tensor,model.language_model.layers.63.mlp.down_proj,2,1330145,23.878119973575366,1330145
tensor,model.language_model.layers.63.mlp.down_proj,3,604602,10.853522805606618,604602
tensor,model.language_model.layers.63.mlp.down_proj,4,204940,3.6789838005514706,204940
tensor,model.language_model.layers.63.mlp.down_proj,5,55097,0.98907470703125,55097
tensor,model.language_model.layers.63.mlp.down_proj,6,12593,0.22606344784007354,12593
tensor,model.language_model.layers.63.mlp.down_proj,7,2530,0.04541733685661765,2530
tensor,model.language_model.layers.63.mlp.down_proj,8,533,0.009568158318014705,533
tensor,model.language_model.layers.63.mlp.down_proj,9,135,0.002423454733455882,135
tensor,model.language_model.layers.63.mlp.down_proj,10,53,0.0009514303768382353,53
tensor,model.language_model.layers.63.mlp.down_proj,11,24,0.0004308363970588235,24
tensor,model.language_model.layers.63.mlp.down_proj,12,7,0.00012566061580882352,7
tensor,model.language_model.layers.63.mlp.down_proj,13,7,0.00012566061580882352,7
tensor,model.language_model.layers.63.mlp.down_proj,14,0,0.0,0
tensor,model.language_model.layers.63.mlp.down_proj,15,2,3.5903033088235295e-05,2
tensor,model.language_model.layers.63.mlp.down_proj,16,0,0.0,0
tensor,model.language_model.layers.63.mlp.gate_proj,0,1543730,27.712294634650736,1543730
tensor,model.language_model.layers.63.mlp.gate_proj,1,1987408,35.67698759191177,1987408
tensor,model.language_model.layers.63.mlp.gate_proj,2,1275377,22.894951315487134,1275377
tensor,model.language_model.layers.63.mlp.gate_proj,3,540408,9.701143152573529,540408
tensor,model.language_model.layers.63.mlp.gate_proj,4,170129,3.054073558134191,170129
tensor,model.language_model.layers.63.mlp.gate_proj,5,42589,0.7645371380974265,42589
tensor,model.language_model.layers.63.mlp.gate_proj,6,8774,0.15750660615808823,8774
tensor,model.language_model.layers.63.mlp.gate_proj,7,1617,0.029027602251838234,1617
tensor,model.language_model.layers.63.mlp.gate_proj,8,332,0.0059599034926470585,332
tensor,model.language_model.layers.63.mlp.gate_proj,9,111,0.001992618336397059,111
tensor,model.language_model.layers.63.mlp.gate_proj,10,51,0.00091552734375,51
tensor,model.language_model.layers.63.mlp.gate_proj,11,20,0.00035903033088235297,20
tensor,model.language_model.layers.63.mlp.gate_proj,12,6,0.00010770909926470588,6
tensor,model.language_model.layers.63.mlp.gate_proj,13,5,8.975758272058824e-05,5
tensor,model.language_model.layers.63.mlp.gate_proj,14,3,5.385454963235294e-05,3
tensor,model.language_model.layers.63.mlp.gate_proj,15,0,0.0,0
tensor,model.language_model.layers.63.mlp.gate_proj,16,0,0.0,0
tensor,model.language_model.layers.63.mlp.up_proj,0,1550591,27.835459989659928,1550591
tensor,model.language_model.layers.63.mlp.up_proj,1,1993193,35.78083711511948,1993193
tensor,model.language_model.layers.63.mlp.up_proj,2,1272778,22.84829532398897,1272778
tensor,model.language_model.layers.63.mlp.up_proj,3,536848,9.637235753676471,536848
tensor,model.language_model.layers.63.mlp.up_proj,4,167327,3.0037734087775734,167327
tensor,model.language_model.layers.63.mlp.up_proj,5,40274,0.7229793772977942,40274
tensor,model.language_model.layers.63.mlp.up_proj,6,8003,0.14366598690257354,8003
tensor,model.language_model.layers.63.mlp.up_proj,7,1325,0.02378575942095588,1325
tensor,model.language_model.layers.63.mlp.up_proj,8,179,0.003213321461397059,179
tensor,model.language_model.layers.63.mlp.up_proj,9,31,0.000556497012867647,31
tensor,model.language_model.layers.63.mlp.up_proj,10,5,8.975758272058824e-05,5
tensor,model.language_model.layers.63.mlp.up_proj,11,3,5.385454963235294e-05,3
tensor,model.language_model.layers.63.mlp.up_proj,12,2,3.5903033088235295e-05,2
tensor,model.language_model.layers.63.mlp.up_proj,13,1,1.7951516544117648e-05,1
tensor,model.language_model.layers.63.mlp.up_proj,14,0,0.0,0
tensor,model.language_model.layers.63.mlp.up_proj,15,0,0.0,0
tensor,model.language_model.layers.63.mlp.up_proj,16,0,0.0,0
tensor,model.language_model.layers.7.mlp.down_proj,0,1566502,28.121086569393384,1566502
tensor,model.language_model.layers.7.mlp.down_proj,1,1998789,35.881293801700366,1998789
tensor,model.language_model.layers.7.mlp.down_proj,2,1265918,22.725147920496322,1265918
tensor,model.language_model.layers.7.mlp.down_proj,3,528245,9.482798856847426,528245
tensor,model.language_model.layers.7.mlp.down_proj,4,162755,2.9216990751378678,162755
tensor,model.language_model.layers.7.mlp.down_proj,5,39235,0.7043277516084558,39235
tensor,model.language_model.layers.7.mlp.down_proj,6,7693,0.13810101677389705,7693
tensor,model.language_model.layers.7.mlp.down_proj,7,1207,0.02166748046875,1207
tensor,model.language_model.layers.7.mlp.down_proj,8,167,0.002997903262867647,167
tensor,model.language_model.layers.7.mlp.down_proj,9,34,0.0006103515625,34
tensor,model.language_model.layers.7.mlp.down_proj,10,11,0.00019746668198529412,11
tensor,model.language_model.layers.7.mlp.down_proj,11,2,3.5903033088235295e-05,2
tensor,model.language_model.layers.7.mlp.down_proj,12,0,0.0,0
tensor,model.language_model.layers.7.mlp.down_proj,13,1,1.7951516544117648e-05,1
tensor,model.language_model.layers.7.mlp.down_proj,14,0,0.0,0
tensor,model.language_model.layers.7.mlp.down_proj,15,1,1.7951516544117648e-05,1
tensor,model.language_model.layers.7.mlp.down_proj,16,0,0.0,0
tensor,model.language_model.layers.7.mlp.gate_proj,0,1566835,28.127064424402572,1566835
tensor,model.language_model.layers.7.mlp.gate_proj,1,2002545,35.948719697840076,2002545
tensor,model.language_model.layers.7.mlp.gate_proj,2,1267421,22.752129049862134,1267421
tensor,model.language_model.layers.7.mlp.gate_proj,3,526132,9.444867302389707,526132
tensor,model.language_model.layers.7.mlp.gate_proj,4,160607,2.883139217601103,160607
tensor,model.language_model.layers.7.mlp.gate_proj,5,38254,0.6867173138786765,38254
tensor,model.language_model.layers.7.mlp.gate_proj,6,7377,0.13242833754595587,7377
tensor,model.language_model.layers.7.mlp.gate_proj,7,1213,0.021775189568014705,1213
tensor,model.language_model.layers.7.mlp.gate_proj,8,140,0.0025132123161764708,140
tensor,model.language_model.layers.7.mlp.gate_proj,9,27,0.0004846909466911765,27
tensor,model.language_model.layers.7.mlp.gate_proj,10,6,0.00010770909926470588,6
tensor,model.language_model.layers.7.mlp.gate_proj,11,1,1.7951516544117648e-05,1
tensor,model.language_model.layers.7.mlp.gate_proj,12,0,0.0,0
tensor,model.language_model.layers.7.mlp.gate_proj,13,1,1.7951516544117648e-05,1
tensor,model.language_model.layers.7.mlp.gate_proj,14,0,0.0,0
tensor,model.language_model.layers.7.mlp.gate_proj,15,1,1.7951516544117648e-05,1
tensor,model.language_model.layers.7.mlp.gate_proj,16,0,0.0,0
tensor,model.language_model.layers.7.mlp.up_proj,0,1557258,27.955142750459558,1557258
tensor,model.language_model.layers.7.mlp.up_proj,1,1996696,35.84372127757353,1996696
tensor,model.language_model.layers.7.mlp.up_proj,2,1275015,22.888452866498163,1275015
tensor,model.language_model.layers.7.mlp.up_proj,3,530437,9.522148581112132,530437
tensor,model.language_model.layers.7.mlp.up_proj,4,163499,2.935055003446691,163499
tensor,model.language_model.layers.7.mlp.up_proj,5,38825,0.6969676298253676,38825
tensor,model.language_model.layers.7.mlp.up_proj,6,7401,0.13285917394301472,7401
tensor,model.language_model.layers.7.mlp.up_proj,7,1224,0.02197265625,1224
tensor,model.language_model.layers.7.mlp.up_proj,8,185,0.003321030560661765,185
tensor,model.language_model.layers.7.mlp.up_proj,9,19,0.0003410788143382353,19
tensor,model.language_model.layers.7.mlp.up_proj,10,1,1.7951516544117648e-05,1
tensor,model.language_model.layers.7.mlp.up_proj,11,0,0.0,0
tensor,model.language_model.layers.7.mlp.up_proj,12,0,0.0,0
tensor,model.language_model.layers.7.mlp.up_proj,13,0,0.0,0
tensor,model.language_model.layers.7.mlp.up_proj,14,0,0.0,0
tensor,model.language_model.layers.7.mlp.up_proj,15,0,0.0,0
tensor,model.language_model.layers.7.mlp.up_proj,16,0,0.0,0
tensor,model.language_model.layers.8.mlp.down_proj,0,1568679,28.160167020909928,1568679
tensor,model.language_model.layers.8.mlp.down_proj,1,2002446,35.9469424977022,2002446
tensor,model.language_model.layers.8.mlp.down_proj,2,1265371,22.715328440946692,1265371
tensor,model.language_model.layers.8.mlp.down_proj,3,525205,9.428226246553308,525205
tensor,model.language_model.layers.8.mlp.down_proj,4,161626,2.901431812959559,161626
tensor,model.language_model.layers.8.mlp.down_proj,5,38412,0.6895536534926471,38412
tensor,model.language_model.layers.8.mlp.down_proj,6,7498,0.13460047104779413,7498
tensor,model.language_model.layers.8.mlp.down_proj,7,1122,0.0201416015625,1122
tensor,model.language_model.layers.8.mlp.down_proj,8,174,0.0031235638786764708,174
tensor,model.language_model.layers.8.mlp.down_proj,9,20,0.00035903033088235297,20
tensor,model.language_model.layers.8.mlp.down_proj,10,7,0.00012566061580882352,7
tensor,model.language_model.layers.8.mlp.down_proj,11,0,0.0,0
tensor,model.language_model.layers.8.mlp.down_proj,12,0,0.0,0
tensor,model.language_model.layers.8.mlp.down_proj,13,0,0.0,0
tensor,model.language_model.layers.8.mlp.down_proj,14,0,0.0,0
tensor,model.language_model.layers.8.mlp.down_proj,15,0,0.0,0
tensor,model.language_model.layers.8.mlp.down_proj,16,0,0.0,0
tensor,model.language_model.layers.8.mlp.gate_proj,0,1573043,28.238507439108457,1573043
tensor,model.language_model.layers.8.mlp.gate_proj,1,2002536,35.948558134191174,2002536
tensor,model.language_model.layers.8.mlp.gate_proj,2,1264832,22.705652573529413,1264832
tensor,model.language_model.layers.8.mlp.gate_proj,3,523681,9.400868135340074,523681
tensor,model.language_model.layers.8.mlp.gate_proj,4,159973,2.8717579561121322,159973
tensor,model.language_model.layers.8.mlp.gate_proj,5,37960,0.6814395680147058,37960
tensor,model.language_model.layers.8.mlp.gate_proj,6,7186,0.1289995978860294,7186
tensor,model.language_model.layers.8.mlp.gate_proj,7,1187,0.021308450137867647,1187
tensor,model.language_model.layers.8.mlp.gate_proj,8,141,0.002531163832720588,141
tensor,model.language_model.layers.8.mlp.gate_proj,9,17,0.00030517578125,17
tensor,model.language_model.layers.8.mlp.gate_proj,10,3,5.385454963235294e-05,3
tensor,model.language_model.layers.8.mlp.gate_proj,11,1,1.7951516544117648e-05,1
tensor,model.language_model.layers.8.mlp.gate_proj,12,0,0.0,0
tensor,model.language_model.layers.8.mlp.gate_proj,13,0,0.0,0
tensor,model.language_model.layers.8.mlp.gate_proj,14,0,0.0,0
tensor,model.language_model.layers.8.mlp.gate_proj,15,0,0.0,0
tensor,model.language_model.layers.8.mlp.gate_proj,16,0,0.0,0
tensor,model.language_model.layers.8.mlp.up_proj,0,1563386,28.065149643841913,1563386
tensor,model.language_model.layers.8.mlp.up_proj,1,2001867,35.93654856962316,2001867
tensor,model.language_model.layers.8.mlp.up_proj,2,1267040,22.745289522058822,1267040
tensor,model.language_model.layers.8.mlp.up_proj,3,528664,9.490320542279411,528664
tensor,model.language_model.layers.8.mlp.up_proj,4,161988,2.9079302619485294,161988
tensor,model.language_model.layers.8.mlp.up_proj,5,38752,0.6956571691176471,38752
tensor,model.language_model.layers.8.mlp.up_proj,6,7518,0.13495950137867646,7518
tensor,model.language_model.layers.8.mlp.up_proj,7,1151,0.02066219554227941,1151
tensor,model.language_model.layers.8.mlp.up_proj,8,176,0.003159466911764706,176
tensor,model.language_model.layers.8.mlp.up_proj,9,14,0.00025132123161764703,14
tensor,model.language_model.layers.8.mlp.up_proj,10,3,5.385454963235294e-05,3
tensor,model.language_model.layers.8.mlp.up_proj,11,1,1.7951516544117648e-05,1
tensor,model.language_model.layers.8.mlp.up_proj,12,0,0.0,0
tensor,model.language_model.layers.8.mlp.up_proj,13,0,0.0,0
tensor,model.language_model.layers.8.mlp.up_proj,14,0,0.0,0
tensor,model.language_model.layers.8.mlp.up_proj,15,0,0.0,0
tensor,model.language_model.layers.8.mlp.up_proj,16,0,0.0,0
tensor,model.language_model.layers.9.mlp.down_proj,0,1567877,28.145769904641543,1567877
tensor,model.language_model.layers.9.mlp.down_proj,1,2002622,35.95010196461397,2002622
tensor,model.language_model.layers.9.mlp.down_proj,2,1265111,22.71066104664522,1265111
tensor,model.language_model.layers.9.mlp.down_proj,3,526342,9.448637120863971,526342
tensor,model.language_model.layers.9.mlp.down_proj,4,161376,2.8969439338235294,161376
tensor,model.language_model.layers.9.mlp.down_proj,5,38371,0.6888176413143382,38371
tensor,model.language_model.layers.9.mlp.down_proj,6,7442,0.13359518612132354,7442
tensor,model.language_model.layers.9.mlp.down_proj,7,1191,0.02138025620404412,1191
tensor,model.language_model.layers.9.mlp.down_proj,8,184,0.003303079044117647,184
tensor,model.language_model.layers.9.mlp.down_proj,9,34,0.0006103515625,34
tensor,model.language_model.layers.9.mlp.down_proj,10,8,0.00014361213235294118,8
tensor,model.language_model.layers.9.mlp.down_proj,11,2,3.5903033088235295e-05,2
tensor,model.language_model.layers.9.mlp.down_proj,12,0,0.0,0
tensor,model.language_model.layers.9.mlp.down_proj,13,0,0.0,0
tensor,model.language_model.layers.9.mlp.down_proj,14,0,0.0,0
tensor,model.language_model.layers.9.mlp.down_proj,15,0,0.0,0
tensor,model.language_model.layers.9.mlp.down_proj,16,0,0.0,0
tensor,model.language_model.layers.9.mlp.gate_proj,0,1573819,28.252437815946692,1573819
tensor,model.language_model.layers.9.mlp.gate_proj,1,2000861,35.91848934397978,2000861
tensor,model.language_model.layers.9.mlp.gate_proj,2,1261853,22.652175005744486,1261853
tensor,model.language_model.layers.9.mlp.gate_proj,3,525466,9.432911592371324,525466
tensor,model.language_model.layers.9.mlp.gate_proj,4,160951,2.8893145392922794,160951
tensor,model.language_model.layers.9.mlp.gate_proj,5,38715,0.6949929630055147,38715
tensor,model.language_model.layers.9.mlp.gate_proj,6,7519,0.1349774528952206,7519
tensor,model.language_model.layers.9.mlp.gate_proj,7,1166,0.020931468290441176,1166
tensor,model.language_model.layers.9.mlp.gate_proj,8,173,0.003105612362132353,173
tensor,model.language_model.layers.9.mlp.gate_proj,9,28,0.0005026424632352941,28
tensor,model.language_model.layers.9.mlp.gate_proj,10,8,0.00014361213235294118,8
tensor,model.language_model.layers.9.mlp.gate_proj,11,0,0.0,0
tensor,model.language_model.layers.9.mlp.gate_proj,12,0,0.0,0
tensor,model.language_model.layers.9.mlp.gate_proj,13,1,1.7951516544117648e-05,1
tensor,model.language_model.layers.9.mlp.gate_proj,14,0,0.0,0
tensor,model.language_model.layers.9.mlp.gate_proj,15,0,0.0,0
tensor,model.language_model.layers.9.mlp.gate_proj,16,0,0.0,0
tensor,model.language_model.layers.9.mlp.up_proj,0,1568521,28.157330681295957,1568521
tensor,model.language_model.layers.9.mlp.up_proj,1,1999959,35.90229707605698,1999959
tensor,model.language_model.layers.9.mlp.up_proj,2,1264789,22.704880658318014,1264789
tensor,model.language_model.layers.9.mlp.up_proj,3,527119,9.46258544921875,527119
tensor,model.language_model.layers.9.mlp.up_proj,4,162527,2.917606129365809,162527
tensor,model.language_model.layers.9.mlp.up_proj,5,38924,0.6987448299632353,38924
tensor,model.language_model.layers.9.mlp.up_proj,6,7430,0.13337976792279413,7430
tensor,model.language_model.layers.9.mlp.up_proj,7,1123,0.02015955307904412,1123
tensor,model.language_model.layers.9.mlp.up_proj,8,149,0.0026747759650735292,149
tensor,model.language_model.layers.9.mlp.up_proj,9,17,0.00030517578125,17
tensor,model.language_model.layers.9.mlp.up_proj,10,1,1.7951516544117648e-05,1
tensor,model.language_model.layers.9.mlp.up_proj,11,1,1.7951516544117648e-05,1
tensor,model.language_model.layers.9.mlp.up_proj,12,0,0.0,0
tensor,model.language_model.layers.9.mlp.up_proj,13,0,0.0,0
tensor,model.language_model.layers.9.mlp.up_proj,14,0,0.0,0
tensor,model.language_model.layers.9.mlp.up_proj,15,0,0.0,0
tensor,model.language_model.layers.9.mlp.up_proj,16,0,0.0,0
