scope_type,scope,e2m1_code,decoded_value,value_count,value_pct
overall,all_nvfp4,0x0,0.0,730618492,3.974174195989535
overall,all_nvfp4,0x1,0.5,1450223043,7.888438438155521
overall,all_nvfp4,0x2,1.0,1346532235,7.3244158490381
overall,all_nvfp4,0x3,1.5,1222520072,6.6498559472837275
overall,all_nvfp4,0x4,2.0,1367903127,7.440662082142859
overall,all_nvfp4,0x5,3.0,1362559240,7.411594192328644
overall,all_nvfp4,0x6,4.0,1130873004,6.151344868284514
overall,all_nvfp4,0x7,6.0,584310082,3.178334624386881
overall,all_nvfp4,0x8,-0.0,730552329,3.973814304623236
overall,all_nvfp4,0x9,-0.5,1449919384,7.886786695453421
overall,all_nvfp4,0xa,-1.0,1345910292,7.32103281144866
overall,all_nvfp4,0xb,-1.5,1221764970,6.645748595886796
overall,all_nvfp4,0xc,-2.0,1366641900,7.433801681190011
overall,all_nvfp4,0xd,-3.0,1360921238,7.402684336702681
overall,all_nvfp4,0xe,-4.0,1129291363,6.142741586382474
overall,all_nvfp4,0xf,-6.0,583617949,3.174569790702938
projection,gate,0x0,0.0,225770330,3.9579295060213875
projection,gate,0x1,0.5,448354846,7.860009214457343
projection,gate,0x2,1.0,416923531,7.308993812869577
projection,gate,0x3,1.5,379089675,6.645736887174494
projection,gate,0x4,2.0,425042764,7.45133028310888
projection,gate,0x5,3.0,424200864,7.43657112121582
projection,gate,0x6,4.0,352376435,6.17743301040986
projection,gate,0x7,6.0,181318859,3.178660641698276
projection,gate,0x8,-0.0,225766919,3.9578697085380554
projection,gate,0x9,-0.5,448270488,7.858530353097355
projection,gate,0xa,-1.0,416781093,7.3064967639306015
projection,gate,0xb,-1.5,378918788,6.642741105135749
projection,gate,0xc,-2.0,424703451,7.445381862275741
projection,gate,0xd,-3.0,423687861,7.427577779573553
projection,gate,0xe,-4.0,351886958,6.168852097847882
projection,gate,0xf,-6.0,181160578,3.1758858526454254
projection,up,0x0,0.0,227088497,3.981037998900694
projection,up,0x1,0.5,450398173,7.895830326220569
projection,up,0x2,1.0,417816990,7.324656844139099
projection,up,0x3,1.5,378958228,6.6434325190151435
projection,up,0x4,2.0,423834640,7.430150929619284
projection,up,0x5,3.0,422130912,7.40028325249167
projection,up,0x6,4.0,350616689,6.146583294167238
projection,up,0x7,6.0,181315859,3.178608049364651
projection,up,0x8,-0.0,227082197,3.980927555000081
projection,up,0x9,-0.5,450419420,7.896202802658081
projection,up,0xa,-1.0,417762543,7.323702345876133
projection,up,0xb,-1.5,378961024,6.643481535070083
projection,up,0xc,-2.0,423833672,7.430133959826301
projection,up,0xd,-3.0,422115395,7.400011227411382
projection,up,0xe,-4.0,350622272,6.146681168500115
projection,up,0xf,-6.0,181296929,3.178276191739475
projection,down,0x0,0.0,227003679,3.9795510733828827
projection,down,0x1,0.5,450597372,7.899322439642513
projection,down,0x2,1.0,418306847,7.333244418396669
projection,down,0x3,1.5,379177818,6.647282102528741
projection,down,0x4,2.0,424460930,7.44113028049469
projection,down,0x5,3.0,421638620,7.391652990789974
projection,down,0x6,4.0,349836767,6.132910654825323
projection,down,0x7,6.0,181081302,3.1744960826985977
projection,down,0x8,-0.0,226989677,3.9793056074310753
projection,down,0x9,-0.5,450596847,7.899313235984129
projection,down,0xa,-1.0,418329787,7.333646574441125
projection,down,0xb,-1.5,379221240,6.648043323965633
projection,down,0xc,-2.0,424418369,7.440384153057547
projection,down,0xd,-3.0,421676597,7.392318757141338
projection,down,0xe,-4.0,349837124,6.132916913313024
projection,down,0xf,-6.0,181080464,3.1744813919067383
projection,lm_head,0x0,0.0,50755986,3.9921385774907376
projection,lm_head,0x1,0.5,100872652,7.93399236620087
projection,lm_head,0x2,1.0,93484867,7.352916835509625
projection,lm_head,0x3,1.5,85294351,6.708703660473381
projection,lm_head,0x4,2.0,94564793,7.4378568511648275
projection,lm_head,0x5,3.0,94588844,7.439748547740819
projection,lm_head,0x6,4.0,78043113,6.1383680363291315
projection,lm_head,0x7,6.0,40594062,3.1928671610724066
projection,lm_head,0x8,-0.0,50713536,3.9887997342139174
projection,lm_head,0x9,-0.5,100632629,7.915113704720723
projection,lm_head,0xa,-1.0,93036869,7.317680201579615
projection,lm_head,0xb,-1.5,84663918,6.6591178658082315
projection,lm_head,0xc,-2.0,93686408,7.368768751006765
projection,lm_head,0xd,-3.0,93441385,7.349496821767276
projection,lm_head,0xe,-4.0,76945009,6.051998256408062
projection,lm_head,0xf,-6.0,40079978,3.1524326285136115
layer,layer_00,0x0,0.0,10518697,3.9338867337095973
layer,layer_00,0x1,0.5,20916299,7.822485157087738
layer,layer_00,0x2,1.0,19481178,7.285764357622932
layer,layer_00,0x3,1.5,17846878,6.674552618288526
layer,layer_00,0x4,2.0,19928129,7.452919529933555
layer,layer_00,0x5,3.0,20059854,7.502183353199678
layer,layer_00,0x6,4.0,16561713,6.193913852467256
layer,layer_00,0x7,6.0,8413836,3.1466899198644303
layer,layer_00,0x8,-0.0,10518982,3.9339933208390776
layer,layer_00,0x9,-0.5,20916231,7.822459725772633
layer,layer_00,0xa,-1.0,19480530,7.2855220121495865
layer,layer_00,0xb,-1.5,17838913,6.671573788511987
layer,layer_00,0xc,-2.0,19914598,7.447859072217755
layer,layer_00,0xd,-3.0,20044224,7.496337890625
layer,layer_00,0xe,-4.0,16537921,6.185015884100222
layer,layer_00,0xf,-6.0,8408897,3.144842783610026
layer,layer_01,0x0,0.0,10553163,3.9467766705681298
layer,layer_01,0x1,0.5,20966356,7.841205970913756
layer,layer_01,0x2,1.0,19458071,7.277122572356579
layer,layer_01,0x3,1.5,17862592,6.680429496017157
layer,layer_01,0x4,2.0,19912241,7.446977577957452
layer,layer_01,0x5,3.0,20029954,7.491001054352405
layer,layer_01,0x6,4.0,16535127,6.183970956241383
layer,layer_01,0x7,6.0,8415098,3.147161895153569
layer,layer_01,0x8,-0.0,10543786,3.9432697670132506
layer,layer_01,0x9,-0.5,20967192,7.841518626493566
layer,layer_01,0xa,-1.0,19456268,7.276448268516391
layer,layer_01,0xb,-1.5,17858166,6.678774216595818
layer,layer_01,0xc,-2.0,19900042,7.442415274825751
layer,layer_01,0xd,-3.0,20016528,7.485979865579044
layer,layer_01,0xe,-4.0,16512638,6.175560296750536
layer,layer_01,0xf,-6.0,8399658,3.1413874906652115
layer,layer_02,0x0,0.0,10498676,3.92639908136106
layer,layer_02,0x1,0.5,20903268,7.8176116943359375
layer,layer_02,0x2,1.0,19443665,7.271734873453776
layer,layer_02,0x3,1.5,17736772,6.633374083275888
layer,layer_02,0x4,2.0,19938343,7.456739463058173
layer,layer_02,0x5,3.0,19956402,7.463493347167969
layer,layer_02,0x6,4.0,16655225,6.2288863986146215
layer,layer_02,0x7,6.0,8546390,3.196263780780867
layer,layer_02,0x8,-0.0,10508235,3.9299740510828354
layer,layer_02,0x9,-0.5,20912508,7.82106736127068
layer,layer_02,0xa,-1.0,19448161,7.273416332170075
layer,layer_02,0xb,-1.5,17737439,6.6336235345578665
layer,layer_02,0xc,-2.0,19939218,7.457066704245174
layer,layer_02,0xd,-3.0,19964614,7.466564552456725
layer,layer_02,0xe,-4.0,16652193,6.227752461152918
layer,layer_02,0xf,-6.0,8545771,3.1960322810154334
layer,layer_03,0x0,0.0,10484825,3.921218946868298
layer,layer_03,0x1,0.5,20867822,7.804355247347963
layer,layer_03,0x2,1.0,19410516,7.259337481330423
layer,layer_03,0x3,1.5,17702108,6.620410096411612
layer,layer_03,0x4,2.0,19966701,7.467345069436466
layer,layer_03,0x5,3.0,19987850,7.47525458242379
layer,layer_03,0x6,4.0,16686236,6.240484200271905
layer,layer_03,0x7,6.0,8558516,3.2007987826478246
layer,layer_03,0x8,-0.0,10484419,3.921067106957529
layer,layer_03,0x9,-0.5,20860246,7.801521899653416
layer,layer_03,0xa,-1.0,19418230,7.262222439635034
layer,layer_03,0xb,-1.5,17703406,6.620895535338159
layer,layer_03,0xc,-2.0,19972461,7.46949925142176
layer,layer_03,0xd,-3.0,19999813,7.479728623932483
layer,layer_03,0xe,-4.0,16714190,6.250938714719286
layer,layer_03,0xf,-6.0,8569541,3.2049220216040517
layer,layer_04,0x0,0.0,10510310,3.9307500801834405
layer,layer_04,0x1,0.5,20890738,7.812925600538067
layer,layer_04,0x2,1.0,19454998,7.275973301307828
layer,layer_04,0x3,1.5,17734386,6.632481743307674
layer,layer_04,0x4,2.0,19929700,7.453507068110447
layer,layer_04,0x5,3.0,19965544,7.466912363089767
layer,layer_04,0x6,4.0,16637277,6.222174027386834
layer,layer_04,0x7,6.0,8550907,3.197953093285654
layer,layer_04,0x8,-0.0,10511522,3.9312033559761796
layer,layer_04,0x9,-0.5,20894135,7.8141960443234915
layer,layer_04,0xa,-1.0,19457560,7.27693146350337
layer,layer_04,0xb,-1.5,17741536,6.635155771292892
layer,layer_04,0xc,-2.0,19928419,7.4530279870126765
layer,layer_04,0xd,-3.0,19969365,7.468341378604665
layer,layer_04,0xe,-4.0,16646969,6.225798737769034
layer,layer_04,0xf,-6.0,8563514,3.202667984307981
layer,layer_05,0x0,0.0,10520025,3.9343833923339844
layer,layer_05,0x1,0.5,20912688,7.821134679457721
layer,layer_05,0x2,1.0,19470561,7.28179370655733
layer,layer_05,0x3,1.5,17803475,6.658320333443436
layer,layer_05,0x4,2.0,19889426,7.438444997750077
layer,layer_05,0x5,3.0,19988727,7.475582571590648
layer,layer_05,0x6,4.0,16582142,6.201554092706418
layer,layer_05,0x7,6.0,8510491,3.182837916355507
layer,layer_05,0x8,-0.0,10512908,3.931721706016391
layer,layer_05,0x9,-0.5,20911662,7.82075096579159
layer,layer_05,0xa,-1.0,19467294,7.280571881462546
layer,layer_05,0xb,-1.5,17821402,6.665024850882736
layer,layer_05,0xc,-2.0,19889489,7.438468559115541
layer,layer_05,0xd,-3.0,19990756,7.476341397154565
layer,layer_05,0xe,-4.0,16595113,6.206405116062538
layer,layer_05,0xf,-6.0,8520721,3.1866638333189723
layer,layer_06,0x0,0.0,10619364,3.9715351777918197
layer,layer_06,0x1,0.5,21069460,7.8797658284505205
layer,layer_06,0x2,1.0,19528174,7.303340388279335
layer,layer_06,0x3,1.5,17745101,6.636489045386221
layer,layer_06,0x4,2.0,19902457,7.443318460501876
layer,layer_06,0x5,3.0,19848570,7.423165265251608
layer,layer_06,0x6,4.0,16465263,6.15784252391142
layer,layer_06,0x7,6.0,8432989,3.153852948955461
layer,layer_06,0x8,-0.0,10626156,3.9740753173828125
layer,layer_06,0x9,-0.5,21081363,7.884217430563534
layer,layer_06,0xa,-1.0,19543268,7.3089853922526045
layer,layer_06,0xb,-1.5,17763817,6.643488640878715
layer,layer_06,0xc,-2.0,19918854,7.449450773351333
layer,layer_06,0xd,-3.0,19882735,7.435942631141812
layer,layer_06,0xe,-4.0,16496379,6.169479594511144
layer,layer_06,0xf,-6.0,8462930,3.1650505813897825
layer,layer_07,0x0,0.0,10528579,3.9375825021781172
layer,layer_07,0x1,0.5,20917080,7.822777243221507
layer,layer_07,0x2,1.0,19453579,7.275442609599993
layer,layer_07,0x3,1.5,17732043,6.631605484906365
layer,layer_07,0x4,2.0,19994759,7.477838478836358
layer,layer_07,0x5,3.0,19969321,7.468324923047833
layer,layer_07,0x6,4.0,16600991,6.208603428859337
layer,layer_07,0x7,6.0,8456317,3.162577385995902
layer,layer_07,0x8,-0.0,10534874,3.939936768774893
layer,layer_07,0x9,-0.5,20923596,7.825214161592371
layer,layer_07,0xa,-1.0,19466820,7.280394610236673
layer,layer_07,0xb,-1.5,17738976,6.634198357077206
layer,layer_07,0xc,-2.0,19992918,7.477149963378906
layer,layer_07,0xd,-3.0,19981287,7.47280008652631
layer,layer_07,0xe,-4.0,16626116,6.217999925800398
layer,layer_07,0xf,-6.0,8469624,3.167554069967831
layer,layer_08,0x0,0.0,10497822,3.9260796939625457
layer,layer_08,0x1,0.5,20889901,7.812612570968329
layer,layer_08,0x2,1.0,19451263,7.274576448926739
layer,layer_08,0x3,1.5,17691637,6.616494047875498
layer,layer_08,0x4,2.0,20039298,7.49449561623966
layer,layer_08,0x5,3.0,19986877,7.474890690223844
layer,layer_08,0x6,4.0,16645844,6.22537799910003
layer,layer_08,0x7,6.0,8444960,3.1583299823835786
layer,layer_08,0x8,-0.0,10508102,3.929924310422411
layer,layer_08,0x9,-0.5,20895886,7.814850900687423
layer,layer_08,0xa,-1.0,19465107,7.279753965490005
layer,layer_08,0xb,-1.5,17703772,6.621032415651808
layer,layer_08,0xc,-2.0,20052210,7.499324574190028
layer,layer_08,0xd,-3.0,20001141,7.48022528255687
layer,layer_08,0xe,-4.0,16661232,6.231132956112132
layer,layer_08,0xf,-6.0,8451828,3.160898545209099
layer,layer_09,0x0,0.0,10503522,3.92821143655216
layer,layer_09,0x1,0.5,20850081,7.7977202920352715
layer,layer_09,0x2,1.0,19480876,7.285651412664675
layer,layer_09,0x3,1.5,17727169,6.629782657997281
layer,layer_09,0x4,2.0,19944547,7.4590596965715
layer,layer_09,0x5,3.0,19983692,7.473699532303155
layer,layer_09,0x6,4.0,16633925,6.2209204131481695
layer,layer_09,0x7,6.0,8519729,3.1862928353103936
layer,layer_09,0x8,-0.0,10503354,3.9281486062442554
layer,layer_09,0x9,-0.5,20862254,7.802272871428845
layer,layer_09,0xa,-1.0,19485584,7.2874121572457105
layer,layer_09,0xb,-1.5,17737437,6.63362278657801
layer,layer_09,0xc,-2.0,19960565,7.465050267238243
layer,layer_09,0xd,-3.0,20003914,7.481262356627221
layer,layer_09,0xe,-4.0,16657160,6.2296100691253065
layer,layer_09,0xf,-6.0,8533071,3.1912826089298023
layer,layer_10,0x0,0.0,10553657,3.946961421592563
layer,layer_10,0x1,0.5,20968237,7.841909445968329
layer,layer_10,0x2,1.0,19516463,7.298960592232499
layer,layer_10,0x3,1.5,17760911,6.64240182614794
layer,layer_10,0x4,2.0,19967768,7.467744116689644
layer,layer_10,0x5,3.0,19949378,7.460866441913679
layer,layer_10,0x6,4.0,16532708,6.183066274605546
layer,layer_10,0x7,6.0,8434393,3.1543780308143767
layer,layer_10,0x8,-0.0,10555103,3.9475022110284543
layer,layer_10,0x9,-0.5,20975761,7.844723346186619
layer,layer_10,0xa,-1.0,19526875,7.30285457536286
layer,layer_10,0xb,-1.5,17766608,6.644532446767769
layer,layer_10,0xc,-2.0,19971056,7.468973795572917
layer,layer_10,0xd,-3.0,19949120,7.460769952512255
layer,layer_10,0xe,-4.0,16530190,6.182124567966835
layer,layer_10,0xf,-6.0,8428652,3.1522309546377145
layer,layer_11,0x0,0.0,10504536,3.9285906623391544
layer,layer_11,0x1,0.5,20888228,7.81198688581878
layer,layer_11,0x2,1.0,19464859,7.27966121598786
layer,layer_11,0x3,1.5,17738177,6.633899539124732
layer,layer_11,0x4,2.0,19958952,7.464447021484375
layer,layer_11,0x5,3.0,19982963,7.473426893645642
layer,layer_11,0x6,4.0,16616639,6.214455623252719
layer,layer_11,0x7,6.0,8495563,3.1772549947102866
layer,layer_11,0x8,-0.0,10509155,3.930318121816598
layer,layer_11,0x9,-0.5,20904377,7.8180264491660925
layer,layer_11,0xa,-1.0,19475883,7.283784080954159
layer,layer_11,0xb,-1.5,17750194,6.638393776089537
layer,layer_11,0xc,-2.0,19968821,7.468137928083832
layer,layer_11,0xd,-3.0,19996117,7.478346357158586
layer,layer_11,0xe,-4.0,16637605,6.222296696083219
layer,layer_11,0xf,-6.0,8494811,3.1769737542844285
layer,layer_12,0x0,0.0,10501414,3.927423065783931
layer,layer_12,0x1,0.5,20878993,7.808533088833678
layer,layer_12,0x2,1.0,19459432,7.27763157264859
layer,layer_12,0x3,1.5,17768846,6.645369436226639
layer,layer_12,0x4,2.0,19941042,7.457748861873851
layer,layer_12,0x5,3.0,20026884,7.4898529052734375
layer,layer_12,0x6,4.0,16619819,6.215644911223767
layer,layer_12,0x7,6.0,8497711,3.178058325075636
layer,layer_12,0x8,-0.0,10508347,3.9300159379547717
layer,layer_12,0x9,-0.5,20883490,7.810214921539905
layer,layer_12,0xa,-1.0,19450496,7.2742895986519605
layer,layer_12,0xb,-1.5,17769937,6.64577745923809
layer,layer_12,0xc,-2.0,19947151,7.460033566344018
layer,layer_12,0xd,-3.0,20016208,7.485860188802083
layer,layer_12,0xe,-4.0,16617019,6.21459773942536
layer,layer_12,0xf,-6.0,8500091,3.1789484211042818
layer,layer_13,0x0,0.0,10528310,3.937481898887485
layer,layer_13,0x1,0.5,20908300,7.8194936116536455
layer,layer_13,0x2,1.0,19491954,7.2897944730870865
layer,layer_13,0x3,1.5,17768373,6.645192538990694
layer,layer_13,0x4,2.0,19930497,7.453805138083065
layer,layer_13,0x5,3.0,19965598,7.46693255854588
layer,layer_13,0x6,4.0,16599806,6.208160250794654
layer,layer_13,0x7,6.0,8507492,3.181716320561428
layer,layer_13,0x8,-0.0,10521001,3.9347484065037146
layer,layer_13,0x9,-0.5,20903826,7.817820380715763
layer,layer_13,0xa,-1.0,19489772,7.288978427064185
layer,layer_13,0xb,-1.5,17768973,6.645416932947495
layer,layer_13,0xc,-2.0,19927264,7.452596028645833
layer,layer_13,0xd,-3.0,19964764,7.466620650945925
layer,layer_13,0xe,-4.0,16598031,6.2074964186724495
layer,layer_13,0xf,-6.0,8512919,3.183745963900697
layer,layer_14,0x0,0.0,10527749,3.9372720905378755
layer,layer_14,0x1,0.5,20945770,7.833507014255898
layer,layer_14,0x2,1.0,19497374,7.2918214984968595
layer,layer_14,0x3,1.5,17793298,6.654514237946155
layer,layer_14,0x4,2.0,19960905,7.465177423813763
layer,layer_14,0x5,3.0,19978359,7.471705044017119
layer,layer_14,0x6,4.0,16556185,6.1918464361452585
layer,layer_14,0x7,6.0,8431987,3.1534782110476027
layer,layer_14,0x8,-0.0,10526913,3.9369594349580654
layer,layer_14,0x9,-0.5,20949117,7.834758758544922
layer,layer_14,0xa,-1.0,19495470,7.291109421673943
layer,layer_14,0xb,-1.5,17801791,6.65769053440468
layer,layer_14,0xc,-2.0,19968954,7.468187668744256
layer,layer_14,0xd,-3.0,19979015,7.471950381409888
layer,layer_14,0xe,-4.0,16546933,6.18838628133138
layer,layer_14,0xf,-6.0,8427060,3.1516355626723347
layer,layer_15,0x0,0.0,10530909,3.938453898710363
layer,layer_15,0x1,0.5,20917015,7.822752933876187
layer,layer_15,0x2,1.0,19539006,7.307391447179458
layer,layer_15,0x3,1.5,17757131,6.64098814422009
layer,layer_15,0x4,2.0,19946631,7.459839091581457
layer,layer_15,0x5,3.0,19932736,7.454642501531863
layer,layer_15,0x6,4.0,16570104,6.197052001953125
layer,layer_15,0x7,6.0,8496769,3.1777060265634574
layer,layer_15,0x8,-0.0,10536368,3.9404955097273286
layer,layer_15,0x9,-0.5,20913853,7.821570377723844
layer,layer_15,0xa,-1.0,19545638,7.30987174838197
layer,layer_15,0xb,-1.5,17756969,6.640927557851754
layer,layer_15,0xc,-2.0,19947895,7.460311814850452
layer,layer_15,0xd,-3.0,19936486,7.4560449637618715
layer,layer_15,0xe,-4.0,16568538,6.196466333725873
layer,layer_15,0xf,-6.0,8490832,3.175485648360907
layer,layer_16,0x0,0.0,10542996,3.9429743149701286
layer,layer_16,0x1,0.5,20965652,7.840942682004442
layer,layer_16,0x2,1.0,19480653,7.285568012910731
layer,layer_16,0x3,1.5,17834139,6.669788360595703
layer,layer_16,0x4,2.0,19863084,7.428593355066636
layer,layer_16,0x5,3.0,19948732,7.46062484442019
layer,layer_16,0x6,4.0,16550896,6.189868403416054
layer,layer_16,0x7,6.0,8542904,3.1949600518918504
layer,layer_16,0x8,-0.0,10539899,3.941816068163105
layer,layer_16,0x9,-0.5,20967796,7.841744516410079
layer,layer_16,0xa,-1.0,19474622,7.283312479654948
layer,layer_16,0xb,-1.5,17830385,6.668384402405982
layer,layer_16,0xc,-2.0,19849883,7.423656314027076
layer,layer_16,0xd,-3.0,19932983,7.454734877044079
layer,layer_16,0xe,-4.0,16532110,6.1828426286286
layer,layer_16,0xf,-6.0,8530146,3.1901886883903954
layer,layer_17,0x0,0.0,10540504,3.9420423320695464
layer,layer_17,0x1,0.5,20948235,7.834428899428424
layer,layer_17,0x2,1.0,19509236,7.296257767022825
layer,layer_17,0x3,1.5,17700144,6.6196755801930145
layer,layer_17,0x4,2.0,20007188,7.482486799651501
layer,layer_17,0x5,3.0,19937056,7.456258138020833
layer,layer_17,0x6,4.0,16596327,6.206859139835133
layer,layer_17,0x7,6.0,8490089,3.175207773844401
layer,layer_17,0x8,-0.0,10545756,3.9440065271714153
layer,layer_17,0x9,-0.5,20932774,7.828646641151578
layer,layer_17,0xa,-1.0,19504066,7.294324239095052
layer,layer_17,0xb,-1.5,17693031,6.617015389835133
layer,layer_17,0xc,-2.0,20002664,7.480794869217218
layer,layer_17,0xd,-3.0,19913958,7.447619718663833
layer,layer_17,0xe,-4.0,16584026,6.202258689730775
layer,layer_17,0xf,-6.0,8481826,3.1721174950693167
layer,layer_18,0x0,0.0,10675390,3.9924883374980853
layer,layer_18,0x1,0.5,21172937,7.91846518423043
layer,layer_18,0x2,1.0,19602685,7.331206751804726
layer,layer_18,0x3,1.5,17825494,6.6665552176681215
layer,layer_18,0x4,2.0,19848120,7.422996969784007
layer,layer_18,0x5,3.0,19775850,7.39596871768727
layer,layer_18,0x6,4.0,16353100,6.115894691616881
layer,layer_18,0x7,6.0,8460129,3.1640030356014477
layer,layer_18,0x8,-0.0,10682936,3.9953104654947915
layer,layer_18,0x9,-0.5,21180095,7.921142204135072
layer,layer_18,0xa,-1.0,19610554,7.334149678548177
layer,layer_18,0xb,-1.5,17823288,6.665730195886948
layer,layer_18,0xc,-2.0,19832556,7.417176190544577
layer,layer_18,0xd,-3.0,19759172,7.389731313668046
layer,layer_18,0xe,-4.0,16332445,6.10816992965399
layer,layer_18,0xf,-6.0,8452129,3.161011116177428
layer,layer_19,0x0,0.0,10587810,3.9597342996036304
layer,layer_19,0x1,0.5,20943063,7.832494623520795
layer,layer_19,0x2,1.0,19589650,7.326331793093214
layer,layer_19,0x3,1.5,17705592,6.621713077320772
layer,layer_19,0x4,2.0,19992760,7.477090872970282
layer,layer_19,0x5,3.0,19889577,7.438501470229205
layer,layer_19,0x6,4.0,16545182,6.187731424967448
layer,layer_19,0x7,6.0,8476096,3.169974532781863
layer,layer_19,0x8,-0.0,10583997,3.9583082760081574
layer,layer_19,0x9,-0.5,20939856,7.831295237821691
layer,layer_19,0xa,-1.0,19593226,7.327669181075751
layer,layer_19,0xb,-1.5,17701731,6.620269102208755
layer,layer_19,0xc,-2.0,19988703,7.475573595832376
layer,layer_19,0xd,-3.0,19870845,7.431495890897863
layer,layer_19,0xe,-4.0,16523523,6.179631177116843
layer,layer_19,0xf,-6.0,8455269,3.1621854445513558
layer,layer_20,0x0,0.0,10557730,3.9484846825693167
layer,layer_20,0x1,0.5,20965050,7.840717540067785
layer,layer_20,0x2,1.0,19518374,7.299675286984911
layer,layer_20,0x3,1.5,17765352,6.644062715418198
layer,layer_20,0x4,2.0,19962343,7.465715221330231
layer,layer_20,0x5,3.0,19930889,7.4539517421348425
layer,layer_20,0x6,4.0,16538750,6.185325921750536
layer,layer_20,0x7,6.0,8456234,3.162546344831878
layer,layer_20,0x8,-0.0,10557126,3.9482587926528034
layer,layer_20,0x9,-0.5,20963139,7.8400028453153725
layer,layer_20,0xa,-1.0,19527472,7.303077847349877
layer,layer_20,0xb,-1.5,17761395,6.642582837273093
layer,layer_20,0xc,-2.0,19967200,7.4675316904105395
layer,layer_20,0xd,-3.0,19938114,7.45665381936466
layer,layer_20,0xe,-4.0,16530734,6.182328018487668
layer,layer_20,0xf,-6.0,8446978,3.1590846940582873
layer,layer_21,0x0,0.0,10552030,3.9463529399797026
layer,layer_21,0x1,0.5,20998847,7.853357277664483
layer,layer_21,0x2,1.0,19517152,7.299218271292892
layer,layer_21,0x3,1.5,17803912,6.658483767041973
layer,layer_21,0x4,2.0,19954954,7.462951809752221
layer,layer_21,0x5,3.0,19945744,7.4595073625153185
layer,layer_21,0x6,4.0,16513873,6.176022174311619
layer,layer_21,0x7,6.0,8422806,3.1500446095186123
layer,layer_21,0x8,-0.0,10557789,3.948506747975069
layer,layer_21,0x9,-0.5,21001799,7.854461295931947
layer,layer_21,0xa,-1.0,19515127,7.298460941688687
layer,layer_21,0xb,-1.5,17802030,6.657779917997472
layer,layer_21,0xc,-2.0,19944067,7.458880181406059
layer,layer_21,0xd,-3.0,19941855,7.458052915685317
layer,layer_21,0xe,-4.0,16503522,6.1721510045668655
layer,layer_21,0xf,-6.0,8411373,3.14576878267176
layer,layer_22,0x0,0.0,10624037,3.9732828327253755
layer,layer_22,0x1,0.5,21078370,7.883098078709023
layer,layer_22,0x2,1.0,19523548,7.3016103108723955
layer,layer_22,0x3,1.5,17864370,6.681094450109145
layer,layer_22,0x4,2.0,19889802,7.438585617963006
layer,layer_22,0x5,3.0,19915929,7.4483568528119255
layer,layer_22,0x6,4.0,16439302,6.148133371390548
layer,layer_22,0x7,6.0,8431924,3.1534546496821383
layer,layer_22,0x8,-0.0,10616669,3.9705272749358533
layer,layer_22,0x9,-0.5,21075400,7.881987328622856
layer,layer_22,0xa,-1.0,19515979,7.298779581107345
layer,layer_22,0xb,-1.5,17854660,6.6774630079082415
layer,layer_22,0xc,-2.0,19869833,7.431117413090725
layer,layer_22,0xd,-3.0,19880752,7.435201009114583
layer,layer_22,0xe,-4.0,16399536,6.133261287913603
layer,layer_22,0xf,-6.0,8406769,3.144046933043237
layer,layer_23,0x0,0.0,10588945,3.9601587781719134
layer,layer_23,0x1,0.5,20997376,7.852807138480392
layer,layer_23,0x2,1.0,19573873,7.320431353999119
layer,layer_23,0x3,1.5,17760761,6.642345727658739
layer,layer_23,0x4,2.0,19952479,7.462026184680415
layer,layer_23,0x5,3.0,19875258,7.433146308450138
layer,layer_23,0x6,4.0,16501967,6.171569450228822
layer,layer_23,0x7,6.0,8465190,3.165895798627068
layer,layer_23,0x8,-0.0,10582662,3.957808999454274
layer,layer_23,0x9,-0.5,21006064,7.856056362974877
layer,layer_23,0xa,-1.0,19569480,7.318788416245404
layer,layer_23,0xb,-1.5,17767739,6.64495542937634
layer,layer_23,0xc,-2.0,19940100,7.457396563361673
layer,layer_23,0xd,-3.0,19861536,7.428014418658088
layer,layer_23,0xe,-4.0,16490378,6.167235280953202
layer,layer_23,0xf,-6.0,8453072,3.1613637886795343
layer,layer_24,0x0,0.0,10602993,3.9654125886804916
layer,layer_24,0x1,0.5,21066711,7.878737730138442
layer,layer_24,0x2,1.0,19543673,7.309136858173445
layer,layer_24,0x3,1.5,17731903,6.631553126316445
layer,layer_24,0x4,2.0,19902728,7.443419811772365
layer,layer_24,0x5,3.0,19812053,7.409508275050743
layer,layer_24,0x6,4.0,16515886,6.1767750160366885
layer,layer_24,0x7,6.0,8563377,3.202616747687845
layer,layer_24,0x8,-0.0,10594803,3.9623496111701515
layer,layer_24,0x9,-0.5,21065472,7.878274356617647
layer,layer_24,0xa,-1.0,19536496,7.306452732460172
layer,layer_24,0xb,-1.5,17724790,6.6288929359585635
layer,layer_24,0xc,-2.0,19894684,7.440411436791513
layer,layer_24,0xd,-3.0,19787320,7.400258382161458
layer,layer_24,0xe,-4.0,16495497,6.1691497353946465
layer,layer_24,0xf,-6.0,8548494,3.197050655589384
layer,layer_25,0x0,0.0,10631433,3.9760488622328816
layer,layer_25,0x1,0.5,21122646,7.8996568567612595
layer,layer_25,0x2,1.0,19590195,7.326535617603975
layer,layer_25,0x3,1.5,17841717,6.672622456270106
layer,layer_25,0x4,2.0,19872828,7.4322375129250915
layer,layer_25,0x5,3.0,19811362,7.409249848010493
layer,layer_25,0x6,4.0,16393945,6.131170310226142
layer,layer_25,0x7,6.0,8463034,3.1650894763422945
layer,layer_25,0x8,-0.0,10633320,3.976754581227022
layer,layer_25,0x9,-0.5,21113407,7.896201563816445
layer,layer_25,0xa,-1.0,19586712,7.325233010684743
layer,layer_25,0xb,-1.5,17837684,6.671114154890472
layer,layer_25,0xc,-2.0,19866984,7.430051915785846
layer,layer_25,0xd,-3.0,19794888,7.403088737936581
layer,layer_25,0xe,-4.0,16376537,6.124659893559475
layer,layer_25,0xf,-6.0,8450188,3.1602852017271754
layer,layer_26,0x0,0.0,10669362,3.9902339262120865
layer,layer_26,0x1,0.5,21175225,7.9193208731857
layer,layer_26,0x2,1.0,19629782,7.341340756883808
layer,layer_26,0x3,1.5,17799054,6.656666923971737
layer,layer_26,0x4,2.0,19828990,7.415842542461321
layer,layer_26,0x5,3.0,19732382,7.3797121234968595
layer,layer_26,0x6,4.0,16379196,6.1256543327780335
layer,layer_26,0x7,6.0,8544754,3.195651933258655
layer,layer_26,0x8,-0.0,10672590,3.9914411656996784
layer,layer_26,0x9,-0.5,21170052,7.917386223288143
layer,layer_26,0xa,-1.0,19609461,7.33374090755687
layer,layer_26,0xb,-1.5,17784848,6.651354023054535
layer,layer_26,0xc,-2.0,19816976,7.411349427466299
layer,layer_26,0xd,-3.0,19703608,7.368950937308517
layer,layer_26,0xe,-4.0,16346960,6.113598393458946
layer,layer_26,0xf,-6.0,8523640,3.1877555099188113
layer,layer_27,0x0,0.0,10655940,3.9852142333984375
layer,layer_27,0x1,0.5,21087823,7.88663340549843
layer,layer_27,0x2,1.0,19649948,7.348882637771905
layer,layer_27,0x3,1.5,17743228,6.635788562251072
layer,layer_27,0x4,2.0,19902243,7.443238426657284
layer,layer_27,0x5,3.0,19744511,7.384248247333601
layer,layer_27,0x6,4.0,16416100,6.139456057081036
layer,layer_27,0x7,6.0,8514011,3.1841543609020757
layer,layer_27,0x8,-0.0,10659656,3.9866039799708948
layer,layer_27,0x9,-0.5,21077824,7.882893880208333
layer,layer_27,0xa,-1.0,19652978,7.3500158272537535
layer,layer_27,0xb,-1.5,17741402,6.63510565664254
layer,layer_27,0xc,-2.0,19895097,7.440565894631779
layer,layer_27,0xd,-3.0,19738057,7.381834516338274
layer,layer_27,0xe,-4.0,16407103,6.136091269698798
layer,layer_27,0xf,-6.0,8500959,3.179273044361788
layer,layer_28,0x0,0.0,10667937,3.9897009905646827
layer,layer_28,0x1,0.5,21087849,7.886643129236558
layer,layer_28,0x2,1.0,19669195,7.356080821916168
layer,layer_28,0x3,1.5,17723388,6.628368602079504
layer,layer_28,0x4,2.0,19907589,7.445237776812385
layer,layer_28,0x5,3.0,19750118,7.386345208859911
layer,layer_28,0x6,4.0,16405098,6.135341419893153
layer,layer_28,0x7,6.0,8504949,3.1807652641745174
layer,layer_28,0x8,-0.0,10660476,3.9869106517118564
layer,layer_28,0x9,-0.5,21097542,7.890268213608685
layer,layer_28,0xa,-1.0,19668932,7.3559824625651045
layer,layer_28,0xb,-1.5,17722443,6.628015181597541
layer,layer_28,0xc,-2.0,19900106,7.442439210181143
layer,layer_28,0xd,-3.0,19738620,7.382045072667739
layer,layer_28,0xe,-4.0,16388810,6.129249871945849
layer,layer_28,0xf,-6.0,8493828,3.176606122185202
layer,layer_29,0x0,0.0,10670715,3.9907399345846737
layer,layer_29,0x1,0.5,21170490,7.917550030876608
layer,layer_29,0x2,1.0,19616976,7.336551441865809
layer,layer_29,0x3,1.5,17866931,6.68205223831476
layer,layer_29,0x4,2.0,19816499,7.411171034270642
layer,layer_29,0x5,3.0,19771765,7.39444096883138
layer,layer_29,0x6,4.0,16319820,6.103448306812959
layer,layer_29,0x7,6.0,8476546,3.170142828249464
layer,layer_29,0x8,-0.0,10667599,3.989574581969018
layer,layer_29,0x9,-0.5,21168646,7.9168603934493715
layer,layer_29,0xa,-1.0,19612794,7.334987415986903
layer,layer_29,0xb,-1.5,17863330,6.680705500584023
layer,layer_29,0xc,-2.0,19817656,7.41160374061734
layer,layer_29,0xd,-3.0,19768797,7.393330966725069
layer,layer_29,0xe,-4.0,16313696,6.101157992493873
layer,layer_29,0xf,-6.0,8464620,3.1656826243681064
layer,layer_30,0x0,0.0,10694130,3.999496908748851
layer,layer_30,0x1,0.5,21222530,7.937012466729856
layer,layer_30,0x2,1.0,19661337,7.3531420090619255
layer,layer_30,0x3,1.5,17778709,6.6490580988865275
layer,layer_30,0x4,2.0,19845933,7.422179053811466
layer,layer_30,0x5,3.0,19645561,7.3472419439577585
layer,layer_30,0x6,4.0,16329781,6.107173620485792
layer,layer_30,0x7,6.0,8532943,3.191234738219018
layer,layer_30,0x8,-0.0,10698711,4.00121015660903
layer,layer_30,0x9,-0.5,21217147,7.934999278947418
layer,layer_30,0xa,-1.0,19659550,7.352473689060585
layer,layer_30,0xb,-1.5,17761675,6.642687554452934
layer,layer_30,0xc,-2.0,19846936,7.422554165709252
layer,layer_30,0xd,-3.0,19636896,7.344001321231618
layer,layer_30,0xe,-4.0,16329605,6.107107798258464
layer,layer_30,0xf,-6.0,8525436,3.1884271958295036
layer,layer_31,0x0,0.0,10696462,4.000369053260953
layer,layer_31,0x1,0.5,21233981,7.941295025395412
layer,layer_31,0x2,1.0,19652024,7.349659040862439
layer,layer_31,0x3,1.5,17766568,6.644517487170649
layer,layer_31,0x4,2.0,19836340,7.418591368432138
layer,layer_31,0x5,3.0,19638065,7.344438515457452
layer,layer_31,0x6,4.0,16317233,6.1024807948692175
layer,layer_31,0x7,6.0,8539450,3.19366829068053
layer,layer_31,0x8,-0.0,10697656,4.000815597234988
layer,layer_31,0x9,-0.5,21227637,7.938922433292165
layer,layer_31,0xa,-1.0,19660206,7.352719026453355
layer,layer_31,0xb,-1.5,17776943,6.648397632673675
layer,layer_31,0xc,-2.0,19827211,7.415177214379404
layer,layer_31,0xd,-3.0,19644492,7.346842148724725
layer,layer_31,0xe,-4.0,16334014,6.108756719851026
layer,layer_31,0xf,-6.0,8538598,3.193349651261872
layer,layer_32,0x0,0.0,10750237,4.020480361639285
layer,layer_32,0x1,0.5,21332564,7.978164074467678
layer,layer_32,0x2,1.0,19725594,7.377173479865579
layer,layer_32,0x3,1.5,17789930,6.653254639868643
layer,layer_32,0x4,2.0,19827645,7.415339526008157
layer,layer_32,0x5,3.0,19556415,7.313902237836053
layer,layer_32,0x6,4.0,16225920,6.068330652573529
layer,layer_32,0x7,6.0,8498812,3.1784700879863665
layer,layer_32,0x8,-0.0,10744876,4.018475401635263
layer,layer_32,0x9,-0.5,21323759,7.9748710931516165
layer,layer_32,0xa,-1.0,19711498,7.371901717840457
layer,layer_32,0xb,-1.5,17788888,6.6528649423636645
layer,layer_32,0xc,-2.0,19819785,7.412399965174058
layer,layer_32,0xd,-3.0,19567280,7.317965638403799
layer,layer_32,0xe,-4.0,16221281,6.066595713297526
layer,layer_32,0xf,-6.0,8502396,3.179810467888327
layer,layer_33,0x0,0.0,10765474,4.026178846172258
layer,layer_33,0x1,0.5,21339166,7.98063315597235
layer,layer_33,0x2,1.0,19732714,7.379836288152957
layer,layer_33,0x3,1.5,17795545,6.655354593314376
layer,layer_33,0x4,2.0,19822341,7.413355883430032
layer,layer_33,0x5,3.0,19556291,7.31385586308498
layer,layer_33,0x6,4.0,16207824,6.061562930836397
layer,layer_33,0x7,6.0,8496629,3.177653667973537
layer,layer_33,0x8,-0.0,10766212,4.026454850739124
layer,layer_33,0x9,-0.5,21330962,7.977564942603018
layer,layer_33,0xa,-1.0,19733807,7.380245059144263
layer,layer_33,0xb,-1.5,17789667,6.653156280517578
layer,layer_33,0xc,-2.0,19800452,7.405169617895987
layer,layer_33,0xd,-3.0,19550794,7.311800040450751
layer,layer_33,0xe,-4.0,16203595,6.059981327430875
layer,layer_33,0xf,-6.0,8495407,3.177196652281518
layer,layer_34,0x0,0.0,10898646,4.075983832864201
layer,layer_34,0x1,0.5,21503889,8.042237898882698
layer,layer_34,0x2,1.0,19836045,7.4184810414033775
layer,layer_34,0x3,1.5,17770994,6.646172766591988
layer,layer_34,0x4,2.0,19709748,7.371247235466452
layer,layer_34,0x5,3.0,19408590,7.25861717672909
layer,layer_34,0x6,4.0,16072909,6.011106079699946
layer,layer_34,0x7,6.0,8511876,3.1833558924057903
layer,layer_34,0x8,-0.0,10888054,4.072022531546798
layer,layer_34,0x9,-0.5,21495800,8.039212694355086
layer,layer_34,0xa,-1.0,19829857,7.416166791728899
layer,layer_34,0xb,-1.5,17768646,6.6452946382410385
layer,layer_34,0xc,-2.0,19702791,7.368645387537339
layer,layer_34,0xd,-3.0,19399160,7.255090451708027
layer,layer_34,0xe,-4.0,16075565,6.012099396948721
layer,layer_34,0xf,-6.0,8514310,3.1842661838905486
layer,layer_35,0x0,0.0,10716912,4.008017147288603
layer,layer_35,0x1,0.5,21256770,7.94981788186466
layer,layer_35,0x2,1.0,19668778,7.355924868116192
layer,layer_35,0x3,1.5,17800764,6.657306446748621
layer,layer_35,0x4,2.0,19809557,7.4085747961904485
layer,layer_35,0x5,3.0,19638210,7.344492743997013
layer,layer_35,0x6,4.0,16295086,6.0941980399337465
layer,layer_35,0x7,6.0,8524718,3.1881586710611978
layer,layer_35,0x8,-0.0,10713509,4.006744459563611
layer,layer_35,0x9,-0.5,21253770,7.948695912080653
layer,layer_35,0xa,-1.0,19671877,7.357083862903071
layer,layer_35,0xb,-1.5,17787033,6.65217119104722
layer,layer_35,0xc,-2.0,19798866,7.404576469870174
layer,layer_35,0xd,-3.0,19629564,7.341259227079504
layer,layer_35,0xe,-4.0,16292445,6.093210332533893
layer,layer_35,0xf,-6.0,8529021,3.1897679497213924
layer,layer_36,0x0,0.0,10632344,3.9763895670572915
layer,layer_36,0x1,0.5,21114155,7.89648130828259
layer,layer_36,0x2,1.0,19592627,7.327445161108877
layer,layer_36,0x3,1.5,17789666,6.65315590652765
layer,layer_36,0x4,2.0,19868839,7.43074566710229
layer,layer_36,0x5,3.0,19786379,7.399906457639208
layer,layer_36,0x6,4.0,16421423,6.141446805467792
layer,layer_36,0x7,6.0,8509788,3.1825750014361214
layer,layer_36,0x8,-0.0,10634387,3.9771536284802007
layer,layer_36,0x9,-0.5,21114706,7.8966873767329195
layer,layer_36,0xa,-1.0,19581633,7.323333515840418
layer,layer_36,0xb,-1.5,17778535,6.648993024639055
layer,layer_36,0xc,-2.0,19863817,7.428867489683862
layer,layer_36,0xd,-3.0,19778327,7.396895090738933
layer,layer_36,0xe,-4.0,16415123,6.139090668921377
layer,layer_36,0xf,-6.0,8505131,3.180833330341414
layer,layer_37,0x0,0.0,10603050,3.9654339061063877
layer,layer_37,0x1,0.5,21048395,7.871887730617149
layer,layer_37,0x2,1.0,19577847,7.321917589973001
layer,layer_37,0x3,1.5,17790405,6.653432285084444
layer,layer_37,0x4,2.0,19937799,7.456536012537339
layer,layer_37,0x5,3.0,19866522,7.429879132439108
layer,layer_37,0x6,4.0,16467953,6.1588485568177465
layer,layer_37,0x7,6.0,8449285,3.1599474888221892
layer,layer_37,0x8,-0.0,10595659,3.9626697465485217
layer,layer_37,0x9,-0.5,21035631,7.867114123176126
layer,layer_37,0xa,-1.0,19566644,7.317727780809589
layer,layer_37,0xb,-1.5,17786856,6.652104994829963
layer,layer_37,0xc,-2.0,19923721,7.451270982330921
layer,layer_37,0xd,-3.0,19851333,7.424198599422679
layer,layer_37,0xe,-4.0,16447233,6.151099485509536
layer,layer_37,0xf,-6.0,8438547,3.1559315849752987
layer,layer_38,0x0,0.0,10619725,3.9716701881558287
layer,layer_38,0x1,0.5,21084671,7.8854545892453665
layer,layer_38,0x2,1.0,19569048,7.318626852596507
layer,layer_38,0x3,1.5,17749215,6.638027639950023
layer,layer_38,0x4,2.0,19889770,7.438573650285309
layer,layer_38,0x5,3.0,19802327,7.4058708490109915
layer,layer_38,0x6,4.0,16495798,6.169262306362975
layer,layer_38,0x7,6.0,8552622,3.1985944860121784
layer,layer_38,0x8,-0.0,10617246,3.9707430671243107
layer,layer_38,0x9,-0.5,21073635,7.881327236399931
layer,layer_38,0xa,-1.0,19560469,7.315418393004174
layer,layer_38,0xb,-1.5,17736278,6.6331893322514555
layer,layer_38,0xc,-2.0,19870215,7.431260277243221
layer,layer_38,0xd,-3.0,19770160,7.393840714996936
layer,layer_38,0xe,-4.0,16460421,6.156031664680032
layer,layer_38,0xf,-6.0,8535280,3.1921087526807597
layer,layer_39,0x0,0.0,10554060,3.947112139533548
layer,layer_39,0x1,0.5,20976005,7.844814599729052
layer,layer_39,0x2,1.0,19505698,7.294934590657552
layer,layer_39,0x3,1.5,17762541,6.643011429730584
layer,layer_39,0x4,2.0,19964632,7.466571284275429
layer,layer_39,0x5,3.0,19941452,7.457902197744332
layer,layer_39,0x6,4.0,16562664,6.194269516888787
layer,layer_39,0x7,6.0,8479820,3.171367271273744
layer,layer_39,0x8,-0.0,10556468,3.948012707280178
layer,layer_39,0x9,-0.5,20957091,7.837740954230814
layer,layer_39,0xa,-1.0,19497392,7.291828230315564
layer,layer_39,0xb,-1.5,17764964,6.6439176073261335
layer,layer_39,0xc,-2.0,19933809,7.455043792724609
layer,layer_39,0xd,-3.0,19918541,7.449333714503868
layer,layer_39,0xe,-4.0,16540893,6.186127382166245
layer,layer_39,0xf,-6.0,8470850,3.168012581619562
layer,layer_40,0x0,0.0,10614894,3.969863442813649
layer,layer_40,0x1,0.5,21024325,7.86288579305013
layer,layer_40,0x2,1.0,19598692,7.329713410022212
layer,layer_40,0x3,1.5,17707483,6.622420292274625
layer,layer_40,0x4,2.0,19992155,7.47686460906384
layer,layer_40,0x5,3.0,19811694,7.40937401266659
layer,layer_40,0x6,4.0,16517756,6.177474377202053
layer,layer_40,0x7,6.0,8487132,3.174101885627298
layer,layer_40,0x8,-0.0,10609770,3.9679471184225643
layer,layer_40,0x9,-0.5,21024764,7.863049974628523
layer,layer_40,0xa,-1.0,19583163,7.323905720430262
layer,layer_40,0xb,-1.5,17698307,6.618988560695274
layer,layer_40,0xc,-2.0,19971145,7.4690070806765085
layer,layer_40,0xd,-3.0,19778437,7.396936229631012
layer,layer_40,0xe,-4.0,16488945,6.166699353386374
layer,layer_40,0xf,-6.0,8478218,3.170768139409084
layer,layer_41,0x0,0.0,10647645,3.9821119869456574
layer,layer_41,0x1,0.5,21053881,7.873939439362171
layer,layer_41,0x2,1.0,19710578,7.371557647106695
layer,layer_41,0x3,1.5,17682908,6.613229489793964
layer,layer_41,0x4,2.0,20014549,7.4852397395115275
layer,layer_41,0x5,3.0,19757994,7.389290753532858
layer,layer_41,0x6,4.0,16447478,6.151191113041897
layer,layer_41,0x7,6.0,8427998,3.151986365224801
layer,layer_41,0x8,-0.0,10649369,3.9827567455815336
layer,layer_41,0x9,-0.5,21055479,7.874537075267119
layer,layer_41,0xa,-1.0,19686141,7.3624184552360985
layer,layer_41,0xb,-1.5,17673283,6.609629836736941
layer,layer_41,0xc,-2.0,20000019,7.4798056658576515
layer,layer_41,0xd,-3.0,19736903,7.381402931961358
layer,layer_41,0xe,-4.0,16423719,6.142305486342487
layer,layer_41,0xf,-6.0,8418936,3.1485972684972428
layer,layer_42,0x0,0.0,10695881,4.000151765112784
layer,layer_42,0x1,0.5,21227795,7.938981523700789
layer,layer_42,0x2,1.0,19616668,7.336436252967984
layer,layer_42,0x3,1.5,17746429,6.636985704010608
layer,layer_42,0x4,2.0,19863199,7.428636363908356
layer,layer_42,0x5,3.0,19682212,7.360949048808977
layer,layer_42,0x6,4.0,16378218,6.125288570628447
layer,layer_42,0x7,6.0,8530448,3.190301633348652
layer,layer_42,0x8,-0.0,10691809,3.9986288781259574
layer,layer_42,0x9,-0.5,21221610,7.936668395996094
layer,layer_42,0xa,-1.0,19610494,7.3341272391524965
layer,layer_42,0xb,-1.5,17737796,6.633757048962163
layer,layer_42,0xc,-2.0,19843989,7.421452017391429
layer,layer_42,0xd,-3.0,19669421,7.356165343639898
layer,layer_42,0xe,-4.0,16358599,6.117951262230966
layer,layer_42,0xf,-6.0,8512312,3.1835189520143996
layer,layer_43,0x0,0.0,10660163,3.986793592864392
layer,layer_43,0x1,0.5,21069935,7.879943473666322
layer,layer_43,0x2,1.0,19678166,7.359435885560279
layer,layer_43,0x3,1.5,17709609,6.623215394861558
layer,layer_43,0x4,2.0,19940927,7.457705853032131
layer,layer_43,0x5,3.0,19726645,7.37756654327991
layer,layer_43,0x6,4.0,16428731,6.144179923861635
layer,layer_43,0x7,6.0,8491092,3.1755828857421875
layer,layer_43,0x8,-0.0,10659494,3.9865433936025583
layer,layer_43,0x9,-0.5,21063564,7.877560783835018
layer,layer_43,0xa,-1.0,19664553,7.354344760670381
layer,layer_43,0xb,-1.5,17695324,6.617872948740043
layer,layer_43,0xc,-2.0,19944436,7.4590181836894915
layer,layer_43,0xd,-3.0,19733266,7.380042730593214
layer,layer_43,0xe,-4.0,16424413,6.14256503535252
layer,layer_43,0xf,-6.0,8496562,3.177628610648361
layer,layer_44,0x0,0.0,10666278,3.989080541274127
layer,layer_44,0x1,0.5,21156164,7.912192251168046
layer,layer_44,0x2,1.0,19616740,7.3364631802428
layer,layer_44,0x3,1.5,17840794,6.672277263566559
layer,layer_44,0x4,2.0,19847661,7.422825308407054
layer,layer_44,0x5,3.0,19796392,7.403651218788297
layer,layer_44,0x6,4.0,16343669,6.11236759260589
layer,layer_44,0x7,6.0,8463115,3.165119769526463
layer,layer_44,0x8,-0.0,10662294,3.987590565400965
layer,layer_44,0x9,-0.5,21154471,7.911559086219937
layer,layer_44,0xa,-1.0,19597474,7.329257890289905
layer,layer_44,0xb,-1.5,17830541,6.66844274483475
layer,layer_44,0xc,-2.0,19831267,7.416694117527382
layer,layer_44,0xd,-3.0,19788494,7.400697446336933
layer,layer_44,0xe,-4.0,16329766,6.1071680106368715
layer,layer_44,0xf,-6.0,8461760,3.1646130131740198
layer,layer_45,0x0,0.0,10659096,3.9863945456112133
layer,layer_45,0x1,0.5,21195995,7.927088643990311
layer,layer_45,0x2,1.0,19613215,7.335144865746591
layer,layer_45,0x3,1.5,17816790,6.6633000093347885
layer,layer_45,0x4,2.0,19873425,7.432460784912109
layer,layer_45,0x5,3.0,19763130,7.391211565803079
layer,layer_45,0x6,4.0,16344432,6.112652946920956
layer,layer_45,0x7,6.0,8460337,3.1640808255064723
layer,layer_45,0x8,-0.0,10661331,3.9872304131002987
layer,layer_45,0x9,-0.5,21195788,7.927011228075214
layer,layer_45,0xa,-1.0,19604384,7.331842160692402
layer,layer_45,0xb,-1.5,17811316,6.661252788468903
layer,layer_45,0xc,-2.0,19852234,7.424535564347809
layer,layer_45,0xd,-3.0,19747830,7.385489519904642
layer,layer_45,0xe,-4.0,16327541,6.106335883047066
layer,layer_45,0xf,-6.0,8460036,3.1639682545381436
layer,layer_46,0x0,0.0,10676577,3.992932263542624
layer,layer_46,0x1,0.5,21199279,7.928316826913871
layer,layer_46,0x2,1.0,19643994,7.346655901740579
layer,layer_46,0x3,1.5,17789277,6.653010424445657
layer,layer_46,0x4,2.0,19836937,7.418814640419156
layer,layer_46,0x5,3.0,19701207,7.368052987491383
layer,layer_46,0x6,4.0,16352749,6.1157634211521525
layer,layer_46,0x7,6.0,8524418,3.1880464740827974
layer,layer_46,0x8,-0.0,10676171,3.992780423631855
layer,layer_46,0x9,-0.5,21196119,7.927135018741383
layer,layer_46,0xa,-1.0,19633201,7.342619428447649
layer,layer_46,0xb,-1.5,17785683,6.651666304644416
layer,layer_46,0xc,-2.0,19827542,7.415301005045573
layer,layer_46,0xd,-3.0,19683312,7.361360437729779
layer,layer_46,0xe,-4.0,16339321,6.110741484398935
layer,layer_46,0xf,-6.0,8521093,3.1868029575721892
layer,layer_47,0x0,0.0,10694250,3.9995417875402115
layer,layer_47,0x1,0.5,21220004,7.936067768171722
layer,layer_47,0x2,1.0,19652940,7.350001615636489
layer,layer_47,0x3,1.5,17828820,6.6677991081686585
layer,layer_47,0x4,2.0,19821639,7.4130933425005745
layer,layer_47,0x5,3.0,19693355,7.365116418576708
layer,layer_47,0x6,4.0,16300558,6.096244512819776
layer,layer_47,0x7,6.0,8488823,3.17473430259555
layer,layer_47,0x8,-0.0,10698245,4.001035877302582
layer,layer_47,0x9,-0.5,21220725,7.936337414909811
layer,layer_47,0xa,-1.0,19653691,7.350282482072418
layer,layer_47,0xb,-1.5,17825001,6.666370840633617
layer,layer_47,0xc,-2.0,19814950,7.410591723872166
layer,layer_47,0xd,-3.0,19687014,7.362744948443244
layer,layer_47,0xe,-4.0,16293198,6.093491946949678
layer,layer_47,0xf,-6.0,8493667,3.176545909806794
layer,layer_48,0x0,0.0,10729107,4.012577954460593
layer,layer_48,0x1,0.5,21267622,7.9538764205633425
layer,layer_48,0x2,1.0,19663245,7.353855581844554
layer,layer_48,0x3,1.5,17705473,6.62166857251934
layer,layer_48,0x4,2.0,19915114,7.448052051020603
layer,layer_48,0x5,3.0,19586359,7.3251009922401575
layer,layer_48,0x6,4.0,16347130,6.113661971746707
layer,layer_48,0x7,6.0,8521362,3.1869035608628216
layer,layer_48,0x8,-0.0,10727731,4.012063344319661
layer,layer_48,0x9,-0.5,21265038,7.9529100305893845
layer,layer_48,0xa,-1.0,19655829,7.351082072538488
layer,layer_48,0xb,-1.5,17689567,6.6157198887245325
layer,layer_48,0xc,-2.0,19898112,7.441693474264706
layer,layer_48,0xd,-3.0,19567578,7.318077087402344
layer,layer_48,0xe,-4.0,16329662,6.1071291156843595
layer,layer_48,0xf,-6.0,8517951,3.185627881218405
layer,layer_49,0x0,0.0,10748165,4.019705454508464
layer,layer_49,0x1,0.5,21296047,7.964507084266812
layer,layer_49,0x2,1.0,19685390,7.362137588800168
layer,layer_49,0x3,1.5,17749988,6.638316734164369
layer,layer_49,0x4,2.0,19820101,7.4125181459913065
layer,layer_49,0x5,3.0,19608527,7.3333916009641165
layer,layer_49,0x6,4.0,16300646,6.096277423933441
layer,layer_49,0x7,6.0,8531642,3.190748177322687
layer,layer_49,0x8,-0.0,10755009,4.022265041575713
layer,layer_49,0x9,-0.5,21293552,7.963573979396446
layer,layer_49,0xa,-1.0,19660502,7.352829727472043
layer,layer_49,0xb,-1.5,17746065,6.636849571676815
layer,layer_49,0xc,-2.0,19802484,7.4059295654296875
layer,layer_49,0xd,-3.0,19592002,7.327211417403876
layer,layer_49,0xe,-4.0,16275817,6.086991628011067
layer,layer_49,0xf,-6.0,8520943,3.1867468590829886
layer,layer_50,0x0,0.0,10884116,4.070549759210325
layer,layer_50,0x1,0.5,21520707,8.048527661491843
layer,layer_50,0x2,1.0,19789082,7.400917352414599
layer,layer_50,0x3,1.5,17760166,6.642123203651578
layer,layer_50,0x4,2.0,19762347,7.390918731689453
layer,layer_50,0x5,3.0,19413142,7.260319578881357
layer,layer_50,0x6,4.0,16102094,6.022020975748698
layer,layer_50,0x7,6.0,8478850,3.1710045010435817
layer,layer_50,0x8,-0.0,10883044,4.070148842007506
layer,layer_50,0x9,-0.5,21505625,8.04288714539771
layer,layer_50,0xa,-1.0,19790460,7.401432710535386
layer,layer_50,0xb,-1.5,17751550,6.638900906431909
layer,layer_50,0xc,-2.0,19750189,7.386371762144799
layer,layer_50,0xd,-3.0,19406781,7.257940628949334
layer,layer_50,0xe,-4.0,16104742,6.023011301078048
layer,layer_50,0xf,-6.0,8483985,3.172924939323874
layer,layer_51,0x0,0.0,10746406,4.019047606225107
layer,layer_51,0x1,0.5,21313520,7.971041810278799
layer,layer_51,0x2,1.0,19712564,7.372300391103707
layer,layer_51,0x3,1.5,17757014,6.640944387398514
layer,layer_51,0x4,2.0,19821106,7.412894005868949
layer,layer_51,0x5,3.0,19595765,7.3286187415029485
layer,layer_51,0x6,4.0,16274459,6.08648374968884
layer,layer_51,0x7,6.0,8503218,3.1801178876091454
layer,layer_51,0x8,-0.0,10751907,4.021104924819049
layer,layer_51,0x9,-0.5,21307652,7.96884723738128
layer,layer_51,0xa,-1.0,19707142,7.370272617714078
layer,layer_51,0xb,-1.5,17749302,6.6380601770737595
layer,layer_51,0xc,-2.0,19818575,7.411947437361175
layer,layer_51,0xd,-3.0,19570688,7.3192401960784315
layer,layer_51,0xe,-4.0,16258302,6.080441194422105
layer,layer_51,0xf,-6.0,8499260,3.1786376354741117
layer,layer_52,0x0,0.0,10679253,3.9939330605899586
layer,layer_52,0x1,0.5,21197433,7.927626441506779
layer,layer_52,0x2,1.0,19612577,7.334906260172526
layer,layer_52,0x3,1.5,17765798,6.644229514926088
layer,layer_52,0x4,2.0,19835923,7.418435414632161
layer,layer_52,0x5,3.0,19717461,7.374131819781135
layer,layer_52,0x6,4.0,16392462,6.1306156831629135
layer,layer_52,0x7,6.0,8548033,3.196878246232575
layer,layer_52,0x8,-0.0,10671234,3.990934035357307
layer,layer_52,0x9,-0.5,21189907,7.924811793308632
layer,layer_52,0xa,-1.0,19600701,7.330464755787569
layer,layer_52,0xb,-1.5,17756033,6.640577503279144
layer,layer_52,0xc,-2.0,19817047,7.411375980751187
layer,layer_52,0xd,-3.0,19696172,7.366169948203891
layer,layer_52,0xe,-4.0,16367348,6.12122330011106
layer,layer_52,0xf,-6.0,8539498,3.193686242197074
layer,layer_53,0x0,0.0,10647993,3.982242135440602
layer,layer_53,0x1,0.5,21151813,7.9105650209913065
layer,layer_53,0x2,1.0,19611595,7.334539002063227
layer,layer_53,0x3,1.5,17740650,6.634824416216682
layer,layer_53,0x4,2.0,19872880,7.432256960401348
layer,layer_53,0x5,3.0,19750261,7.386398689419615
layer,layer_53,0x6,4.0,16422647,6.141904569139667
layer,layer_53,0x7,6.0,8522417,3.187298120236864
layer,layer_53,0x8,-0.0,10652451,3.983909382539637
layer,layer_53,0x9,-0.5,21152036,7.910648420745251
layer,layer_53,0xa,-1.0,19605325,7.3321940852146525
layer,layer_53,0xb,-1.5,17738463,6.634006500244141
layer,layer_53,0xc,-2.0,19863099,7.428598964915556
layer,layer_53,0xd,-3.0,19732205,7.379645927279603
layer,layer_53,0xe,-4.0,16406503,6.135866875741996
layer,layer_53,0xf,-6.0,8516542,3.18510092940985
layer,layer_54,0x0,0.0,10683346,3.995463801365273
layer,layer_54,0x1,0.5,21192007,7.925597172157437
layer,layer_54,0x2,1.0,19598660,7.329701442344516
layer,layer_54,0x3,1.5,17761289,6.642543194340725
layer,layer_54,0x4,2.0,19851697,7.424334731756472
layer,layer_54,0x5,3.0,19706511,7.370036630069508
layer,layer_54,0x6,4.0,16400386,6.133579179352405
layer,layer_54,0x7,6.0,8546353,3.1962499431535307
layer,layer_54,0x8,-0.0,10684694,3.99596793978822
layer,layer_54,0x9,-0.5,21190291,7.924955405440985
layer,layer_54,0xa,-1.0,19584495,7.324403875014362
layer,layer_54,0xb,-1.5,17751804,6.638995899873621
layer,layer_54,0xc,-2.0,19831542,7.416796964757583
layer,layer_54,0xd,-3.0,19690443,7.364027359906365
layer,layer_54,0xe,-4.0,16379500,6.1257680257161455
layer,layer_54,0xf,-6.0,8533862,3.191578434962852
layer,layer_55,0x0,0.0,10576523,3.955513075286267
layer,layer_55,0x1,0.5,21022953,7.862372678868911
layer,layer_55,0x2,1.0,19520336,7.300409055223652
layer,layer_55,0x3,1.5,17779501,6.649354298909505
layer,layer_55,0x4,2.0,19879131,7.434594771441291
layer,layer_55,0x5,3.0,19867803,7.43035821353688
layer,layer_55,0x6,4.0,16523932,6.1797841389973955
layer,layer_55,0x7,6.0,8547074,3.1965195898916208
layer,layer_55,0x8,-0.0,10574517,3.954762851490694
layer,layer_55,0x9,-0.5,21026045,7.8635290557262945
layer,layer_55,0xa,-1.0,19508431,7.2959567051307825
layer,layer_55,0xb,-1.5,17771734,6.64644951913871
layer,layer_55,0xc,-2.0,19879021,7.434553632549211
layer,layer_55,0xd,-3.0,19848310,7.423068027870328
layer,layer_55,0xe,-4.0,16512486,6.17550345028148
layer,layer_55,0xf,-6.0,8549083,3.1972709356569777
layer,layer_56,0x0,0.0,10543412,3.943129894780178
layer,layer_56,0x1,0.5,20962424,7.839735442516851
layer,layer_56,0x2,1.0,19509675,7.296421948601218
layer,layer_56,0x3,1.5,17753551,6.639649260277841
layer,layer_56,0x4,2.0,19909238,7.445854486203661
layer,layer_56,0x5,3.0,19898036,7.441665051030178
layer,layer_56,0x6,4.0,16590729,6.2047655442181755
layer,layer_56,0x7,6.0,8554755,3.1993922065286076
layer,layer_56,0x8,-0.0,10545047,3.9437413683124616
layer,layer_56,0x9,-0.5,20968405,7.841972276276233
layer,layer_56,0xa,-1.0,19504611,7.294528063605814
layer,layer_56,0xb,-1.5,17740477,6.634759715959137
layer,layer_56,0xc,-2.0,19898343,7.4417798659380745
layer,layer_56,0xd,-3.0,19887600,7.437762092141544
layer,layer_56,0xe,-4.0,16569727,6.196911007750268
layer,layer_56,0xf,-6.0,8550850,3.197931775859758
layer,layer_57,0x0,0.0,10541278,3.9423318002738204
layer,layer_57,0x1,0.5,20948385,7.834484997917624
layer,layer_57,0x2,1.0,19498224,7.292139389935662
layer,layer_57,0x3,1.5,17734575,6.632552427404067
layer,layer_57,0x4,2.0,19981870,7.473018122654335
layer,layer_57,0x5,3.0,19937430,7.456398010253906
layer,layer_57,0x6,4.0,16584261,6.202346577363856
layer,layer_57,0x7,6.0,8463286,3.1651837218041514
layer,layer_57,0x8,-0.0,10541713,3.9424944858925017
layer,layer_57,0x9,-0.5,20959360,7.838589537377451
layer,layer_57,0xa,-1.0,19498503,7.2922437331255745
layer,layer_57,0xb,-1.5,17737222,6.633542378743489
layer,layer_57,0xc,-2.0,19982268,7.47316697064568
layer,layer_57,0xd,-3.0,19937457,7.456408107981963
layer,layer_57,0xe,-4.0,16574424,6.198667638442096
layer,layer_57,0xf,-6.0,8466624,3.1664321001838234
layer,layer_58,0x0,0.0,10558744,3.9488639083563113
layer,layer_58,0x1,0.5,20970587,7.842788322299135
layer,layer_58,0x2,1.0,19474258,7.283176347321155
layer,layer_58,0x3,1.5,17785406,6.6515627094343595
layer,layer_58,0x4,2.0,19874701,7.43293799606024
layer,layer_58,0x5,3.0,19949486,7.460906832825904
layer,layer_58,0x6,4.0,16555895,6.191737979066138
layer,layer_58,0x7,6.0,8514258,3.184246736414292
layer,layer_58,0x8,-0.0,10550143,3.945647220985562
layer,layer_58,0x9,-0.5,20967630,7.841682434082031
layer,layer_58,0xa,-1.0,19469941,7.281561832801969
layer,layer_58,0xb,-1.5,17795621,6.655383016548905
layer,layer_58,0xc,-2.0,19882147,7.435722725064147
layer,layer_58,0xd,-3.0,19947111,7.460018606746898
layer,layer_58,0xe,-4.0,16565697,6.195403828340418
layer,layer_58,0xf,-6.0,8525255,3.1883595036525354
layer,layer_59,0x0,0.0,10565629,3.951438829010608
layer,layer_59,0x1,0.5,20987126,7.848973741718367
layer,layer_59,0x2,1.0,19498585,7.292274400299671
layer,layer_59,0x3,1.5,17753947,6.6397973602893305
layer,layer_59,0x4,2.0,19887477,7.4377160913804
layer,layer_59,0x5,3.0,19873047,7.4323194167193245
layer,layer_59,0x6,4.0,16535086,6.183955622654335
layer,layer_59,0x7,6.0,8524150,3.1879462447820925
layer,layer_59,0x8,-0.0,10562127,3.9501291162827434
layer,layer_59,0x9,-0.5,20993416,7.851326138365502
layer,layer_59,0xa,-1.0,19516682,7.299042496026731
layer,layer_59,0xb,-1.5,17771926,6.646521325204887
layer,layer_59,0xc,-2.0,19914497,7.447821299235026
layer,layer_59,0xd,-3.0,19896276,7.441006828756893
layer,layer_59,0xe,-4.0,16556131,6.191826240689147
layer,layer_59,0xf,-6.0,8550778,3.1979048485849417
layer,layer_60,0x0,0.0,10576200,3.955392276539522
layer,layer_60,0x1,0.5,21022639,7.862255246031518
layer,layer_60,0x2,1.0,19525735,7.302428226844937
layer,layer_60,0x3,1.5,17790710,6.6535463520124845
layer,layer_60,0x4,2.0,19874208,7.4327536190257355
layer,layer_60,0x5,3.0,19878887,7.434503517898858
layer,layer_60,0x6,4.0,16474316,6.161228254729626
layer,layer_60,0x7,6.0,8483959,3.172915215585746
layer,layer_60,0x8,-0.0,10576957,3.95567538691502
layer,layer_60,0x9,-0.5,21021560,7.861851710899203
layer,layer_60,0xa,-1.0,19535066,7.3059179268631285
layer,layer_60,0xb,-1.5,17804297,6.658627753164254
layer,layer_60,0xc,-2.0,19894193,7.440227807736864
layer,layer_60,0xd,-3.0,19904067,7.44392058428596
layer,layer_60,0xe,-4.0,16509802,6.174499661314721
layer,layer_60,0xf,-6.0,8514284,3.18425646015242
layer,layer_61,0x0,0.0,10594523,3.9622448939903108
layer,layer_61,0x1,0.5,21050522,7.872683207194011
layer,layer_61,0x2,1.0,19556140,7.313799390605852
layer,layer_61,0x3,1.5,17800492,6.657204721488204
layer,layer_61,0x4,2.0,19870104,7.431218764361213
layer,layer_61,0x5,3.0,19885395,7.436937444350299
layer,layer_61,0x6,4.0,16439815,6.148325228223614
layer,layer_61,0x7,6.0,8465304,3.1659384334788605
layer,layer_61,0x8,-0.0,10587037,3.959445205389285
layer,layer_61,0x9,-0.5,21048082,7.871770671769684
layer,layer_61,0xa,-1.0,19572153,7.319788091322955
layer,layer_61,0xb,-1.5,17804292,6.658625883214614
layer,layer_61,0xc,-2.0,19884835,7.436728009990618
layer,layer_61,0xd,-3.0,19886776,7.43745392444087
layer,layer_61,0xe,-4.0,16456357,6.15451176961263
layer,layer_61,0xf,-6.0,8485053,3.1733243605669808
layer,layer_62,0x0,0.0,10685080,3.996112299900429
layer,layer_62,0x1,0.5,21161587,7.914220398547602
layer,layer_62,0x2,1.0,19684738,7.361893747367111
layer,layer_62,0x3,1.5,17730314,6.630958856320849
layer,layer_62,0x4,2.0,19896767,7.441190457811542
layer,layer_62,0x5,3.0,19684962,7.361977521110983
layer,layer_62,0x6,4.0,16370528,6.122412588082108
layer,layer_62,0x7,6.0,8522001,3.1871425404268154
layer,layer_62,0x8,-0.0,10687141,3.996883093142042
layer,layer_62,0x9,-0.5,21160796,7.913924572514553
layer,layer_62,0xa,-1.0,19676332,7.358749988032322
layer,layer_62,0xb,-1.5,17728030,6.630104663325291
layer,layer_62,0xc,-2.0,19870210,7.431258407293582
layer,layer_62,0xd,-3.0,19663099,7.353800979315066
layer,layer_62,0xe,-4.0,16352561,6.115693111045688
layer,layer_62,0xf,-6.0,8512734,3.1836767757640168
layer,layer_63,0x0,0.0,10907527,4.07930523741479
layer,layer_63,0x1,0.5,21555005,8.06135476804247
layer,layer_63,0x2,1.0,19836950,7.41881950228822
layer,layer_63,0x3,1.5,17805518,6.659084394866345
layer,layer_63,0x4,2.0,19729571,7.378660837809245
layer,layer_63,0x5,3.0,19390948,7.2520192464192705
layer,layer_63,0x6,4.0,16036877,5.997630474614162
layer,layer_63,0x7,6.0,8494861,3.1769924537808287
layer,layer_63,0x8,-0.0,10902277,4.0773417902927775
layer,layer_63,0x9,-0.5,21559339,8.062975640390434
layer,layer_63,0xa,-1.0,19830361,7.416355282652612
layer,layer_63,0xb,-1.5,17799841,6.656961254045075
layer,layer_63,0xc,-2.0,19709321,7.371087541767195
layer,layer_63,0xd,-3.0,19355472,7.238751579733456
layer,layer_63,0xe,-4.0,15998514,5.983283099006204
layer,layer_63,0xf,-6.0,8474498,3.1693768968769147
layer,lm_head,0x0,0.0,50755986,3.9921385774907376
layer,lm_head,0x1,0.5,100872652,7.93399236620087
layer,lm_head,0x2,1.0,93484867,7.352916835509625
layer,lm_head,0x3,1.5,85294351,6.708703660473381
layer,lm_head,0x4,2.0,94564793,7.4378568511648275
layer,lm_head,0x5,3.0,94588844,7.439748547740819
layer,lm_head,0x6,4.0,78043113,6.1383680363291315
layer,lm_head,0x7,6.0,40594062,3.1928671610724066
layer,lm_head,0x8,-0.0,50713536,3.9887997342139174
layer,lm_head,0x9,-0.5,100632629,7.915113704720723
layer,lm_head,0xa,-1.0,93036869,7.317680201579615
layer,lm_head,0xb,-1.5,84663918,6.6591178658082315
layer,lm_head,0xc,-2.0,93686408,7.368768751006765
layer,lm_head,0xd,-3.0,93441385,7.349496821767276
layer,lm_head,0xe,-4.0,76945009,6.051998256408062
layer,lm_head,0xf,-6.0,40079978,3.1524326285136115
tensor,lm_head,0x0,0.0,50755986,3.9921385774907376
tensor,lm_head,0x1,0.5,100872652,7.93399236620087
tensor,lm_head,0x2,1.0,93484867,7.352916835509625
tensor,lm_head,0x3,1.5,85294351,6.708703660473381
tensor,lm_head,0x4,2.0,94564793,7.4378568511648275
tensor,lm_head,0x5,3.0,94588844,7.439748547740819
tensor,lm_head,0x6,4.0,78043113,6.1383680363291315
tensor,lm_head,0x7,6.0,40594062,3.1928671610724066
tensor,lm_head,0x8,-0.0,50713536,3.9887997342139174
tensor,lm_head,0x9,-0.5,100632629,7.915113704720723
tensor,lm_head,0xa,-1.0,93036869,7.317680201579615
tensor,lm_head,0xb,-1.5,84663918,6.6591178658082315
tensor,lm_head,0xc,-2.0,93686408,7.368768751006765
tensor,lm_head,0xd,-3.0,93441385,7.349496821767276
tensor,lm_head,0xe,-4.0,76945009,6.051998256408062
tensor,lm_head,0xf,-6.0,40079978,3.1524326285136115
tensor,model.language_model.layers.0.mlp.down_proj,0x0,0.0,3523138,3.9528543808880974
tensor,model.language_model.layers.0.mlp.down_proj,0x1,0.5,7004701,7.859062868006089
tensor,model.language_model.layers.0.mlp.down_proj,0x2,1.0,6519238,7.314388050752528
tensor,model.language_model.layers.0.mlp.down_proj,0x3,1.5,5955410,6.68179007137523
tensor,model.language_model.layers.0.mlp.down_proj,0x4,2.0,6635911,7.445291631362018
tensor,model.language_model.layers.0.mlp.down_proj,0x5,3.0,6650039,7.4611428204704735
tensor,model.language_model.layers.0.mlp.down_proj,0x6,4.0,5480107,6.148514467127183
tensor,model.language_model.layers.0.mlp.down_proj,0x7,6.0,2800522,3.14210106344784
tensor,model.language_model.layers.0.mlp.down_proj,0x8,-0.0,3524502,3.9543847476734832
tensor,model.language_model.layers.0.mlp.down_proj,0x9,-0.5,7002916,7.857060151941636
tensor,model.language_model.layers.0.mlp.down_proj,0xa,-1.0,6520149,7.315410165225758
tensor,model.language_model.layers.0.mlp.down_proj,0xb,-1.5,5956800,6.683349609375
tensor,model.language_model.layers.0.mlp.down_proj,0xc,-2.0,6632618,7.441596984863281
tensor,model.language_model.layers.0.mlp.down_proj,0xd,-3.0,6646555,7.457233877742992
tensor,model.language_model.layers.0.mlp.down_proj,0xe,-4.0,5476001,6.143907659194049
tensor,model.language_model.layers.0.mlp.down_proj,0xf,-6.0,2800353,3.1419114505543426
tensor,model.language_model.layers.0.mlp.gate_proj,0x0,0.0,3498942,3.9257071999942554
tensor,model.language_model.layers.0.mlp.gate_proj,0x1,0.5,6954487,7.802724277271944
tensor,model.language_model.layers.0.mlp.gate_proj,0x2,1.0,6478829,7.2690503737505745
tensor,model.language_model.layers.0.mlp.gate_proj,0x3,1.5,5943706,6.668658537023208
tensor,model.language_model.layers.0.mlp.gate_proj,0x4,2.0,6643408,7.453703038832721
tensor,model.language_model.layers.0.mlp.gate_proj,0x5,3.0,6706317,7.524285035974839
tensor,model.language_model.layers.0.mlp.gate_proj,0x6,4.0,5544984,6.221304500804228
tensor,model.language_model.layers.0.mlp.gate_proj,0x7,6.0,2810311,3.153084025663488
tensor,model.language_model.layers.0.mlp.gate_proj,0x8,-0.0,3494983,3.9212653216193702
tensor,model.language_model.layers.0.mlp.gate_proj,0x9,-0.5,6959500,7.808348711799173
tensor,model.language_model.layers.0.mlp.gate_proj,0xa,-1.0,6482903,7.27362127865062
tensor,model.language_model.layers.0.mlp.gate_proj,0xb,-1.5,5940156,6.664675544289982
tensor,model.language_model.layers.0.mlp.gate_proj,0xc,-2.0,6638046,7.447687036850873
tensor,model.language_model.layers.0.mlp.gate_proj,0xd,-3.0,6697610,7.514516045065487
tensor,model.language_model.layers.0.mlp.gate_proj,0xe,-4.0,5530737,6.205319797291475
tensor,model.language_model.layers.0.mlp.gate_proj,0xf,-6.0,2804041,3.146049275117762
tensor,model.language_model.layers.0.mlp.up_proj,0x0,0.0,3496617,3.9230986202464386
tensor,model.language_model.layers.0.mlp.up_proj,0x1,0.5,6957111,7.805668325985179
tensor,model.language_model.layers.0.mlp.up_proj,0x2,1.0,6483111,7.273854648365694
tensor,model.language_model.layers.0.mlp.up_proj,0x3,1.5,5947762,6.673209246467142
tensor,model.language_model.layers.0.mlp.up_proj,0x4,2.0,6648810,7.459763919605928
tensor,model.language_model.layers.0.mlp.up_proj,0x5,3.0,6703498,7.521122203153722
tensor,model.language_model.layers.0.mlp.up_proj,0x6,4.0,5536622,6.211922589470358
tensor,model.language_model.layers.0.mlp.up_proj,0x7,6.0,2803003,3.144884670481962
tensor,model.language_model.layers.0.mlp.up_proj,0x8,-0.0,3499497,3.9263298932243798
tensor,model.language_model.layers.0.mlp.up_proj,0x9,-0.5,6953815,7.801970313577091
tensor,model.language_model.layers.0.mlp.up_proj,0xa,-1.0,6477478,7.267534592572381
tensor,model.language_model.layers.0.mlp.up_proj,0xb,-1.5,5941957,6.6666962118709785
tensor,model.language_model.layers.0.mlp.up_proj,0xc,-2.0,6643934,7.454293194939108
tensor,model.language_model.layers.0.mlp.up_proj,0xd,-3.0,6700059,7.5172637490665215
tensor,model.language_model.layers.0.mlp.up_proj,0xe,-4.0,5531183,6.205820195815143
tensor,model.language_model.layers.0.mlp.up_proj,0xf,-6.0,2804503,3.1465676251579735
tensor,model.language_model.layers.1.mlp.down_proj,0x0,0.0,3543514,3.9757156372070312
tensor,model.language_model.layers.1.mlp.down_proj,0x1,0.5,7024236,7.880980547736673
tensor,model.language_model.layers.1.mlp.down_proj,0x2,1.0,6524063,7.319801554960363
tensor,model.language_model.layers.1.mlp.down_proj,0x3,1.5,5945069,6.67018778183881
tensor,model.language_model.layers.1.mlp.down_proj,0x4,2.0,6625048,7.433103673598346
tensor,model.language_model.layers.1.mlp.down_proj,0x5,3.0,6633589,7.442686417523553
tensor,model.language_model.layers.1.mlp.down_proj,0x6,4.0,5462898,6.129206489114201
tensor,model.language_model.layers.1.mlp.down_proj,0x7,6.0,2800753,3.142360238467946
tensor,model.language_model.layers.1.mlp.down_proj,0x8,-0.0,3542571,3.974657619700712
tensor,model.language_model.layers.1.mlp.down_proj,0x9,-0.5,7028021,7.885227203369141
tensor,model.language_model.layers.1.mlp.down_proj,0xa,-1.0,6528236,7.324483534869025
tensor,model.language_model.layers.1.mlp.down_proj,0xb,-1.5,5947411,6.672815435072955
tensor,model.language_model.layers.1.mlp.down_proj,0xc,-2.0,6621785,7.42944268619313
tensor,model.language_model.layers.1.mlp.down_proj,0xd,-3.0,6633484,7.442568610696232
tensor,model.language_model.layers.1.mlp.down_proj,0xe,-4.0,5465581,6.132216734044692
tensor,model.language_model.layers.1.mlp.down_proj,0xf,-6.0,2802701,3.1445458356071923
tensor,model.language_model.layers.1.mlp.gate_proj,0x0,0.0,3501730,3.928835251752068
tensor,model.language_model.layers.1.mlp.gate_proj,0x1,0.5,6964865,7.8143680796903725
tensor,model.language_model.layers.1.mlp.gate_proj,0x2,1.0,6460716,7.24872813505285
tensor,model.language_model.layers.1.mlp.gate_proj,0x3,1.5,5963176,6.690503288717831
tensor,model.language_model.layers.1.mlp.gate_proj,0x4,2.0,6648852,7.459811042336857
tensor,model.language_model.layers.1.mlp.gate_proj,0x5,3.0,6712068,7.530737484202666
tensor,model.language_model.layers.1.mlp.gate_proj,0x6,4.0,5548631,6.2253963246065025
tensor,model.language_model.layers.1.mlp.gate_proj,0x7,6.0,2809253,3.1518969816320084
tensor,model.language_model.layers.1.mlp.gate_proj,0x8,-0.0,3499344,3.9261582318474266
tensor,model.language_model.layers.1.mlp.gate_proj,0x9,-0.5,6966536,7.816242891199448
tensor,model.language_model.layers.1.mlp.gate_proj,0xa,-1.0,6458039,7.245724621941061
tensor,model.language_model.layers.1.mlp.gate_proj,0xb,-1.5,5948459,6.673991259406595
tensor,model.language_model.layers.1.mlp.gate_proj,0xc,-2.0,6634799,7.444044000962201
tensor,model.language_model.layers.1.mlp.gate_proj,0xd,-3.0,6695988,7.512696210075827
tensor,model.language_model.layers.1.mlp.gate_proj,0xe,-4.0,5522274,6.195824567009421
tensor,model.language_model.layers.1.mlp.gate_proj,0xf,-6.0,2794230,3.135041629566866
tensor,model.language_model.layers.1.mlp.up_proj,0x0,0.0,3507919,3.9357791227452896
tensor,model.language_model.layers.1.mlp.up_proj,0x1,0.5,6977255,7.8282692853142235
tensor,model.language_model.layers.1.mlp.up_proj,0x2,1.0,6473292,7.262838027056525
tensor,model.language_model.layers.1.mlp.up_proj,0x3,1.5,5954347,6.68059741749483
tensor,model.language_model.layers.1.mlp.up_proj,0x4,2.0,6638341,7.448018017937155
tensor,model.language_model.layers.1.mlp.up_proj,0x5,3.0,6684297,7.4995792613309975
tensor,model.language_model.layers.1.mlp.up_proj,0x6,4.0,5523598,6.197310055003447
tensor,model.language_model.layers.1.mlp.up_proj,0x7,6.0,2805092,3.1472284653607536
tensor,model.language_model.layers.1.mlp.up_proj,0x8,-0.0,3501871,3.928993449491613
tensor,model.language_model.layers.1.mlp.up_proj,0x9,-0.5,6972635,7.823085784912109
tensor,model.language_model.layers.1.mlp.up_proj,0xa,-1.0,6469993,7.259136648739085
tensor,model.language_model.layers.1.mlp.up_proj,0xb,-1.5,5962296,6.689515955307904
tensor,model.language_model.layers.1.mlp.up_proj,0xc,-2.0,6643458,7.453759137321921
tensor,model.language_model.layers.1.mlp.up_proj,0xd,-3.0,6687056,7.502674775965073
tensor,model.language_model.layers.1.mlp.up_proj,0xe,-4.0,5524783,6.198639589197495
tensor,model.language_model.layers.1.mlp.up_proj,0xf,-6.0,2802727,3.1445750068215763
tensor,model.language_model.layers.10.mlp.down_proj,0x0,0.0,3527077,3.9572738198673023
tensor,model.language_model.layers.10.mlp.down_proj,0x1,0.5,6999263,7.852961596320657
tensor,model.language_model.layers.10.mlp.down_proj,0x2,1.0,6508234,7.30204189524931
tensor,model.language_model.layers.10.mlp.down_proj,0x3,1.5,5927228,6.650170718922334
tensor,model.language_model.layers.10.mlp.down_proj,0x4,2.0,6642751,7.4529659046846275
tensor,model.language_model.layers.10.mlp.down_proj,0x5,3.0,6636215,7.445632710176356
tensor,model.language_model.layers.10.mlp.down_proj,0x6,4.0,5497398,6.167914446662454
tensor,model.language_model.layers.10.mlp.down_proj,0x7,6.0,2825650,3.170293920180377
tensor,model.language_model.layers.10.mlp.down_proj,0x8,-0.0,3522589,3.9522384194766773
tensor,model.language_model.layers.10.mlp.down_proj,0x9,-0.5,7005160,7.859577852136948
tensor,model.language_model.layers.10.mlp.down_proj,0xa,-1.0,6514116,7.3086413215188415
tensor,model.language_model.layers.10.mlp.down_proj,0xb,-1.5,5925215,6.6479121937471275
tensor,model.language_model.layers.10.mlp.down_proj,0xc,-2.0,6642456,7.452634923598346
tensor,model.language_model.layers.10.mlp.down_proj,0xd,-3.0,6633151,7.442194994758157
tensor,model.language_model.layers.10.mlp.down_proj,0xe,-4.0,5498210,6.168825486127068
tensor,model.language_model.layers.10.mlp.down_proj,0xf,-6.0,2824247,3.1687197965734146
tensor,model.language_model.layers.10.mlp.gate_proj,0x0,0.0,3511048,3.9392897661994484
tensor,model.language_model.layers.10.mlp.gate_proj,0x1,0.5,6977652,7.828714707318475
tensor,model.language_model.layers.10.mlp.gate_proj,0x2,1.0,6498257,7.290848002714269
tensor,model.language_model.layers.10.mlp.gate_proj,0x3,1.5,5914441,6.635824091294232
tensor,model.language_model.layers.10.mlp.gate_proj,0x4,2.0,6665748,7.478767843807445
tensor,model.language_model.layers.10.mlp.gate_proj,0x5,3.0,6665318,7.478285396800322
tensor,model.language_model.layers.10.mlp.gate_proj,0x6,4.0,5524890,6.1987596399643845
tensor,model.language_model.layers.10.mlp.gate_proj,0x7,6.0,2804330,3.14637352438534
tensor,model.language_model.layers.10.mlp.gate_proj,0x8,-0.0,3510502,3.9386771706973804
tensor,model.language_model.layers.10.mlp.gate_proj,0x9,-0.5,6976882,7.8278507905847885
tensor,model.language_model.layers.10.mlp.gate_proj,0xa,-1.0,6502805,7.295950721291935
tensor,model.language_model.layers.10.mlp.gate_proj,0xb,-1.5,5919461,6.6414563796099495
tensor,model.language_model.layers.10.mlp.gate_proj,0xc,-2.0,6667774,7.481040954589844
tensor,model.language_model.layers.10.mlp.gate_proj,0xd,-3.0,6667607,7.480853585635915
tensor,model.language_model.layers.10.mlp.gate_proj,0xe,-4.0,5521385,6.194827135871439
tensor,model.language_model.layers.10.mlp.gate_proj,0xf,-6.0,2800860,3.1424802892348347
tensor,model.language_model.layers.10.mlp.up_proj,0x0,0.0,3515532,3.9443206787109375
tensor,model.language_model.layers.10.mlp.up_proj,0x1,0.5,6991322,7.844052034265855
tensor,model.language_model.layers.10.mlp.up_proj,0x2,1.0,6509972,7.303991878733916
tensor,model.language_model.layers.10.mlp.up_proj,0x3,1.5,5919242,6.641210668227252
tensor,model.language_model.layers.10.mlp.up_proj,0x4,2.0,6659269,7.471498601576862
tensor,model.language_model.layers.10.mlp.up_proj,0x5,3.0,6647845,7.458681218764362
tensor,model.language_model.layers.10.mlp.up_proj,0x6,4.0,5510420,6.182524737189798
tensor,model.language_model.layers.10.mlp.up_proj,0x7,6.0,2804413,3.146466647877413
tensor,model.language_model.layers.10.mlp.up_proj,0x8,-0.0,3522012,3.9515910429113053
tensor,model.language_model.layers.10.mlp.up_proj,0x9,-0.5,6993719,7.84674139583812
tensor,model.language_model.layers.10.mlp.up_proj,0xa,-1.0,6509954,7.303971683277803
tensor,model.language_model.layers.10.mlp.up_proj,0xb,-1.5,5921932,6.644228766946232
tensor,model.language_model.layers.10.mlp.up_proj,0xc,-2.0,6660826,7.47324550853056
tensor,model.language_model.layers.10.mlp.up_proj,0xd,-3.0,6648362,7.459261277142693
tensor,model.language_model.layers.10.mlp.up_proj,0xe,-4.0,5510595,6.182721081901999
tensor,model.language_model.layers.10.mlp.up_proj,0xf,-6.0,2803545,3.1454927781048942
tensor,model.language_model.layers.11.mlp.down_proj,0x0,0.0,3511188,3.9394468419692097
tensor,model.language_model.layers.11.mlp.down_proj,0x1,0.5,6977706,7.82877529368681
tensor,model.language_model.layers.11.mlp.down_proj,0x2,1.0,6494625,7.286773008458755
tensor,model.language_model.layers.11.mlp.down_proj,0x3,1.5,5933023,6.656672533820657
tensor,model.language_model.layers.11.mlp.down_proj,0x4,2.0,6633661,7.442767199348001
tensor,model.language_model.layers.11.mlp.down_proj,0x5,3.0,6646748,7.457450417911305
tensor,model.language_model.layers.11.mlp.down_proj,0x6,4.0,5518996,6.192146750057445
tensor,model.language_model.layers.11.mlp.down_proj,0x7,6.0,2841495,3.1880715314079735
tensor,model.language_model.layers.11.mlp.down_proj,0x8,-0.0,3510782,3.9389913222369026
tensor,model.language_model.layers.11.mlp.down_proj,0x9,-0.5,6980911,7.832371206844554
tensor,model.language_model.layers.11.mlp.down_proj,0xa,-1.0,6499108,7.291802799000459
tensor,model.language_model.layers.11.mlp.down_proj,0xb,-1.5,5937900,6.662144380457261
tensor,model.language_model.layers.11.mlp.down_proj,0xc,-2.0,6633453,7.442533829632928
tensor,model.language_model.layers.11.mlp.down_proj,0xd,-3.0,6647523,7.458319944493911
tensor,model.language_model.layers.11.mlp.down_proj,0xe,-4.0,5520999,6.194394055534811
tensor,model.language_model.layers.11.mlp.down_proj,0xf,-6.0,2840842,3.1873388851390168
tensor,model.language_model.layers.11.mlp.gate_proj,0x0,0.0,3489179,3.9147534089929916
tensor,model.language_model.layers.11.mlp.gate_proj,0x1,0.5,6944727,7.791773852180032
tensor,model.language_model.layers.11.mlp.gate_proj,0x2,1.0,6478243,7.2683928994571465
tensor,model.language_model.layers.11.mlp.gate_proj,0x3,1.5,5899361,6.6189047869514015
tensor,model.language_model.layers.11.mlp.gate_proj,0x4,2.0,6663144,7.4758462344898895
tensor,model.language_model.layers.11.mlp.gate_proj,0x5,3.0,6672570,7.486421921673943
tensor,model.language_model.layers.11.mlp.gate_proj,0x6,4.0,5554856,6.232380586511948
tensor,model.language_model.layers.11.mlp.gate_proj,0x7,6.0,2826949,3.1717513589298023
tensor,model.language_model.layers.11.mlp.gate_proj,0x8,-0.0,3495699,3.92206865198472
tensor,model.language_model.layers.11.mlp.gate_proj,0x9,-0.5,6953963,7.802136365105124
tensor,model.language_model.layers.11.mlp.gate_proj,0xa,-1.0,6488583,7.279994067023782
tensor,model.language_model.layers.11.mlp.gate_proj,0xb,-1.5,5905534,6.625830706428079
tensor,model.language_model.layers.11.mlp.gate_proj,0xc,-2.0,6671691,7.4854357102338005
tensor,model.language_model.layers.11.mlp.gate_proj,0xd,-3.0,6684144,7.499407599954044
tensor,model.language_model.layers.11.mlp.gate_proj,0xe,-4.0,5567480,6.246544333065257
tensor,model.language_model.layers.11.mlp.gate_proj,0xf,-6.0,2832837,3.178357517018038
tensor,model.language_model.layers.11.mlp.up_proj,0x0,0.0,3504169,3.931571736055262
tensor,model.language_model.layers.11.mlp.up_proj,0x1,0.5,6965795,7.815411511589499
tensor,model.language_model.layers.11.mlp.up_proj,0x2,1.0,6491991,7.283817740047679
tensor,model.language_model.layers.11.mlp.up_proj,0x3,1.5,5905793,6.626121296602137
tensor,model.language_model.layers.11.mlp.up_proj,0x4,2.0,6662147,7.474727630615234
tensor,model.language_model.layers.11.mlp.up_proj,0x5,3.0,6663645,7.476408341351678
tensor,model.language_model.layers.11.mlp.up_proj,0x6,4.0,5542787,6.218839533188763
tensor,model.language_model.layers.11.mlp.up_proj,0x7,6.0,2827119,3.1719420937930836
tensor,model.language_model.layers.11.mlp.up_proj,0x8,-0.0,3502674,3.9298943912281707
tensor,model.language_model.layers.11.mlp.up_proj,0x9,-0.5,6969503,7.8195717755485985
tensor,model.language_model.layers.11.mlp.up_proj,0xa,-1.0,6488192,7.2795553768382355
tensor,model.language_model.layers.11.mlp.up_proj,0xb,-1.5,5906760,6.627206241383272
tensor,model.language_model.layers.11.mlp.up_proj,0xc,-2.0,6663677,7.476444244384766
tensor,model.language_model.layers.11.mlp.up_proj,0xd,-3.0,6664450,7.477311527027803
tensor,model.language_model.layers.11.mlp.up_proj,0xe,-4.0,5549126,6.2259516996495865
tensor,model.language_model.layers.11.mlp.up_proj,0xf,-6.0,2821132,3.1652248606962314
tensor,model.language_model.layers.12.mlp.down_proj,0x0,0.0,3511707,3.9400291442871094
tensor,model.language_model.layers.12.mlp.down_proj,0x1,0.5,6969206,7.819238550522748
tensor,model.language_model.layers.12.mlp.down_proj,0x2,1.0,6520612,7.315929637235754
tensor,model.language_model.layers.12.mlp.down_proj,0x3,1.5,5901745,6.621579562916475
tensor,model.language_model.layers.12.mlp.down_proj,0x4,2.0,6682889,7.497999527875115
tensor,model.language_model.layers.12.mlp.down_proj,0x5,3.0,6652294,7.46367286233341
tensor,model.language_model.layers.12.mlp.down_proj,0x6,4.0,5521534,6.194994309369256
tensor,model.language_model.layers.12.mlp.down_proj,0x7,6.0,2805761,3.1479790631462548
tensor,model.language_model.layers.12.mlp.down_proj,0x8,-0.0,3509814,3.9379052554859832
tensor,model.language_model.layers.12.mlp.down_proj,0x9,-0.5,6967313,7.8171146617216225
tensor,model.language_model.layers.12.mlp.down_proj,0xa,-1.0,6519411,7.314582151525161
tensor,model.language_model.layers.12.mlp.down_proj,0xb,-1.5,5903966,6.624071457806756
tensor,model.language_model.layers.12.mlp.down_proj,0xc,-2.0,6686538,7.502093595616958
tensor,model.language_model.layers.12.mlp.down_proj,0xd,-3.0,6650472,7.461628633386948
tensor,model.language_model.layers.12.mlp.down_proj,0xe,-4.0,5520976,6.194368250229779
tensor,model.language_model.layers.12.mlp.down_proj,0xf,-6.0,2804722,3.1468133365406707
tensor,model.language_model.layers.12.mlp.gate_proj,0x0,0.0,3488987,3.914537990794462
tensor,model.language_model.layers.12.mlp.gate_proj,0x1,0.5,6950787,7.798572989071117
tensor,model.language_model.layers.12.mlp.gate_proj,0x2,1.0,6467426,7.2562565523035385
tensor,model.language_model.layers.12.mlp.gate_proj,0x3,1.5,5931451,6.654908797320197
tensor,model.language_model.layers.12.mlp.gate_proj,0x4,2.0,6631126,7.439923005945542
tensor,model.language_model.layers.12.mlp.gate_proj,0x5,3.0,6691545,7.507711298325482
tensor,model.language_model.layers.12.mlp.gate_proj,0x6,4.0,5554622,6.2321180455824905
tensor,model.language_model.layers.12.mlp.gate_proj,0x7,6.0,2848452,3.1958770751953125
tensor,model.language_model.layers.12.mlp.gate_proj,0x8,-0.0,3495543,3.9218936246984146
tensor,model.language_model.layers.12.mlp.gate_proj,0x9,-0.5,6951182,7.799016167135799
tensor,model.language_model.layers.12.mlp.gate_proj,0xa,-1.0,6462019,7.250190061681411
tensor,model.language_model.layers.12.mlp.gate_proj,0xb,-1.5,5934862,6.658735836253447
tensor,model.language_model.layers.12.mlp.gate_proj,0xc,-2.0,6635130,7.444415372960708
tensor,model.language_model.layers.12.mlp.gate_proj,0xd,-3.0,6687664,7.50335693359375
tensor,model.language_model.layers.12.mlp.gate_proj,0xe,-4.0,5550289,6.227256550508387
tensor,model.language_model.layers.12.mlp.gate_proj,0xf,-6.0,2847875,3.1952296986299404
tensor,model.language_model.layers.12.mlp.up_proj,0x0,0.0,3500720,3.9277020622702206
tensor,model.language_model.layers.12.mlp.up_proj,0x1,0.5,6959000,7.807787726907169
tensor,model.language_model.layers.12.mlp.up_proj,0x2,1.0,6471394,7.26070852840648
tensor,model.language_model.layers.12.mlp.up_proj,0x3,1.5,5935650,6.659619948443244
tensor,model.language_model.layers.12.mlp.up_proj,0x4,2.0,6627027,7.4353240518008965
tensor,model.language_model.layers.12.mlp.up_proj,0x5,3.0,6683045,7.49817455516142
tensor,model.language_model.layers.12.mlp.up_proj,0x6,4.0,5543663,6.219822378719554
tensor,model.language_model.layers.12.mlp.up_proj,0x7,6.0,2843498,3.19031883688534
tensor,model.language_model.layers.12.mlp.up_proj,0x8,-0.0,3502990,3.930248933679917
tensor,model.language_model.layers.12.mlp.up_proj,0x9,-0.5,6964995,7.814513935762293
tensor,model.language_model.layers.12.mlp.up_proj,0xa,-1.0,6469066,7.25809658274931
tensor,model.language_model.layers.12.mlp.up_proj,0xb,-1.5,5931109,6.654525083654067
tensor,model.language_model.layers.12.mlp.up_proj,0xc,-2.0,6625483,7.433591730454388
tensor,model.language_model.layers.12.mlp.up_proj,0xd,-3.0,6678072,7.492594999425552
tensor,model.language_model.layers.12.mlp.up_proj,0xe,-4.0,5545754,6.2221684175379135
tensor,model.language_model.layers.12.mlp.up_proj,0xf,-6.0,2847494,3.1948022281422332
tensor,model.language_model.layers.13.mlp.down_proj,0x0,0.0,3514073,3.942683724796071
tensor,model.language_model.layers.13.mlp.down_proj,0x1,0.5,6989525,7.842035854563994
tensor,model.language_model.layers.13.mlp.down_proj,0x2,1.0,6508535,7.302379608154297
tensor,model.language_model.layers.13.mlp.down_proj,0x3,1.5,5939654,6.66411231545841
tensor,model.language_model.layers.13.mlp.down_proj,0x4,2.0,6651741,7.4630524130428535
tensor,model.language_model.layers.13.mlp.down_proj,0x5,3.0,6657621,7.469649595372817
tensor,model.language_model.layers.13.mlp.down_proj,0x6,4.0,5499500,6.1702728271484375
tensor,model.language_model.layers.13.mlp.down_proj,0x7,6.0,2804197,3.1462243024040673
tensor,model.language_model.layers.13.mlp.down_proj,0x8,-0.0,3516378,3.945269865148208
tensor,model.language_model.layers.13.mlp.down_proj,0x9,-0.5,6991952,7.844758875229779
tensor,model.language_model.layers.13.mlp.down_proj,0xa,-1.0,6509713,7.303701288559857
tensor,model.language_model.layers.13.mlp.down_proj,0xb,-1.5,5935919,6.659921758315143
tensor,model.language_model.layers.13.mlp.down_proj,0xc,-2.0,6648656,7.459591136259191
tensor,model.language_model.layers.13.mlp.down_proj,0xd,-3.0,6652277,7.463653788847082
tensor,model.language_model.layers.13.mlp.down_proj,0xe,-4.0,5505979,6.1775420693790215
tensor,model.language_model.layers.13.mlp.down_proj,0xf,-6.0,2803240,3.145150577320772
tensor,model.language_model.layers.13.mlp.gate_proj,0x0,0.0,3504490,3.9319318883559284
tensor,model.language_model.layers.13.mlp.gate_proj,0x1,0.5,6954101,7.802291196935317
tensor,model.language_model.layers.13.mlp.gate_proj,0x2,1.0,6486123,7.277234021355124
tensor,model.language_model.layers.13.mlp.gate_proj,0x3,1.5,5914192,6.6355447208180145
tensor,model.language_model.layers.13.mlp.gate_proj,0x4,2.0,6645738,7.456317228429458
tensor,model.language_model.layers.13.mlp.gate_proj,0x5,3.0,6661429,7.473922056310317
tensor,model.language_model.layers.13.mlp.gate_proj,0x6,4.0,5553050,6.230354309082031
tensor,model.language_model.layers.13.mlp.gate_proj,0x7,6.0,2848252,3.195652681238511
tensor,model.language_model.layers.13.mlp.gate_proj,0x8,-0.0,3499293,3.9261010113884423
tensor,model.language_model.layers.13.mlp.gate_proj,0x9,-0.5,6949361,7.7969730601591225
tensor,model.language_model.layers.13.mlp.gate_proj,0xa,-1.0,6489926,7.281500872443704
tensor,model.language_model.layers.13.mlp.gate_proj,0xb,-1.5,5916069,6.637650658102596
tensor,model.language_model.layers.13.mlp.gate_proj,0xc,-2.0,6643907,7.45426290175494
tensor,model.language_model.layers.13.mlp.gate_proj,0xd,-3.0,6661018,7.47346092672909
tensor,model.language_model.layers.13.mlp.gate_proj,0xe,-4.0,5549468,6.2263354133157165
tensor,model.language_model.layers.13.mlp.gate_proj,0xf,-6.0,2852543,3.2004670535816864
tensor,model.language_model.layers.13.mlp.up_proj,0x0,0.0,3509747,3.937830083510455
tensor,model.language_model.layers.13.mlp.up_proj,0x1,0.5,6964674,7.814153783461627
tensor,model.language_model.layers.13.mlp.up_proj,0x2,1.0,6497296,7.289769789751838
tensor,model.language_model.layers.13.mlp.up_proj,0x3,1.5,5914527,6.635920580695657
tensor,model.language_model.layers.13.mlp.up_proj,0x4,2.0,6633018,7.4420457727768845
tensor,model.language_model.layers.13.mlp.up_proj,0x5,3.0,6646548,7.457226023954504
tensor,model.language_model.layers.13.mlp.up_proj,0x6,4.0,5547256,6.223853616153493
tensor,model.language_model.layers.13.mlp.up_proj,0x7,6.0,2855043,3.203271978041705
tensor,model.language_model.layers.13.mlp.up_proj,0x8,-0.0,3505330,3.9328743429744946
tensor,model.language_model.layers.13.mlp.up_proj,0x9,-0.5,6962513,7.811729206758387
tensor,model.language_model.layers.13.mlp.up_proj,0xa,-1.0,6490133,7.281733120188994
tensor,model.language_model.layers.13.mlp.up_proj,0xb,-1.5,5916985,6.6386783824247475
tensor,model.language_model.layers.13.mlp.up_proj,0xc,-2.0,6634701,7.443934047923369
tensor,model.language_model.layers.13.mlp.up_proj,0xd,-3.0,6651469,7.4627472372616035
tensor,model.language_model.layers.13.mlp.up_proj,0xe,-4.0,5542584,6.2186117733226105
tensor,model.language_model.layers.13.mlp.up_proj,0xf,-6.0,2857136,3.2056202607996322
tensor,model.language_model.layers.14.mlp.down_proj,0x0,0.0,3509555,3.9376146653119255
tensor,model.language_model.layers.14.mlp.down_proj,0x1,0.5,6987618,7.839896258185892
tensor,model.language_model.layers.14.mlp.down_proj,0x2,1.0,6502547,7.295661253087661
tensor,model.language_model.layers.14.mlp.down_proj,0x3,1.5,5923308,6.645772597369025
tensor,model.language_model.layers.14.mlp.down_proj,0x4,2.0,6664991,7.477918512680951
tensor,model.language_model.layers.14.mlp.down_proj,0x5,3.0,6655340,7.467090382295496
tensor,model.language_model.layers.14.mlp.down_proj,0x6,4.0,5516422,6.18925879983341
tensor,model.language_model.layers.14.mlp.down_proj,0x7,6.0,2804667,3.1467516282025505
tensor,model.language_model.layers.14.mlp.down_proj,0x8,-0.0,3509425,3.9374688092400048
tensor,model.language_model.layers.14.mlp.down_proj,0x9,-0.5,6987197,7.8394239089068245
tensor,model.language_model.layers.14.mlp.down_proj,0xa,-1.0,6500177,7.293002184699564
tensor,model.language_model.layers.14.mlp.down_proj,0xb,-1.5,5928145,6.651199565214269
tensor,model.language_model.layers.14.mlp.down_proj,0xc,-2.0,6668783,7.482173022101907
tensor,model.language_model.layers.14.mlp.down_proj,0xd,-3.0,6657790,7.469839208266315
tensor,model.language_model.layers.14.mlp.down_proj,0xe,-4.0,5509664,6.181676528033088
tensor,model.language_model.layers.14.mlp.down_proj,0xf,-6.0,2803331,3.1452526765711166
tensor,model.language_model.layers.14.mlp.gate_proj,0x0,0.0,3504408,3.9318398868336395
tensor,model.language_model.layers.14.mlp.gate_proj,0x1,0.5,6972884,7.823365155388327
tensor,model.language_model.layers.14.mlp.gate_proj,0x2,1.0,6493152,7.285120346966912
tensor,model.language_model.layers.14.mlp.gate_proj,0x3,1.5,5938244,6.662530338062959
tensor,model.language_model.layers.14.mlp.gate_proj,0x4,2.0,6650526,7.461689219755285
tensor,model.language_model.layers.14.mlp.gate_proj,0x5,3.0,6667652,7.480904074276195
tensor,model.language_model.layers.14.mlp.gate_proj,0x6,4.0,5524045,6.197811575496898
tensor,model.language_model.layers.14.mlp.gate_proj,0x7,6.0,2811312,3.1542071174172794
tensor,model.language_model.layers.14.mlp.gate_proj,0x8,-0.0,3502545,3.929749657126034
tensor,model.language_model.layers.14.mlp.gate_proj,0x9,-0.5,6968864,7.818854836856618
tensor,model.language_model.layers.14.mlp.gate_proj,0xa,-1.0,6497111,7.289562225341797
tensor,model.language_model.layers.14.mlp.gate_proj,0xb,-1.5,5940568,6.665137795840993
tensor,model.language_model.layers.14.mlp.gate_proj,0xc,-2.0,6655707,7.467502145206227
tensor,model.language_model.layers.14.mlp.gate_proj,0xd,-3.0,6668680,7.482057459214154
tensor,model.language_model.layers.14.mlp.gate_proj,0xe,-4.0,5524483,6.198302998262293
tensor,model.language_model.layers.14.mlp.gate_proj,0xf,-6.0,2808779,3.151365167954389
tensor,model.language_model.layers.14.mlp.up_proj,0x0,0.0,3513786,3.9423617194680607
tensor,model.language_model.layers.14.mlp.up_proj,0x1,0.5,6985268,7.837259629193475
tensor,model.language_model.layers.14.mlp.up_proj,0x2,1.0,6501675,7.294682895436006
tensor,model.language_model.layers.14.mlp.up_proj,0x3,1.5,5931746,6.65523977840648
tensor,model.language_model.layers.14.mlp.up_proj,0x4,2.0,6645388,7.455924539005055
tensor,model.language_model.layers.14.mlp.up_proj,0x5,3.0,6655367,7.467120675479665
tensor,model.language_model.layers.14.mlp.up_proj,0x6,4.0,5515718,6.188468933105469
tensor,model.language_model.layers.14.mlp.up_proj,0x7,6.0,2816008,3.159475887522978
tensor,model.language_model.layers.14.mlp.up_proj,0x8,-0.0,3514943,3.9436598385081574
tensor,model.language_model.layers.14.mlp.up_proj,0x9,-0.5,6993056,7.845997529871323
tensor,model.language_model.layers.14.mlp.up_proj,0xa,-1.0,6498182,7.290763854980469
tensor,model.language_model.layers.14.mlp.up_proj,0xb,-1.5,5933078,6.656734242158778
tensor,model.language_model.layers.14.mlp.up_proj,0xc,-2.0,6644464,7.454887838924632
tensor,model.language_model.layers.14.mlp.up_proj,0xd,-3.0,6652545,7.463954476749196
tensor,model.language_model.layers.14.mlp.up_proj,0xe,-4.0,5512786,6.1851793176987595
tensor,model.language_model.layers.14.mlp.up_proj,0xf,-6.0,2814950,3.158288843491498
tensor,model.language_model.layers.15.mlp.down_proj,0x0,0.0,3517778,3.946840622845818
tensor,model.language_model.layers.15.mlp.down_proj,0x1,0.5,6999513,7.853242088766659
tensor,model.language_model.layers.15.mlp.down_proj,0x2,1.0,6518401,7.313448962043314
tensor,model.language_model.layers.15.mlp.down_proj,0x3,1.5,5940675,6.665257846607881
tensor,model.language_model.layers.15.mlp.down_proj,0x4,2.0,6649916,7.461004818187041
tensor,model.language_model.layers.15.mlp.down_proj,0x5,3.0,6645666,7.4562364466050095
tensor,model.language_model.layers.15.mlp.down_proj,0x6,4.0,5488301,6.157707887537339
tensor,model.language_model.layers.15.mlp.down_proj,0x7,6.0,2801041,3.14268336576574
tensor,model.language_model.layers.15.mlp.down_proj,0x8,-0.0,3519573,3.948854558608111
tensor,model.language_model.layers.15.mlp.down_proj,0x9,-0.5,6995759,7.849030214197495
tensor,model.language_model.layers.15.mlp.down_proj,0xa,-1.0,6522318,7.31784371768727
tensor,model.language_model.layers.15.mlp.down_proj,0xb,-1.5,5939255,6.663664649514591
tensor,model.language_model.layers.15.mlp.down_proj,0xc,-2.0,6654687,7.46635773602654
tensor,model.language_model.layers.15.mlp.down_proj,0xd,-3.0,6645785,7.456369961009306
tensor,model.language_model.layers.15.mlp.down_proj,0xe,-4.0,5489823,6.1594155255485985
tensor,model.language_model.layers.15.mlp.down_proj,0xf,-6.0,2800469,3.142041599049288
tensor,model.language_model.layers.15.mlp.gate_proj,0x0,0.0,3498974,3.9257431030273438
tensor,model.language_model.layers.15.mlp.gate_proj,0x1,0.5,6948919,7.796477149514591
tensor,model.language_model.layers.15.mlp.gate_proj,0x2,1.0,6504818,7.298209246467142
tensor,model.language_model.layers.15.mlp.gate_proj,0x3,1.5,5906115,6.626482570872588
tensor,model.language_model.layers.15.mlp.gate_proj,0x4,2.0,6653685,7.465233522302964
tensor,model.language_model.layers.15.mlp.gate_proj,0x5,3.0,6649396,7.460421393899357
tensor,model.language_model.layers.15.mlp.gate_proj,0x6,4.0,5547511,6.224139718448415
tensor,model.language_model.layers.15.mlp.gate_proj,0x7,6.0,2845347,3.19239335901597
tensor,model.language_model.layers.15.mlp.gate_proj,0x8,-0.0,3503008,3.9302691291360294
tensor,model.language_model.layers.15.mlp.gate_proj,0x9,-0.5,6952206,7.800165064194623
tensor,model.language_model.layers.15.mlp.gate_proj,0xa,-1.0,6510450,7.304528180290671
tensor,model.language_model.layers.15.mlp.gate_proj,0xb,-1.5,5910639,6.631558362175436
tensor,model.language_model.layers.15.mlp.gate_proj,0xc,-2.0,6653326,7.464830735150506
tensor,model.language_model.layers.15.mlp.gate_proj,0xd,-3.0,6654472,7.466116512522978
tensor,model.language_model.layers.15.mlp.gate_proj,0xe,-4.0,5544870,6.221176596248851
tensor,model.language_model.layers.15.mlp.gate_proj,0xf,-6.0,2845224,3.1922553567325367
tensor,model.language_model.layers.15.mlp.up_proj,0x0,0.0,3514157,3.9427779702579273
tensor,model.language_model.layers.15.mlp.up_proj,0x1,0.5,6968583,7.818539563347311
tensor,model.language_model.layers.15.mlp.up_proj,0x2,1.0,6515787,7.310516133027918
tensor,model.language_model.layers.15.mlp.up_proj,0x3,1.5,5910341,6.631224015179803
tensor,model.language_model.layers.15.mlp.up_proj,0x4,2.0,6643030,7.4532789342543655
tensor,model.language_model.layers.15.mlp.up_proj,0x5,3.0,6637674,7.447269664091222
tensor,model.language_model.layers.15.mlp.up_proj,0x6,4.0,5534292,6.209308399873621
tensor,model.language_model.layers.15.mlp.up_proj,0x7,6.0,2850381,3.198041354908663
tensor,model.language_model.layers.15.mlp.up_proj,0x8,-0.0,3513787,3.942362841437845
tensor,model.language_model.layers.15.mlp.up_proj,0x9,-0.5,6965888,7.815515854779412
tensor,model.language_model.layers.15.mlp.up_proj,0xa,-1.0,6512870,7.307243347167969
tensor,model.language_model.layers.15.mlp.up_proj,0xb,-1.5,5907075,6.627559661865234
tensor,model.language_model.layers.15.mlp.up_proj,0xc,-2.0,6639882,7.44974697337431
tensor,model.language_model.layers.15.mlp.up_proj,0xd,-3.0,6636229,7.445648417753332
tensor,model.language_model.layers.15.mlp.up_proj,0xe,-4.0,5533845,6.20880687938017
tensor,model.language_model.layers.15.mlp.up_proj,0xf,-6.0,2845139,3.192159989300896
tensor,model.language_model.layers.16.mlp.down_proj,0x0,0.0,3519956,3.949284273035386
tensor,model.language_model.layers.16.mlp.down_proj,0x1,0.5,7010350,7.865400875315947
tensor,model.language_model.layers.16.mlp.down_proj,0x2,1.0,6502799,7.295943989473231
tensor,model.language_model.layers.16.mlp.down_proj,0x3,1.5,5941352,6.666017420151654
tensor,model.language_model.layers.16.mlp.down_proj,0x4,2.0,6615828,7.422759112189798
tensor,model.language_model.layers.16.mlp.down_proj,0x5,3.0,6625233,7.433311238008387
tensor,model.language_model.layers.16.mlp.down_proj,0x6,4.0,5501890,6.172954334932215
tensor,model.language_model.layers.16.mlp.down_proj,0x7,6.0,2853616,3.2016709271599266
tensor,model.language_model.layers.16.mlp.down_proj,0x8,-0.0,3520801,3.950232337502872
tensor,model.language_model.layers.16.mlp.down_proj,0x9,-0.5,7004436,7.858765546013327
tensor,model.language_model.layers.16.mlp.down_proj,0xa,-1.0,6500215,7.293044819551356
tensor,model.language_model.layers.16.mlp.down_proj,0xb,-1.5,5941930,6.66666591868681
tensor,model.language_model.layers.16.mlp.down_proj,0xc,-2.0,6610419,7.416690377628102
tensor,model.language_model.layers.16.mlp.down_proj,0xd,-3.0,6630518,7.4392408483168655
tensor,model.language_model.layers.16.mlp.down_proj,0xe,-4.0,5495188,6.165434893439798
tensor,model.language_model.layers.16.mlp.down_proj,0xf,-6.0,2854429,3.2025830885943245
tensor,model.language_model.layers.16.mlp.gate_proj,0x0,0.0,3507576,3.935394287109375
tensor,model.language_model.layers.16.mlp.gate_proj,0x1,0.5,6969006,7.819014156565947
tensor,model.language_model.layers.16.mlp.gate_proj,0x2,1.0,6488211,7.279576694264131
tensor,model.language_model.layers.16.mlp.gate_proj,0x3,1.5,5945438,6.670601788689108
tensor,model.language_model.layers.16.mlp.gate_proj,0x4,2.0,6628402,7.436866760253906
tensor,model.language_model.layers.16.mlp.gate_proj,0x5,3.0,6672958,7.486857245950138
tensor,model.language_model.layers.16.mlp.gate_proj,0x6,4.0,5533368,6.208271699793198
tensor,model.language_model.layers.16.mlp.gate_proj,0x7,6.0,2845439,3.1924965802360985
tensor,model.language_model.layers.16.mlp.gate_proj,0x8,-0.0,3506930,3.9346694946289062
tensor,model.language_model.layers.16.mlp.gate_proj,0x9,-0.5,6975338,7.826118469238281
tensor,model.language_model.layers.16.mlp.gate_proj,0xa,-1.0,6481531,7.272081936106963
tensor,model.language_model.layers.16.mlp.gate_proj,0xb,-1.5,5943756,6.6687146355124085
tensor,model.language_model.layers.16.mlp.gate_proj,0xc,-2.0,6623364,7.431214276482077
tensor,model.language_model.layers.16.mlp.gate_proj,0xd,-3.0,6654859,7.466550714829388
tensor,model.language_model.layers.16.mlp.gate_proj,0xe,-4.0,5519464,6.1926718319163605
tensor,model.language_model.layers.16.mlp.gate_proj,0xf,-6.0,2833320,3.1788994284237133
tensor,model.language_model.layers.16.mlp.up_proj,0x0,0.0,3515464,3.944244384765625
tensor,model.language_model.layers.16.mlp.up_proj,0x1,0.5,6986296,7.838413014131434
tensor,model.language_model.layers.16.mlp.up_proj,0x2,1.0,6489643,7.28118335499483
tensor,model.language_model.layers.16.mlp.up_proj,0x3,1.5,5947349,6.672745872946346
tensor,model.language_model.layers.16.mlp.up_proj,0x4,2.0,6618854,7.426154192756204
tensor,model.language_model.layers.16.mlp.up_proj,0x5,3.0,6650541,7.461706049302045
tensor,model.language_model.layers.16.mlp.up_proj,0x6,4.0,5515638,6.188379175522748
tensor,model.language_model.layers.16.mlp.up_proj,0x7,6.0,2843849,3.1907126482795265
tensor,model.language_model.layers.16.mlp.up_proj,0x8,-0.0,3512168,3.9405463723575367
tensor,model.language_model.layers.16.mlp.up_proj,0x9,-0.5,6988022,7.840349533978631
tensor,model.language_model.layers.16.mlp.up_proj,0xa,-1.0,6492876,7.284810683306525
tensor,model.language_model.layers.16.mlp.up_proj,0xb,-1.5,5944699,6.669772653018727
tensor,model.language_model.layers.16.mlp.up_proj,0xc,-2.0,6616100,7.423064287971048
tensor,model.language_model.layers.16.mlp.up_proj,0xd,-3.0,6647606,7.458413067985983
tensor,model.language_model.layers.16.mlp.up_proj,0xe,-4.0,5517458,6.190421160529642
tensor,model.language_model.layers.16.mlp.up_proj,0xf,-6.0,2842397,3.189083548153148
tensor,model.language_model.layers.17.mlp.down_proj,0x0,0.0,3530670,3.961305057301241
tensor,model.language_model.layers.17.mlp.down_proj,0x1,0.5,7011792,7.8670187557444855
tensor,model.language_model.layers.17.mlp.down_proj,0x2,1.0,6521549,7.316980922923369
tensor,model.language_model.layers.17.mlp.down_proj,0x3,1.5,5884555,6.602292902329388
tensor,model.language_model.layers.17.mlp.down_proj,0x4,2.0,6692685,7.508990343879251
tensor,model.language_model.layers.17.mlp.down_proj,0x5,3.0,6604046,7.409540064194623
tensor,model.language_model.layers.17.mlp.down_proj,0x6,4.0,5505665,6.177189770866843
tensor,model.language_model.layers.17.mlp.down_proj,0x7,6.0,2811899,3.1548657136804916
tensor,model.language_model.layers.17.mlp.down_proj,0x8,-0.0,3530605,3.96123212926528
tensor,model.language_model.layers.17.mlp.down_proj,0x9,-0.5,7004693,7.859053892247817
tensor,model.language_model.layers.17.mlp.down_proj,0xa,-1.0,6527102,7.3232112211339615
tensor,model.language_model.layers.17.mlp.down_proj,0xb,-1.5,5884244,6.6019439697265625
tensor,model.language_model.layers.17.mlp.down_proj,0xc,-2.0,6692119,7.5083553089815025
tensor,model.language_model.layers.17.mlp.down_proj,0xd,-3.0,6605858,7.411573073443244
tensor,model.language_model.layers.17.mlp.down_proj,0xe,-4.0,5506549,6.178181592155905
tensor,model.language_model.layers.17.mlp.down_proj,0xf,-6.0,2814929,3.158265282126034
tensor,model.language_model.layers.17.mlp.gate_proj,0x0,0.0,3497078,3.923615848316866
tensor,model.language_model.layers.17.mlp.gate_proj,0x1,0.5,6957989,7.806653415455537
tensor,model.language_model.layers.17.mlp.gate_proj,0x2,1.0,6491521,7.283290414249196
tensor,model.language_model.layers.17.mlp.gate_proj,0x3,1.5,5910040,6.630886302274816
tensor,model.language_model.layers.17.mlp.gate_proj,0x4,2.0,6668544,7.481904871323529
tensor,model.language_model.layers.17.mlp.gate_proj,0x5,3.0,6677149,7.491559421314912
tensor,model.language_model.layers.17.mlp.gate_proj,0x6,4.0,5560020,6.2381744384765625
tensor,model.language_model.layers.17.mlp.gate_proj,0x7,6.0,2845833,3.192938636330997
tensor,model.language_model.layers.17.mlp.gate_proj,0x8,-0.0,3501345,3.9284032933852253
tensor,model.language_model.layers.17.mlp.gate_proj,0x9,-0.5,6955203,7.803527607637293
tensor,model.language_model.layers.17.mlp.gate_proj,0xa,-1.0,6482356,7.273007561178768
tensor,model.language_model.layers.17.mlp.gate_proj,0xb,-1.5,5901086,6.620840184828815
tensor,model.language_model.layers.17.mlp.gate_proj,0xc,-2.0,6653877,7.465448940501494
tensor,model.language_model.layers.17.mlp.gate_proj,0xd,-3.0,6652822,7.4642652623793655
tensor,model.language_model.layers.17.mlp.gate_proj,0xe,-4.0,5541166,6.217020820168888
tensor,model.language_model.layers.17.mlp.gate_proj,0xf,-6.0,2832931,3.1784629821777344
tensor,model.language_model.layers.17.mlp.up_proj,0x0,0.0,3512756,3.941206090590533
tensor,model.language_model.layers.17.mlp.up_proj,0x1,0.5,6978454,7.829614527085248
tensor,model.language_model.layers.17.mlp.up_proj,0x2,1.0,6496166,7.28850196389591
tensor,model.language_model.layers.17.mlp.up_proj,0x3,1.5,5905549,6.625847535974839
tensor,model.language_model.layers.17.mlp.up_proj,0x4,2.0,6645959,7.4565651837517235
tensor,model.language_model.layers.17.mlp.up_proj,0x5,3.0,6655861,7.467674928552964
tensor,model.language_model.layers.17.mlp.up_proj,0x6,4.0,5530642,6.205213210161994
tensor,model.language_model.layers.17.mlp.up_proj,0x7,6.0,2832357,3.177818971521714
tensor,model.language_model.layers.17.mlp.up_proj,0x8,-0.0,3513806,3.942384158863741
tensor,model.language_model.layers.17.mlp.up_proj,0x9,-0.5,6972878,7.823358423569623
tensor,model.language_model.layers.17.mlp.up_proj,0xa,-1.0,6494608,7.286753934972427
tensor,model.language_model.layers.17.mlp.up_proj,0xb,-1.5,5907701,6.628262014950023
tensor,model.language_model.layers.17.mlp.up_proj,0xc,-2.0,6656668,7.4685803581686585
tensor,model.language_model.layers.17.mlp.up_proj,0xd,-3.0,6655278,7.467020820168888
tensor,model.language_model.layers.17.mlp.up_proj,0xe,-4.0,5536311,6.211573656867532
tensor,model.language_model.layers.17.mlp.up_proj,0xf,-6.0,2833966,3.179624220904182
tensor,model.language_model.layers.18.mlp.down_proj,0x0,0.0,3603545,4.0430686053107765
tensor,model.language_model.layers.18.mlp.down_proj,0x1,0.5,7137389,8.007934794706458
tensor,model.language_model.layers.18.mlp.down_proj,0x2,1.0,6571212,7.372701308306525
tensor,model.language_model.layers.18.mlp.down_proj,0x3,1.5,5943658,6.668604682473576
tensor,model.language_model.layers.18.mlp.down_proj,0x4,2.0,6573171,7.3748992471133965
tensor,model.language_model.layers.18.mlp.down_proj,0x5,3.0,6517295,7.312208063462201
tensor,model.language_model.layers.18.mlp.down_proj,0x6,4.0,5381729,6.038137323716107
tensor,model.language_model.layers.18.mlp.down_proj,0x7,6.0,2836269,3.182208117316751
tensor,model.language_model.layers.18.mlp.down_proj,0x8,-0.0,3607965,4.048027711756089
tensor,model.language_model.layers.18.mlp.down_proj,0x9,-0.5,7130945,8.000704821418314
tensor,model.language_model.layers.18.mlp.down_proj,0xa,-1.0,6573915,7.375733992632697
tensor,model.language_model.layers.18.mlp.down_proj,0xb,-1.5,5947798,6.6732496373793655
tensor,model.language_model.layers.18.mlp.down_proj,0xc,-2.0,6572048,7.373639275045956
tensor,model.language_model.layers.18.mlp.down_proj,0xd,-3.0,6515036,7.309673533720129
tensor,model.language_model.layers.18.mlp.down_proj,0xe,-4.0,5382532,6.039038265452666
tensor,model.language_model.layers.18.mlp.down_proj,0xf,-6.0,2834453,3.1801706201889934
tensor,model.language_model.layers.18.mlp.gate_proj,0x0,0.0,3535192,3.966378604664522
tensor,model.language_model.layers.18.mlp.gate_proj,0x1,0.5,7012854,7.868210287655101
tensor,model.language_model.layers.18.mlp.gate_proj,0x2,1.0,6509645,7.303624994614545
tensor,model.language_model.layers.18.mlp.gate_proj,0x3,1.5,5940889,6.665497948141659
tensor,model.language_model.layers.18.mlp.gate_proj,0x4,2.0,6640515,7.450457180247588
tensor,model.language_model.layers.18.mlp.gate_proj,0x5,3.0,6639427,7.449236477122588
tensor,model.language_model.layers.18.mlp.gate_proj,0x6,4.0,5490523,6.160200904397404
tensor,model.language_model.layers.18.mlp.gate_proj,0x7,6.0,2813115,3.156230028937845
tensor,model.language_model.layers.18.mlp.gate_proj,0x8,-0.0,3536257,3.96757350248449
tensor,model.language_model.layers.18.mlp.gate_proj,0x9,-0.5,7020542,7.876835991354549
tensor,model.language_model.layers.18.mlp.gate_proj,0xa,-1.0,6515177,7.309831731459674
tensor,model.language_model.layers.18.mlp.gate_proj,0xb,-1.5,5937906,6.662151112275965
tensor,model.language_model.layers.18.mlp.gate_proj,0xc,-2.0,6630925,7.439697490018957
tensor,model.language_model.layers.18.mlp.gate_proj,0xd,-3.0,6623088,7.430904612821691
tensor,model.language_model.layers.18.mlp.gate_proj,0xe,-4.0,5477950,6.146094378303079
tensor,model.language_model.layers.18.mlp.gate_proj,0xf,-6.0,2804955,3.147074755500345
tensor,model.language_model.layers.18.mlp.up_proj,0x0,0.0,3536653,3.9680178025189567
tensor,model.language_model.layers.18.mlp.up_proj,0x1,0.5,7022694,7.879250470329733
tensor,model.language_model.layers.18.mlp.up_proj,0x2,1.0,6521828,7.317293952493107
tensor,model.language_model.layers.18.mlp.up_proj,0x3,1.5,5940947,6.665563022389131
tensor,model.language_model.layers.18.mlp.up_proj,0x4,2.0,6634434,7.4436344819910385
tensor,model.language_model.layers.18.mlp.up_proj,0x5,3.0,6619128,7.426461612477022
tensor,model.language_model.layers.18.mlp.up_proj,0x6,4.0,5480848,6.149345846737132
tensor,model.language_model.layers.18.mlp.up_proj,0x7,6.0,2810745,3.153570960549747
tensor,model.language_model.layers.18.mlp.up_proj,0x8,-0.0,3538714,3.9703301822437957
tensor,model.language_model.layers.18.mlp.up_proj,0x9,-0.5,7028608,7.885885799632353
tensor,model.language_model.layers.18.mlp.up_proj,0xa,-1.0,6521462,7.31688331155216
tensor,model.language_model.layers.18.mlp.up_proj,0xb,-1.5,5937584,6.6617898380055145
tensor,model.language_model.layers.18.mlp.up_proj,0xc,-2.0,6629583,7.438191806568819
tensor,model.language_model.layers.18.mlp.up_proj,0xd,-3.0,6621048,7.428615794462316
tensor,model.language_model.layers.18.mlp.up_proj,0xe,-4.0,5471963,6.139377145206227
tensor,model.language_model.layers.18.mlp.up_proj,0xf,-6.0,2812721,3.155787972842946
tensor,model.language_model.layers.19.mlp.down_proj,0x0,0.0,3554539,3.988085354075712
tensor,model.language_model.layers.19.mlp.down_proj,0x1,0.5,7054212,7.914612713982077
tensor,model.language_model.layers.19.mlp.down_proj,0x2,1.0,6535117,7.33220380895278
tensor,model.language_model.layers.19.mlp.down_proj,0x3,1.5,5930768,6.654142491957721
tensor,model.language_model.layers.19.mlp.down_proj,0x4,2.0,6635576,7.444915771484375
tensor,model.language_model.layers.19.mlp.down_proj,0x5,3.0,6583275,7.386235629811006
tensor,model.language_model.layers.19.mlp.down_proj,0x6,4.0,5448586,6.113148857565487
tensor,model.language_model.layers.19.mlp.down_proj,0x7,6.0,2812921,3.156012366799747
tensor,model.language_model.layers.19.mlp.down_proj,0x8,-0.0,3552619,3.9859311720904183
tensor,model.language_model.layers.19.mlp.down_proj,0x9,-0.5,7052714,7.9129320032456345
tensor,model.language_model.layers.19.mlp.down_proj,0xa,-1.0,6538246,7.33571445240694
tensor,model.language_model.layers.19.mlp.down_proj,0xb,-1.5,5936410,6.66047264547909
tensor,model.language_model.layers.19.mlp.down_proj,0xc,-2.0,6640711,7.4506770863252525
tensor,model.language_model.layers.19.mlp.down_proj,0xd,-3.0,6589363,7.393066181856043
tensor,model.language_model.layers.19.mlp.down_proj,0xe,-4.0,5451887,6.116852479822495
tensor,model.language_model.layers.19.mlp.down_proj,0xf,-6.0,2812016,3.1549969841452206
tensor,model.language_model.layers.19.mlp.gate_proj,0x0,0.0,3504230,3.9316401762120865
tensor,model.language_model.layers.19.mlp.gate_proj,0x1,0.5,6923293,7.767725551829619
tensor,model.language_model.layers.19.mlp.gate_proj,0x2,1.0,6520825,7.3161686167997475
tensor,model.language_model.layers.19.mlp.gate_proj,0x3,1.5,5885296,6.603124281939338
tensor,model.language_model.layers.19.mlp.gate_proj,0x4,2.0,6692945,7.509282056023093
tensor,model.language_model.layers.19.mlp.gate_proj,0x5,3.0,6676531,7.4908660439883965
tensor,model.language_model.layers.19.mlp.gate_proj,0x6,4.0,5569623,6.248948714312385
tensor,model.language_model.layers.19.mlp.gate_proj,0x7,6.0,2839760,3.1861249138327206
tensor,model.language_model.layers.19.mlp.gate_proj,0x8,-0.0,3504231,3.9316412981818702
tensor,model.language_model.layers.19.mlp.gate_proj,0x9,-0.5,6921813,7.766065036549287
tensor,model.language_model.layers.19.mlp.gate_proj,0xa,-1.0,6516742,7.311587614171645
tensor,model.language_model.layers.19.mlp.gate_proj,0xb,-1.5,5878092,6.59504161161535
tensor,model.language_model.layers.19.mlp.gate_proj,0xc,-2.0,6678194,7.492731879739201
tensor,model.language_model.layers.19.mlp.gate_proj,0xd,-3.0,6652801,7.4642417010139015
tensor,model.language_model.layers.19.mlp.gate_proj,0xe,-4.0,5543317,6.219434177174287
tensor,model.language_model.layers.19.mlp.gate_proj,0xf,-6.0,2821267,3.1653763266170727
tensor,model.language_model.layers.19.mlp.up_proj,0x0,0.0,3529041,3.9594773685230926
tensor,model.language_model.layers.19.mlp.up_proj,0x1,0.5,6965558,7.81514560475069
tensor,model.language_model.layers.19.mlp.up_proj,0x2,1.0,6533708,7.330622953527114
tensor,model.language_model.layers.19.mlp.up_proj,0x3,1.5,5889528,6.607872458065257
tensor,model.language_model.layers.19.mlp.up_proj,0x4,2.0,6664239,7.4770747914033775
tensor,model.language_model.layers.19.mlp.up_proj,0x5,3.0,6629771,7.438402736888213
tensor,model.language_model.layers.19.mlp.up_proj,0x6,4.0,5526973,6.201096703024471
tensor,model.language_model.layers.19.mlp.up_proj,0x7,6.0,2823415,3.1677863177131202
tensor,model.language_model.layers.19.mlp.up_proj,0x8,-0.0,3527147,3.9573523577521827
tensor,model.language_model.layers.19.mlp.up_proj,0x9,-0.5,6965329,7.8148886736701515
tensor,model.language_model.layers.19.mlp.up_proj,0xa,-1.0,6538238,7.335705476648667
tensor,model.language_model.layers.19.mlp.up_proj,0xb,-1.5,5887229,6.6052930495318245
tensor,model.language_model.layers.19.mlp.up_proj,0xc,-2.0,6669798,7.483311821432674
tensor,model.language_model.layers.19.mlp.up_proj,0xd,-3.0,6628681,7.437179789823644
tensor,model.language_model.layers.19.mlp.up_proj,0xe,-4.0,5528319,6.202606874353745
tensor,model.language_model.layers.19.mlp.up_proj,0xf,-6.0,2821986,3.166183022891774
tensor,model.language_model.layers.2.mlp.down_proj,0x0,0.0,3516642,3.9455660651711857
tensor,model.language_model.layers.2.mlp.down_proj,0x1,0.5,6992081,7.844903609331916
tensor,model.language_model.layers.2.mlp.down_proj,0x2,1.0,6511718,7.305950837976792
tensor,model.language_model.layers.2.mlp.down_proj,0x3,1.5,5906728,6.627170338350184
tensor,model.language_model.layers.2.mlp.down_proj,0x4,2.0,6666897,7.480056987089269
tensor,model.language_model.layers.2.mlp.down_proj,0x5,3.0,6615363,7.422237396240234
tensor,model.language_model.layers.2.mlp.down_proj,0x6,4.0,5525639,6.199599995332606
tensor,model.language_model.layers.2.mlp.down_proj,0x7,6.0,2831521,3.176881004782284
tensor,model.language_model.layers.2.mlp.down_proj,0x8,-0.0,3519431,3.9486952388987824
tensor,model.language_model.layers.2.mlp.down_proj,0x9,-0.5,6994032,7.8470925723805145
tensor,model.language_model.layers.2.mlp.down_proj,0xa,-1.0,6507348,7.30104783002068
tensor,model.language_model.layers.2.mlp.down_proj,0xb,-1.5,5899162,6.6186815149643845
tensor,model.language_model.layers.2.mlp.down_proj,0xc,-2.0,6666525,7.479639614329619
tensor,model.language_model.layers.2.mlp.down_proj,0xd,-3.0,6619190,7.426531174603631
tensor,model.language_model.layers.2.mlp.down_proj,0xe,-4.0,5527176,6.201324462890625
tensor,model.language_model.layers.2.mlp.down_proj,0xf,-6.0,2829507,3.1746213576372933
tensor,model.language_model.layers.2.mlp.gate_proj,0x0,0.0,3482378,3.907122892491958
tensor,model.language_model.layers.2.mlp.gate_proj,0x1,0.5,6945214,7.792320251464844
tensor,model.language_model.layers.2.mlp.gate_proj,0x2,1.0,6457530,7.245153539321002
tensor,model.language_model.layers.2.mlp.gate_proj,0x3,1.5,5918088,6.639915915096507
tensor,model.language_model.layers.2.mlp.gate_proj,0x4,2.0,6638813,7.448547587675207
tensor,model.language_model.layers.2.mlp.gate_proj,0x5,3.0,6678738,7.493342231301701
tensor,model.language_model.layers.2.mlp.gate_proj,0x6,4.0,5572375,6.2520363751579735
tensor,model.language_model.layers.2.mlp.gate_proj,0x7,6.0,2857220,3.205714506261489
tensor,model.language_model.layers.2.mlp.gate_proj,0x8,-0.0,3486851,3.9121414633358227
tensor,model.language_model.layers.2.mlp.gate_proj,0x9,-0.5,6948611,7.796131582821117
tensor,model.language_model.layers.2.mlp.gate_proj,0xa,-1.0,6465590,7.254196615780101
tensor,model.language_model.layers.2.mlp.gate_proj,0xb,-1.5,5923071,6.645506690530216
tensor,model.language_model.layers.2.mlp.gate_proj,0xc,-2.0,6638998,7.448755152085248
tensor,model.language_model.layers.2.mlp.gate_proj,0xd,-3.0,6681362,7.496286280014935
tensor,model.language_model.layers.2.mlp.gate_proj,0xe,-4.0,5574862,6.254826714010799
tensor,model.language_model.layers.2.mlp.gate_proj,0xf,-6.0,2859259,3.20800220265108
tensor,model.language_model.layers.2.mlp.up_proj,0x0,0.0,3499656,3.9265082864200367
tensor,model.language_model.layers.2.mlp.up_proj,0x1,0.5,6965973,7.815611222211053
tensor,model.language_model.layers.2.mlp.up_proj,0x2,1.0,6474417,7.264100243063534
tensor,model.language_model.layers.2.mlp.up_proj,0x3,1.5,5911956,6.633035996380975
tensor,model.language_model.layers.2.mlp.up_proj,0x4,2.0,6632633,7.441613814410041
tensor,model.language_model.layers.2.mlp.up_proj,0x5,3.0,6662301,7.474900413961971
tensor,model.language_model.layers.2.mlp.up_proj,0x6,4.0,5557211,6.235022825353286
tensor,model.language_model.layers.2.mlp.up_proj,0x7,6.0,2857649,3.206195831298828
tensor,model.language_model.layers.2.mlp.up_proj,0x8,-0.0,3501953,3.9290854510139015
tensor,model.language_model.layers.2.mlp.up_proj,0x9,-0.5,6969865,7.819977928610409
tensor,model.language_model.layers.2.mlp.up_proj,0xa,-1.0,6475223,7.265004550709444
tensor,model.language_model.layers.2.mlp.up_proj,0xb,-1.5,5915206,6.636682398178998
tensor,model.language_model.layers.2.mlp.up_proj,0xc,-2.0,6633695,7.442805346320657
tensor,model.language_model.layers.2.mlp.up_proj,0xd,-3.0,6664062,7.476876202751608
tensor,model.language_model.layers.2.mlp.up_proj,0xe,-4.0,5550155,6.22710620655733
tensor,model.language_model.layers.2.mlp.up_proj,0xf,-6.0,2857005,3.2054732827579273
tensor,model.language_model.layers.20.mlp.down_proj,0x0,0.0,3525385,3.955375446992762
tensor,model.language_model.layers.20.mlp.down_proj,0x1,0.5,7003242,7.857425914091222
tensor,model.language_model.layers.20.mlp.down_proj,0x2,1.0,6513534,7.307988335104549
tensor,model.language_model.layers.20.mlp.down_proj,0x3,1.5,5920111,6.642185659969554
tensor,model.language_model.layers.20.mlp.down_proj,0x4,2.0,6631694,7.440560284782858
tensor,model.language_model.layers.20.mlp.down_proj,0x5,3.0,6613948,7.420649808995864
tensor,model.language_model.layers.20.mlp.down_proj,0x6,4.0,5503237,6.174465628231273
tensor,model.language_model.layers.20.mlp.down_proj,0x7,6.0,2847676,3.195006426642923
tensor,model.language_model.layers.20.mlp.down_proj,0x8,-0.0,3526721,3.956874398624196
tensor,model.language_model.layers.20.mlp.down_proj,0x9,-0.5,7004461,7.858793595257928
tensor,model.language_model.layers.20.mlp.down_proj,0xa,-1.0,6516184,7.310961555032169
tensor,model.language_model.layers.20.mlp.down_proj,0xb,-1.5,5920069,6.642138537238626
tensor,model.language_model.layers.20.mlp.down_proj,0xc,-2.0,6633454,7.4425349516027115
tensor,model.language_model.layers.20.mlp.down_proj,0xd,-3.0,6623804,7.431707943187041
tensor,model.language_model.layers.20.mlp.down_proj,0xe,-4.0,5500240,6.171103084788603
tensor,model.language_model.layers.20.mlp.down_proj,0xf,-6.0,2845200,3.1922284294577206
tensor,model.language_model.layers.20.mlp.gate_proj,0x0,0.0,3499257,3.9260606204762176
tensor,model.language_model.layers.20.mlp.gate_proj,0x1,0.5,6955598,7.803970785701976
tensor,model.language_model.layers.20.mlp.gate_proj,0x2,1.0,6487314,7.278570287367877
tensor,model.language_model.layers.20.mlp.gate_proj,0x3,1.5,5919938,6.641991559196921
tensor,model.language_model.layers.20.mlp.gate_proj,0x4,2.0,6681277,7.496190912583295
tensor,model.language_model.layers.20.mlp.gate_proj,0x5,3.0,6684735,7.500070684096393
tensor,model.language_model.layers.20.mlp.gate_proj,0x6,4.0,5538412,6.213930915383732
tensor,model.language_model.layers.20.mlp.gate_proj,0x7,6.0,2805852,3.148081162396599
tensor,model.language_model.layers.20.mlp.gate_proj,0x8,-0.0,3500636,3.927607816808364
tensor,model.language_model.layers.20.mlp.gate_proj,0x9,-0.5,6950765,7.798548305735869
tensor,model.language_model.layers.20.mlp.gate_proj,0xa,-1.0,6494953,7.287141014547909
tensor,model.language_model.layers.20.mlp.gate_proj,0xb,-1.5,5918887,6.640812368953929
tensor,model.language_model.layers.20.mlp.gate_proj,0xc,-2.0,6677957,7.492465972900391
tensor,model.language_model.layers.20.mlp.gate_proj,0xd,-3.0,6678935,7.49356325934915
tensor,model.language_model.layers.20.mlp.gate_proj,0xe,-4.0,5534137,6.2091344945571
tensor,model.language_model.layers.20.mlp.gate_proj,0xf,-6.0,2800307,3.1418598399442783
tensor,model.language_model.layers.20.mlp.up_proj,0x0,0.0,3533088,3.9640179802389706
tensor,model.language_model.layers.20.mlp.up_proj,0x1,0.5,7006210,7.860755920410156
tensor,model.language_model.layers.20.mlp.up_proj,0x2,1.0,6517526,7.312467238482307
tensor,model.language_model.layers.20.mlp.up_proj,0x3,1.5,5925303,6.64801092708812
tensor,model.language_model.layers.20.mlp.up_proj,0x4,2.0,6649372,7.460394466624541
tensor,model.language_model.layers.20.mlp.up_proj,0x5,3.0,6632206,7.44113473331227
tensor,model.language_model.layers.20.mlp.up_proj,0x6,4.0,5497101,6.1675812216366035
tensor,model.language_model.layers.20.mlp.up_proj,0x7,6.0,2802706,3.1445514454561123
tensor,model.language_model.layers.20.mlp.up_proj,0x8,-0.0,3529769,3.9602941625258503
tensor,model.language_model.layers.20.mlp.up_proj,0x9,-0.5,7007913,7.862666634952321
tensor,model.language_model.layers.20.mlp.up_proj,0xa,-1.0,6516335,7.311130972469554
tensor,model.language_model.layers.20.mlp.up_proj,0xb,-1.5,5922439,6.6447976056267235
tensor,model.language_model.layers.20.mlp.up_proj,0xc,-2.0,6655789,7.467594146728516
tensor,model.language_model.layers.20.mlp.up_proj,0xd,-3.0,6635375,7.44469025555779
tensor,model.language_model.layers.20.mlp.up_proj,0xe,-4.0,5496357,6.166746476117303
tensor,model.language_model.layers.20.mlp.up_proj,0xf,-6.0,2801471,3.143165812772863
tensor,model.language_model.layers.21.mlp.down_proj,0x0,0.0,3525637,3.9556581833783317
tensor,model.language_model.layers.21.mlp.down_proj,0x1,0.5,7008133,7.862913468304803
tensor,model.language_model.layers.21.mlp.down_proj,0x2,1.0,6515840,7.310575597426471
tensor,model.language_model.layers.21.mlp.down_proj,0x3,1.5,5944201,6.669213912066291
tensor,model.language_model.layers.21.mlp.down_proj,0x4,2.0,6641370,7.4514164644129135
tensor,model.language_model.layers.21.mlp.down_proj,0x5,3.0,6638349,7.448026993695428
tensor,model.language_model.layers.21.mlp.down_proj,0x6,4.0,5482186,6.1508470423081345
tensor,model.language_model.layers.21.mlp.down_proj,0x7,6.0,2804120,3.1461379107306984
tensor,model.language_model.layers.21.mlp.down_proj,0x8,-0.0,3525985,3.9560486288631664
tensor,model.language_model.layers.21.mlp.down_proj,0x9,-0.5,7008607,7.863445281982422
tensor,model.language_model.layers.21.mlp.down_proj,0xa,-1.0,6517900,7.312886855181525
tensor,model.language_model.layers.21.mlp.down_proj,0xb,-1.5,5945558,6.67073642506319
tensor,model.language_model.layers.21.mlp.down_proj,0xc,-2.0,6640375,7.450300104477826
tensor,model.language_model.layers.21.mlp.down_proj,0xd,-3.0,6642717,7.452927757711971
tensor,model.language_model.layers.21.mlp.down_proj,0xe,-4.0,5485062,6.15407382740694
tensor,model.language_model.layers.21.mlp.down_proj,0xf,-6.0,2802920,3.1447915469898895
tensor,model.language_model.layers.21.mlp.gate_proj,0x0,0.0,3497915,3.92455493702608
tensor,model.language_model.layers.21.mlp.gate_proj,0x1,0.5,6972742,7.823205835678998
tensor,model.language_model.layers.21.mlp.gate_proj,0x2,1.0,6488527,7.2799312367158775
tensor,model.language_model.layers.21.mlp.gate_proj,0x3,1.5,5929061,6.65222728953642
tensor,model.language_model.layers.21.mlp.gate_proj,0x4,2.0,6670033,7.483575484331916
tensor,model.language_model.layers.21.mlp.gate_proj,0x5,3.0,6680414,7.495222652659697
tensor,model.language_model.layers.21.mlp.gate_proj,0x6,4.0,5541178,6.217034283806296
tensor,model.language_model.layers.21.mlp.gate_proj,0x7,6.0,2809258,3.1519025914809284
tensor,model.language_model.layers.21.mlp.gate_proj,0x8,-0.0,3500659,3.927633622113396
tensor,model.language_model.layers.21.mlp.gate_proj,0x9,-0.5,6971614,7.821940253762638
tensor,model.language_model.layers.21.mlp.gate_proj,0xa,-1.0,6484720,7.275659897748162
tensor,model.language_model.layers.21.mlp.gate_proj,0xb,-1.5,5927348,6.650305355296416
tensor,model.language_model.layers.21.mlp.gate_proj,0xc,-2.0,6662489,7.475111344281365
tensor,model.language_model.layers.21.mlp.gate_proj,0xd,-3.0,6668200,7.481518913717831
tensor,model.language_model.layers.21.mlp.gate_proj,0xe,-4.0,5525413,6.19934643016142
tensor,model.language_model.layers.21.mlp.gate_proj,0xf,-6.0,2799389,3.1408298716825596
tensor,model.language_model.layers.21.mlp.up_proj,0x0,0.0,3528478,3.9588456995346966
tensor,model.language_model.layers.21.mlp.up_proj,0x1,0.5,7017972,7.87395252900965
tensor,model.language_model.layers.21.mlp.up_proj,0x2,1.0,6512785,7.307147979736328
tensor,model.language_model.layers.21.mlp.up_proj,0x3,1.5,5930650,6.654010099523208
tensor,model.language_model.layers.21.mlp.up_proj,0x4,2.0,6643551,7.453863480511834
tensor,model.language_model.layers.21.mlp.up_proj,0x5,3.0,6626981,7.435272441190832
tensor,model.language_model.layers.21.mlp.up_proj,0x6,4.0,5490509,6.160185196820428
tensor,model.language_model.layers.21.mlp.up_proj,0x7,6.0,2809428,3.1520933263442097
tensor,model.language_model.layers.21.mlp.up_proj,0x8,-0.0,3531145,3.9618379929486442
tensor,model.language_model.layers.21.mlp.up_proj,0x9,-0.5,7021578,7.877998352050781
tensor,model.language_model.layers.21.mlp.up_proj,0xa,-1.0,6512507,7.306836072136374
tensor,model.language_model.layers.21.mlp.up_proj,0xb,-1.5,5929124,6.6522979736328125
tensor,model.language_model.layers.21.mlp.up_proj,0xc,-2.0,6641203,7.451229095458984
tensor,model.language_model.layers.21.mlp.up_proj,0xd,-3.0,6630938,7.439712075626149
tensor,model.language_model.layers.21.mlp.up_proj,0xe,-4.0,5493047,6.163032756132238
tensor,model.language_model.layers.21.mlp.up_proj,0xf,-6.0,2809064,3.151684929342831
tensor,model.language_model.layers.22.mlp.down_proj,0x0,0.0,3562379,3.99688159718233
tensor,model.language_model.layers.22.mlp.down_proj,0x1,0.5,7052020,7.9121533562155335
tensor,model.language_model.layers.22.mlp.down_proj,0x2,1.0,6538356,7.33583786908318
tensor,model.language_model.layers.22.mlp.down_proj,0x3,1.5,5936997,6.661131241742303
tensor,model.language_model.layers.22.mlp.down_proj,0x4,2.0,6628821,7.437336865593405
tensor,model.language_model.layers.22.mlp.down_proj,0x5,3.0,6598374,7.403176251579733
tensor,model.language_model.layers.22.mlp.down_proj,0x6,4.0,5447764,6.1122265984030335
tensor,model.language_model.layers.22.mlp.down_proj,0x7,6.0,2804890,3.147001827464384
tensor,model.language_model.layers.22.mlp.down_proj,0x8,-0.0,3558465,3.9924902074477253
tensor,model.language_model.layers.22.mlp.down_proj,0x9,-0.5,7052619,7.912825416116154
tensor,model.language_model.layers.22.mlp.down_proj,0xa,-1.0,6538868,7.3364123176125915
tensor,model.language_model.layers.22.mlp.down_proj,0xb,-1.5,5940941,6.665556290570428
tensor,model.language_model.layers.22.mlp.down_proj,0xc,-2.0,6631482,7.440322427188649
tensor,model.language_model.layers.22.mlp.down_proj,0xd,-3.0,6594489,7.398817398968865
tensor,model.language_model.layers.22.mlp.down_proj,0xe,-4.0,5441264,6.1049337948069855
tensor,model.language_model.layers.22.mlp.down_proj,0xf,-6.0,2801231,3.1428965400247013
tensor,model.language_model.layers.22.mlp.gate_proj,0x0,0.0,3510356,3.9385133631089153
tensor,model.language_model.layers.22.mlp.gate_proj,0x1,0.5,6981324,7.83283458036535
tensor,model.language_model.layers.22.mlp.gate_proj,0x2,1.0,6478271,7.2684243146110985
tensor,model.language_model.layers.22.mlp.gate_proj,0x3,1.5,5964067,6.691502963795381
tensor,model.language_model.layers.22.mlp.gate_proj,0x4,2.0,6648180,7.459057078642004
tensor,model.language_model.layers.22.mlp.gate_proj,0x5,3.0,6691933,7.508146622601678
tensor,model.language_model.layers.22.mlp.gate_proj,0x6,4.0,5528354,6.202646143296185
tensor,model.language_model.layers.22.mlp.gate_proj,0x7,6.0,2820845,3.1649028553682217
tensor,model.language_model.layers.22.mlp.gate_proj,0x8,-0.0,3509722,3.9378020342658546
tensor,model.language_model.layers.22.mlp.gate_proj,0x9,-0.5,6977576,7.8286294376148895
tensor,model.language_model.layers.22.mlp.gate_proj,0xa,-1.0,6472138,7.261543273925781
tensor,model.language_model.layers.22.mlp.gate_proj,0xb,-1.5,5954559,6.68083527508904
tensor,model.language_model.layers.22.mlp.gate_proj,0xc,-2.0,6628975,7.437509648940143
tensor,model.language_model.layers.22.mlp.gate_proj,0xd,-3.0,6665022,7.477953293744256
tensor,model.language_model.layers.22.mlp.gate_proj,0xe,-4.0,5499450,6.170216728659237
tensor,model.language_model.layers.22.mlp.gate_proj,0xf,-6.0,2798188,3.139482385971967
tensor,model.language_model.layers.22.mlp.up_proj,0x0,0.0,3551302,3.9844535378848804
tensor,model.language_model.layers.22.mlp.up_proj,0x1,0.5,7045026,7.904306299546185
tensor,model.language_model.layers.22.mlp.up_proj,0x2,1.0,6506921,7.300568748922909
tensor,model.language_model.layers.22.mlp.up_proj,0x3,1.5,5963306,6.690649144789752
tensor,model.language_model.layers.22.mlp.up_proj,0x4,2.0,6612801,7.419362909653607
tensor,model.language_model.layers.22.mlp.up_proj,0x5,3.0,6625622,7.4337476842543655
tensor,model.language_model.layers.22.mlp.up_proj,0x6,4.0,5463184,6.129527372472427
tensor,model.language_model.layers.22.mlp.up_proj,0x7,6.0,2806189,3.1484592662138096
tensor,model.language_model.layers.22.mlp.up_proj,0x8,-0.0,3548482,3.9812895830939796
tensor,model.language_model.layers.22.mlp.up_proj,0x9,-0.5,7045205,7.904507132137523
tensor,model.language_model.layers.22.mlp.up_proj,0xa,-1.0,6504973,7.298383151783662
tensor,model.language_model.layers.22.mlp.up_proj,0xb,-1.5,5959160,6.685997458065257
tensor,model.language_model.layers.22.mlp.up_proj,0xc,-2.0,6609376,7.415520163143382
tensor,model.language_model.layers.22.mlp.up_proj,0xd,-3.0,6621241,7.42883233463063
tensor,model.language_model.layers.22.mlp.up_proj,0xe,-4.0,5458822,6.1246333402745865
tensor,model.language_model.layers.22.mlp.up_proj,0xf,-6.0,2807350,3.149761873133042
tensor,model.language_model.layers.23.mlp.down_proj,0x0,0.0,3530186,3.9607620239257812
tensor,model.language_model.layers.23.mlp.down_proj,0x1,0.5,6994156,7.847231696633732
tensor,model.language_model.layers.23.mlp.down_proj,0x2,1.0,6533979,7.33092700733858
tensor,model.language_model.layers.23.mlp.down_proj,0x3,1.5,5912923,6.634120941162109
tensor,model.language_model.layers.23.mlp.down_proj,0x4,2.0,6643343,7.45363011079676
tensor,model.language_model.layers.23.mlp.down_proj,0x5,3.0,6608442,7.414472243365119
tensor,model.language_model.layers.23.mlp.down_proj,0x6,4.0,5494834,6.1650377161362595
tensor,model.language_model.layers.23.mlp.down_proj,0x7,6.0,2839284,3.185590856215533
tensor,model.language_model.layers.23.mlp.down_proj,0x8,-0.0,3531008,3.9616842830882355
tensor,model.language_model.layers.23.mlp.down_proj,0x9,-0.5,6997998,7.851542304543888
tensor,model.language_model.layers.23.mlp.down_proj,0xa,-1.0,6534300,7.331287159639246
tensor,model.language_model.layers.23.mlp.down_proj,0xb,-1.5,5919387,6.641373353845933
tensor,model.language_model.layers.23.mlp.down_proj,0xc,-2.0,6638971,7.44872485890108
tensor,model.language_model.layers.23.mlp.down_proj,0xd,-3.0,6612463,7.418983683866613
tensor,model.language_model.layers.23.mlp.down_proj,0xe,-4.0,5500243,6.171106450697955
tensor,model.language_model.layers.23.mlp.down_proj,0xf,-6.0,2837443,3.1835253098431755
tensor,model.language_model.layers.23.mlp.gate_proj,0x0,0.0,3510123,3.9382519441492416
tensor,model.language_model.layers.23.mlp.gate_proj,0x1,0.5,6964425,7.813874412985409
tensor,model.language_model.layers.23.mlp.gate_proj,0x2,1.0,6504167,7.2974788441377525
tensor,model.language_model.layers.23.mlp.gate_proj,0x3,1.5,5925114,6.647798874798943
tensor,model.language_model.layers.23.mlp.gate_proj,0x4,2.0,6673328,7.487272374770221
tensor,model.language_model.layers.23.mlp.gate_proj,0x5,3.0,6669145,7.482579175163718
tensor,model.language_model.layers.23.mlp.gate_proj,0x6,4.0,5536757,6.2120740553911995
tensor,model.language_model.layers.23.mlp.gate_proj,0x7,6.0,2812613,3.155666800106273
tensor,model.language_model.layers.23.mlp.gate_proj,0x8,-0.0,3504242,3.9316536398494946
tensor,model.language_model.layers.23.mlp.gate_proj,0x9,-0.5,6971638,7.821967181037454
tensor,model.language_model.layers.23.mlp.gate_proj,0xa,-1.0,6497232,7.289697983685662
tensor,model.language_model.layers.23.mlp.gate_proj,0xb,-1.5,5922322,6.644666335161994
tensor,model.language_model.layers.23.mlp.gate_proj,0xc,-2.0,6665874,7.47890921200023
tensor,model.language_model.layers.23.mlp.gate_proj,0xd,-3.0,6653830,7.465396207921645
tensor,model.language_model.layers.23.mlp.gate_proj,0xe,-4.0,5517839,6.1908486310173485
tensor,model.language_model.layers.23.mlp.gate_proj,0xf,-6.0,2800311,3.1418643278234146
tensor,model.language_model.layers.23.mlp.up_proj,0x0,0.0,3548636,3.981462366440717
tensor,model.language_model.layers.23.mlp.up_proj,0x1,0.5,7038795,7.897315305822036
tensor,model.language_model.layers.23.mlp.up_proj,0x2,1.0,6535727,7.332888210521025
tensor,model.language_model.layers.23.mlp.up_proj,0x3,1.5,5922724,6.645117367015166
tensor,model.language_model.layers.23.mlp.up_proj,0x4,2.0,6635808,7.4451760684742645
tensor,model.language_model.layers.23.mlp.up_proj,0x5,3.0,6597671,7.402387506821576
tensor,model.language_model.layers.23.mlp.up_proj,0x6,4.0,5470376,6.137596579159007
tensor,model.language_model.layers.23.mlp.up_proj,0x7,6.0,2813293,3.156429739559398
tensor,model.language_model.layers.23.mlp.up_proj,0x8,-0.0,3547412,3.980089075425092
tensor,model.language_model.layers.23.mlp.up_proj,0x9,-0.5,7036428,7.894659603343291
tensor,model.language_model.layers.23.mlp.up_proj,0xa,-1.0,6537948,7.335380105411305
tensor,model.language_model.layers.23.mlp.up_proj,0xb,-1.5,5926030,6.648826599121094
tensor,model.language_model.layers.23.mlp.up_proj,0xc,-2.0,6635255,7.444555619183709
tensor,model.language_model.layers.23.mlp.up_proj,0xd,-3.0,6595243,7.399663364186006
tensor,model.language_model.layers.23.mlp.up_proj,0xe,-4.0,5472296,6.139750761144302
tensor,model.language_model.layers.23.mlp.up_proj,0xf,-6.0,2815318,3.1587017283720127
tensor,model.language_model.layers.24.mlp.down_proj,0x0,0.0,3534612,3.965727862189798
tensor,model.language_model.layers.24.mlp.down_proj,0x1,0.5,7009925,7.864924038157744
tensor,model.language_model.layers.24.mlp.down_proj,0x2,1.0,6525161,7.321033477783203
tensor,model.language_model.layers.24.mlp.down_proj,0x3,1.5,5899110,6.6186231725356155
tensor,model.language_model.layers.24.mlp.down_proj,0x4,2.0,6648284,7.459173763499541
tensor,model.language_model.layers.24.mlp.down_proj,0x5,3.0,6595843,7.400336546056411
tensor,model.language_model.layers.24.mlp.down_proj,0x6,4.0,5500838,6.17177402271944
tensor,model.language_model.layers.24.mlp.down_proj,0x7,6.0,2850899,3.1986225352567783
tensor,model.language_model.layers.24.mlp.down_proj,0x8,-0.0,3530536,3.961154713350184
tensor,model.language_model.layers.24.mlp.down_proj,0x9,-0.5,7015725,7.871431462904987
tensor,model.language_model.layers.24.mlp.down_proj,0xa,-1.0,6524024,7.319757798138787
tensor,model.language_model.layers.24.mlp.down_proj,0xb,-1.5,5898902,6.618389802820542
tensor,model.language_model.layers.24.mlp.down_proj,0xc,-2.0,6648083,7.458948247572955
tensor,model.language_model.layers.24.mlp.down_proj,0xd,-3.0,6597491,7.402185552260455
tensor,model.language_model.layers.24.mlp.down_proj,0xe,-4.0,5500505,6.171400406781365
tensor,model.language_model.layers.24.mlp.down_proj,0xf,-6.0,2849022,3.1965165979721966
tensor,model.language_model.layers.24.mlp.gate_proj,0x0,0.0,3510294,3.938443800982307
tensor,model.language_model.layers.24.mlp.gate_proj,0x1,0.5,6991689,7.844463797176585
tensor,model.language_model.layers.24.mlp.gate_proj,0x2,1.0,6493769,7.285812602323644
tensor,model.language_model.layers.24.mlp.gate_proj,0x3,1.5,5920920,6.643093333524816
tensor,model.language_model.layers.24.mlp.gate_proj,0x4,2.0,6646683,7.457377489875345
tensor,model.language_model.layers.24.mlp.gate_proj,0x5,3.0,6646920,7.457643396714154
tensor,model.language_model.layers.24.mlp.gate_proj,0x6,4.0,5542165,6.218141667983112
tensor,model.language_model.layers.24.mlp.gate_proj,0x7,6.0,2859979,3.2088100208955654
tensor,model.language_model.layers.24.mlp.gate_proj,0x8,-0.0,3505731,3.9333242528578816
tensor,model.language_model.layers.24.mlp.gate_proj,0x9,-0.5,6984719,7.836643667782054
tensor,model.language_model.layers.24.mlp.gate_proj,0xa,-1.0,6483879,7.274716321159811
tensor,model.language_model.layers.24.mlp.gate_proj,0xb,-1.5,5912747,6.633923474480124
tensor,model.language_model.layers.24.mlp.gate_proj,0xc,-2.0,6639602,7.4494328218347885
tensor,model.language_model.layers.24.mlp.gate_proj,0xd,-3.0,6623511,7.431379206040326
tensor,model.language_model.layers.24.mlp.gate_proj,0xe,-4.0,5523308,6.196984683766084
tensor,model.language_model.layers.24.mlp.gate_proj,0xf,-6.0,2843044,3.189809462603401
tensor,model.language_model.layers.24.mlp.up_proj,0x0,0.0,3558087,3.9920661028693702
tensor,model.language_model.layers.24.mlp.up_proj,0x1,0.5,7065097,7.9268253550809975
tensor,model.language_model.layers.24.mlp.up_proj,0x2,1.0,6524743,7.320564494413488
tensor,model.language_model.layers.24.mlp.up_proj,0x3,1.5,5911873,6.6329428728889015
tensor,model.language_model.layers.24.mlp.up_proj,0x4,2.0,6607761,7.41370818194221
tensor,model.language_model.layers.24.mlp.up_proj,0x5,3.0,6569290,7.3705448823816635
tensor,model.language_model.layers.24.mlp.up_proj,0x6,4.0,5472883,6.140409357407513
tensor,model.language_model.layers.24.mlp.up_proj,0x7,6.0,2852499,3.2004176869111904
tensor,model.language_model.layers.24.mlp.up_proj,0x8,-0.0,3558536,3.9925698673023895
tensor,model.language_model.layers.24.mlp.up_proj,0x9,-0.5,7065028,7.9267479391659
tensor,model.language_model.layers.24.mlp.up_proj,0xa,-1.0,6528593,7.324884078081916
tensor,model.language_model.layers.24.mlp.up_proj,0xb,-1.5,5913141,6.634365530575023
tensor,model.language_model.layers.24.mlp.up_proj,0xc,-2.0,6606999,7.412853240966797
tensor,model.language_model.layers.24.mlp.up_proj,0xd,-3.0,6566318,7.367210388183594
tensor,model.language_model.layers.24.mlp.up_proj,0xe,-4.0,5471684,6.139064115636489
tensor,model.language_model.layers.24.mlp.up_proj,0xf,-6.0,2856428,3.2048259061925553
tensor,model.language_model.layers.25.mlp.down_proj,0x0,0.0,3532661,3.9635388991411995
tensor,model.language_model.layers.25.mlp.down_proj,0x1,0.5,7025695,7.88261750165154
tensor,model.language_model.layers.25.mlp.down_proj,0x2,1.0,6520141,7.315401189467487
tensor,model.language_model.layers.25.mlp.down_proj,0x3,1.5,5952229,6.678221085492303
tensor,model.language_model.layers.25.mlp.down_proj,0x4,2.0,6639065,7.4488303240607765
tensor,model.language_model.layers.25.mlp.down_proj,0x5,3.0,6622863,7.43065216962029
tensor,model.language_model.layers.25.mlp.down_proj,0x6,4.0,5466890,6.133685392491958
tensor,model.language_model.layers.25.mlp.down_proj,0x7,6.0,2804989,3.147112902473001
tensor,model.language_model.layers.25.mlp.down_proj,0x8,-0.0,3532780,3.9636724135454964
tensor,model.language_model.layers.25.mlp.down_proj,0x9,-0.5,7024480,7.881254308363971
tensor,model.language_model.layers.25.mlp.down_proj,0xa,-1.0,6522051,7.31754415175494
tensor,model.language_model.layers.25.mlp.down_proj,0xb,-1.5,5950178,6.675919925465303
tensor,model.language_model.layers.25.mlp.down_proj,0xc,-2.0,6643700,7.45403065400965
tensor,model.language_model.layers.25.mlp.down_proj,0xd,-3.0,6617020,7.424096500172334
tensor,model.language_model.layers.25.mlp.down_proj,0xe,-4.0,5469721,6.136861688950482
tensor,model.language_model.layers.25.mlp.down_proj,0xf,-6.0,2804497,3.1465608933392692
tensor,model.language_model.layers.25.mlp.gate_proj,0x0,0.0,3523495,3.953254924100988
tensor,model.language_model.layers.25.mlp.gate_proj,0x1,0.5,7006180,7.860722261316636
tensor,model.language_model.layers.25.mlp.gate_proj,0x2,1.0,6516693,7.3115326376522285
tensor,model.language_model.layers.25.mlp.gate_proj,0x3,1.5,5943669,6.6686170241411995
tensor,model.language_model.layers.25.mlp.gate_proj,0x4,2.0,6638746,7.448472415699678
tensor,model.language_model.layers.25.mlp.gate_proj,0x5,3.0,6636406,7.445847006405101
tensor,model.language_model.layers.25.mlp.gate_proj,0x6,4.0,5497205,6.167697906494141
tensor,model.language_model.layers.25.mlp.gate_proj,0x7,6.0,2829349,3.17444408641142
tensor,model.language_model.layers.25.mlp.gate_proj,0x8,-0.0,3524347,3.954210842356962
tensor,model.language_model.layers.25.mlp.gate_proj,0x9,-0.5,7008649,7.86349240471335
tensor,model.language_model.layers.25.mlp.gate_proj,0xa,-1.0,6510851,7.304978090174058
tensor,model.language_model.layers.25.mlp.gate_proj,0xb,-1.5,5943020,6.667888865751379
tensor,model.language_model.layers.25.mlp.gate_proj,0xc,-2.0,6631778,7.440654530244715
tensor,model.language_model.layers.25.mlp.gate_proj,0xd,-3.0,6620742,7.42827247170841
tensor,model.language_model.layers.25.mlp.gate_proj,0xe,-4.0,5481035,6.149555655086742
tensor,model.language_model.layers.25.mlp.gate_proj,0xf,-6.0,2816795,3.1603588777429916
tensor,model.language_model.layers.25.mlp.up_proj,0x0,0.0,3575277,4.011352763456457
tensor,model.language_model.layers.25.mlp.up_proj,0x1,0.5,7090771,7.955630807315602
tensor,model.language_model.layers.25.mlp.up_proj,0x2,1.0,6553361,7.35267302569221
tensor,model.language_model.layers.25.mlp.up_proj,0x3,1.5,5945819,6.671029259176815
tensor,model.language_model.layers.25.mlp.up_proj,0x4,2.0,6595017,7.399409799014821
tensor,model.language_model.layers.25.mlp.up_proj,0x5,3.0,6552093,7.351250368006089
tensor,model.language_model.layers.25.mlp.up_proj,0x6,4.0,5429850,6.092127631692326
tensor,model.language_model.layers.25.mlp.up_proj,0x7,6.0,2828696,3.1737114401424633
tensor,model.language_model.layers.25.mlp.up_proj,0x8,-0.0,3576193,4.012380487778607
tensor,model.language_model.layers.25.mlp.up_proj,0x9,-0.5,7080278,7.943857978372013
tensor,model.language_model.layers.25.mlp.up_proj,0xa,-1.0,6553810,7.35317679012523
tensor,model.language_model.layers.25.mlp.up_proj,0xb,-1.5,5944486,6.669533673454733
tensor,model.language_model.layers.25.mlp.up_proj,0xc,-2.0,6591506,7.395470563103171
tensor,model.language_model.layers.25.mlp.up_proj,0xd,-3.0,6557126,7.356897241928998
tensor,model.language_model.layers.25.mlp.up_proj,0xe,-4.0,5425781,6.0875623366411995
tensor,model.language_model.layers.25.mlp.up_proj,0xf,-6.0,2828896,3.1739358340992645
tensor,model.language_model.layers.26.mlp.down_proj,0x0,0.0,3552848,3.986188103170956
tensor,model.language_model.layers.26.mlp.down_proj,0x1,0.5,7038878,7.897408429314108
tensor,model.language_model.layers.26.mlp.down_proj,0x2,1.0,6550878,7.34988717471852
tensor,model.language_model.layers.26.mlp.down_proj,0x3,1.5,5937700,6.661919986500459
tensor,model.language_model.layers.26.mlp.down_proj,0x4,2.0,6623077,7.430892271154067
tensor,model.language_model.layers.26.mlp.down_proj,0x5,3.0,6577964,7.380276848288143
tensor,model.language_model.layers.26.mlp.down_proj,0x6,4.0,5454261,6.1195160360897285
tensor,model.language_model.layers.26.mlp.down_proj,0x7,6.0,2838989,3.185259875129251
tensor,model.language_model.layers.26.mlp.down_proj,0x8,-0.0,3552143,3.9853971144732308
tensor,model.language_model.layers.26.mlp.down_proj,0x9,-0.5,7044071,7.903234818402459
tensor,model.language_model.layers.26.mlp.down_proj,0xa,-1.0,6544947,7.343232771929572
tensor,model.language_model.layers.26.mlp.down_proj,0xb,-1.5,5935970,6.659978978774127
tensor,model.language_model.layers.26.mlp.down_proj,0xc,-2.0,6619780,7.427193136776195
tensor,model.language_model.layers.26.mlp.down_proj,0xd,-3.0,6570372,7.371758853687959
tensor,model.language_model.layers.26.mlp.down_proj,0xe,-4.0,5448212,6.112729240866268
tensor,model.language_model.layers.26.mlp.down_proj,0xf,-6.0,2838870,3.1851263607249543
tensor,model.language_model.layers.26.mlp.gate_proj,0x0,0.0,3529636,3.960144940544577
tensor,model.language_model.layers.26.mlp.gate_proj,0x1,0.5,7024935,7.881764804615694
tensor,model.language_model.layers.26.mlp.gate_proj,0x2,1.0,6519366,7.314531662884881
tensor,model.language_model.layers.26.mlp.gate_proj,0x3,1.5,5932945,6.656585020177505
tensor,model.language_model.layers.26.mlp.gate_proj,0x4,2.0,6629238,7.4378047269933365
tensor,model.language_model.layers.26.mlp.gate_proj,0x5,3.0,6620702,7.428227592917049
tensor,model.language_model.layers.26.mlp.gate_proj,0x6,4.0,5502887,6.17407293880687
tensor,model.language_model.layers.26.mlp.gate_proj,0x7,6.0,2853701,3.2017662945915673
tensor,model.language_model.layers.26.mlp.gate_proj,0x8,-0.0,3534364,3.965449613683364
tensor,model.language_model.layers.26.mlp.gate_proj,0x9,-0.5,7017357,7.873262517592487
tensor,model.language_model.layers.26.mlp.gate_proj,0xa,-1.0,6510918,7.3050532621495865
tensor,model.language_model.layers.26.mlp.gate_proj,0xb,-1.5,5923860,6.646391924689798
tensor,model.language_model.layers.26.mlp.gate_proj,0xc,-2.0,6614109,7.420830446131089
tensor,model.language_model.layers.26.mlp.gate_proj,0xd,-3.0,6599992,7.404991598690257
tensor,model.language_model.layers.26.mlp.gate_proj,0xe,-4.0,5476887,6.144901724422679
tensor,model.language_model.layers.26.mlp.gate_proj,0xf,-6.0,2838063,3.18422093110926
tensor,model.language_model.layers.26.mlp.up_proj,0x0,0.0,3586878,4.024368734920726
tensor,model.language_model.layers.26.mlp.up_proj,0x1,0.5,7111412,7.978789385627298
tensor,model.language_model.layers.26.mlp.up_proj,0x2,1.0,6559538,7.359603433048024
tensor,model.language_model.layers.26.mlp.up_proj,0x3,1.5,5928409,6.6514957652372475
tensor,model.language_model.layers.26.mlp.up_proj,0x4,2.0,6576675,7.378830629236558
tensor,model.language_model.layers.26.mlp.up_proj,0x5,3.0,6533716,7.330631929285386
tensor,model.language_model.layers.26.mlp.up_proj,0x6,4.0,5422048,6.0833740234375
tensor,model.language_model.layers.26.mlp.up_proj,0x7,6.0,2852064,3.199929630055147
tensor,model.language_model.layers.26.mlp.up_proj,0x8,-0.0,3586083,4.02347676894244
tensor,model.language_model.layers.26.mlp.up_proj,0x9,-0.5,7108624,7.9756613338694855
tensor,model.language_model.layers.26.mlp.up_proj,0xa,-1.0,6553596,7.352936688591452
tensor,model.language_model.layers.26.mlp.up_proj,0xb,-1.5,5925018,6.647691165699678
tensor,model.language_model.layers.26.mlp.up_proj,0xc,-2.0,6583087,7.386024699491613
tensor,model.language_model.layers.26.mlp.up_proj,0xd,-3.0,6533244,7.330102359547334
tensor,model.language_model.layers.26.mlp.up_proj,0xe,-4.0,5421861,6.083164215087891
tensor,model.language_model.layers.26.mlp.up_proj,0xf,-6.0,2846707,3.19391923792222
tensor,model.language_model.layers.27.mlp.down_proj,0x0,0.0,3544534,3.9768600463867188
tensor,model.language_model.layers.27.mlp.down_proj,0x1,0.5,7041619,7.900483748492072
tensor,model.language_model.layers.27.mlp.down_proj,0x2,1.0,6540809,7.33859006096335
tensor,model.language_model.layers.27.mlp.down_proj,0x3,1.5,5934737,6.658595590030446
tensor,model.language_model.layers.27.mlp.down_proj,0x4,2.0,6641000,7.451001335592831
tensor,model.language_model.layers.27.mlp.down_proj,0x5,3.0,6593886,7.398140851189108
tensor,model.language_model.layers.27.mlp.down_proj,0x6,4.0,5452150,6.11714755787569
tensor,model.language_model.layers.27.mlp.down_proj,0x7,6.0,2810649,3.1534632514504826
tensor,model.language_model.layers.27.mlp.down_proj,0x8,-0.0,3546054,3.97856544045841
tensor,model.language_model.layers.27.mlp.down_proj,0x9,-0.5,7036930,7.895222832174862
tensor,model.language_model.layers.27.mlp.down_proj,0xa,-1.0,6547304,7.345877254710478
tensor,model.language_model.layers.27.mlp.down_proj,0xb,-1.5,5936732,6.660833919749541
tensor,model.language_model.layers.27.mlp.down_proj,0xc,-2.0,6641231,7.451260510612936
tensor,model.language_model.layers.27.mlp.down_proj,0xd,-3.0,6592364,7.39643321317785
tensor,model.language_model.layers.27.mlp.down_proj,0xe,-4.0,5454438,6.119714624741498
tensor,model.language_model.layers.27.mlp.down_proj,0xf,-6.0,2814523,3.157809762393727
tensor,model.language_model.layers.27.mlp.gate_proj,0x0,0.0,3528857,3.9592709260828354
tensor,model.language_model.layers.27.mlp.gate_proj,0x1,0.5,6980657,7.832086226519416
tensor,model.language_model.layers.27.mlp.gate_proj,0x2,1.0,6535367,7.332484301398782
tensor,model.language_model.layers.27.mlp.gate_proj,0x3,1.5,5904919,6.625140695010915
tensor,model.language_model.layers.27.mlp.gate_proj,0x4,2.0,6655315,7.4670623330508965
tensor,model.language_model.layers.27.mlp.gate_proj,0x5,3.0,6618243,7.4254686692181755
tensor,model.language_model.layers.27.mlp.gate_proj,0x6,4.0,5521434,6.194882112390855
tensor,model.language_model.layers.27.mlp.gate_proj,0x7,6.0,2848811,3.196279862347771
tensor,model.language_model.layers.27.mlp.gate_proj,0x8,-0.0,3529402,3.9598823996151196
tensor,model.language_model.layers.27.mlp.gate_proj,0x9,-0.5,6975111,7.825863782097311
tensor,model.language_model.layers.27.mlp.gate_proj,0xa,-1.0,6528912,7.3252419864430145
tensor,model.language_model.layers.27.mlp.gate_proj,0xb,-1.5,5901650,6.621472975786994
tensor,model.language_model.layers.27.mlp.gate_proj,0xc,-2.0,6643047,7.453298007740694
tensor,model.language_model.layers.27.mlp.gate_proj,0xd,-3.0,6612375,7.41888495052562
tensor,model.language_model.layers.27.mlp.gate_proj,0xe,-4.0,5507710,6.179484199075138
tensor,model.language_model.layers.27.mlp.gate_proj,0xf,-6.0,2837150,3.1831965726964615
tensor,model.language_model.layers.27.mlp.up_proj,0x0,0.0,3582549,4.019511727725758
tensor,model.language_model.layers.27.mlp.up_proj,0x1,0.5,7065547,7.9273302414838005
tensor,model.language_model.layers.27.mlp.up_proj,0x2,1.0,6573772,7.375573550953584
tensor,model.language_model.layers.27.mlp.up_proj,0x3,1.5,5903572,6.623629401711857
tensor,model.language_model.layers.27.mlp.up_proj,0x4,2.0,6605928,7.411651611328125
tensor,model.language_model.layers.27.mlp.up_proj,0x5,3.0,6532382,7.32913522159352
tensor,model.language_model.layers.27.mlp.up_proj,0x6,4.0,5442516,6.1063385009765625
tensor,model.language_model.layers.27.mlp.up_proj,0x7,6.0,2854551,3.2027199689079735
tensor,model.language_model.layers.27.mlp.up_proj,0x8,-0.0,3584200,4.021364099839154
tensor,model.language_model.layers.27.mlp.up_proj,0x9,-0.5,7065783,7.927595026352826
tensor,model.language_model.layers.27.mlp.up_proj,0xa,-1.0,6576762,7.378928240607767
tensor,model.language_model.layers.27.mlp.up_proj,0xb,-1.5,5903020,6.623010074391084
tensor,model.language_model.layers.27.mlp.up_proj,0xc,-2.0,6610819,7.417139165541705
tensor,model.language_model.layers.27.mlp.up_proj,0xd,-3.0,6533318,7.330185385311351
tensor,model.language_model.layers.27.mlp.up_proj,0xe,-4.0,5444955,6.109074985279756
tensor,model.language_model.layers.27.mlp.up_proj,0xf,-6.0,2849286,3.196812797995175
tensor,model.language_model.layers.28.mlp.down_proj,0x0,0.0,3549125,3.9820110096650967
tensor,model.language_model.layers.28.mlp.down_proj,0x1,0.5,7048049,7.90769801420324
tensor,model.language_model.layers.28.mlp.down_proj,0x2,1.0,6522651,7.318217333625345
tensor,model.language_model.layers.28.mlp.down_proj,0x3,1.5,5937146,6.661298415240119
tensor,model.language_model.layers.28.mlp.down_proj,0x4,2.0,6610852,7.417176190544577
tensor,model.language_model.layers.28.mlp.down_proj,0x5,3.0,6595846,7.400339911965763
tensor,model.language_model.layers.28.mlp.down_proj,0x6,4.0,5457384,6.123019947725184
tensor,model.language_model.layers.28.mlp.down_proj,0x7,6.0,2842287,3.1889601314769074
tensor,model.language_model.layers.28.mlp.down_proj,0x8,-0.0,3542069,3.9740943908691406
tensor,model.language_model.layers.28.mlp.down_proj,0x9,-0.5,7055413,7.91596019969267
tensor,model.language_model.layers.28.mlp.down_proj,0xa,-1.0,6523609,7.319292180678424
tensor,model.language_model.layers.28.mlp.down_proj,0xb,-1.5,5934591,6.658431782441981
tensor,model.language_model.layers.28.mlp.down_proj,0xc,-2.0,6615155,7.422004026525161
tensor,model.language_model.layers.28.mlp.down_proj,0xd,-3.0,6599285,7.404198366052964
tensor,model.language_model.layers.28.mlp.down_proj,0xe,-4.0,5454540,6.1198290656594665
tensor,model.language_model.layers.28.mlp.down_proj,0xf,-6.0,2840958,3.1874690336339615
tensor,model.language_model.layers.28.mlp.gate_proj,0x0,0.0,3536577,3.967932532815372
tensor,model.language_model.layers.28.mlp.gate_proj,0x1,0.5,6985428,7.837439144358916
tensor,model.language_model.layers.28.mlp.gate_proj,0x2,1.0,6555998,7.355631660012638
tensor,model.language_model.layers.28.mlp.gate_proj,0x3,1.5,5894044,6.612939273609834
tensor,model.language_model.layers.28.mlp.gate_proj,0x4,2.0,6668452,7.4818016501034
tensor,model.language_model.layers.28.mlp.gate_proj,0x5,3.0,6612036,7.4185046027688415
tensor,model.language_model.layers.28.mlp.gate_proj,0x6,4.0,5502243,6.17335039026597
tensor,model.language_model.layers.28.mlp.gate_proj,0x7,6.0,2828992,3.1740435431985294
tensor,model.language_model.layers.28.mlp.gate_proj,0x8,-0.0,3536861,3.96825117223403
tensor,model.language_model.layers.28.mlp.gate_proj,0x9,-0.5,6986072,7.838161692899816
tensor,model.language_model.layers.28.mlp.gate_proj,0xa,-1.0,6557079,7.35684450934915
tensor,model.language_model.layers.28.mlp.gate_proj,0xb,-1.5,5892987,6.611753351548138
tensor,model.language_model.layers.28.mlp.gate_proj,0xc,-2.0,6664012,7.4768201042624085
tensor,model.language_model.layers.28.mlp.gate_proj,0xd,-3.0,6597684,7.402402092428768
tensor,model.language_model.layers.28.mlp.gate_proj,0xe,-4.0,5490278,6.159926021800322
tensor,model.language_model.layers.28.mlp.gate_proj,0xf,-6.0,2820217,3.164198258343865
tensor,model.language_model.layers.28.mlp.up_proj,0x0,0.0,3582235,4.01915942921358
tensor,model.language_model.layers.28.mlp.up_proj,0x1,0.5,7054372,7.914792229147518
tensor,model.language_model.layers.28.mlp.up_proj,0x2,1.0,6590546,7.394393472110524
tensor,model.language_model.layers.28.mlp.up_proj,0x3,1.5,5892198,6.610868117388557
tensor,model.language_model.layers.28.mlp.up_proj,0x4,2.0,6628285,7.436735489789178
tensor,model.language_model.layers.28.mlp.up_proj,0x5,3.0,6542236,7.340191111845129
tensor,model.language_model.layers.28.mlp.up_proj,0x6,4.0,5445471,6.109653921688304
tensor,model.language_model.layers.28.mlp.up_proj,0x7,6.0,2833670,3.179292117848116
tensor,model.language_model.layers.28.mlp.up_proj,0x8,-0.0,3581546,4.018386392032399
tensor,model.language_model.layers.28.mlp.up_proj,0x9,-0.5,7056057,7.916682748233571
tensor,model.language_model.layers.28.mlp.up_proj,0xa,-1.0,6588244,7.391810697667739
tensor,model.language_model.layers.28.mlp.up_proj,0xb,-1.5,5894865,6.613860410802505
tensor,model.language_model.layers.28.mlp.up_proj,0xc,-2.0,6620939,7.428493499755859
tensor,model.language_model.layers.28.mlp.up_proj,0xd,-3.0,6541651,7.339534759521484
tensor,model.language_model.layers.28.mlp.up_proj,0xe,-4.0,5443992,6.107994528377757
tensor,model.language_model.layers.28.mlp.up_proj,0xf,-6.0,2832653,3.17815107457778
tensor,model.language_model.layers.29.mlp.down_proj,0x0,0.0,3538261,3.9698219299316406
tensor,model.language_model.layers.29.mlp.down_proj,0x1,0.5,7030294,7.88777744068819
tensor,model.language_model.layers.29.mlp.down_proj,0x2,1.0,6529007,7.325348573572495
tensor,model.language_model.layers.29.mlp.down_proj,0x3,1.5,5918339,6.640197529512293
tensor,model.language_model.layers.29.mlp.down_proj,0x4,2.0,6631728,7.4405984317555145
tensor,model.language_model.layers.29.mlp.down_proj,0x5,3.0,6589525,7.393247940961053
tensor,model.language_model.layers.29.mlp.down_proj,0x6,4.0,5477398,6.145475050982307
tensor,model.language_model.layers.29.mlp.down_proj,0x7,6.0,2846529,3.1937195273006664
tensor,model.language_model.layers.29.mlp.down_proj,0x8,-0.0,3540049,3.971828011905446
tensor,model.language_model.layers.29.mlp.down_proj,0x9,-0.5,7028865,7.886174145866843
tensor,model.language_model.layers.29.mlp.down_proj,0xa,-1.0,6529942,7.326397615320542
tensor,model.language_model.layers.29.mlp.down_proj,0xb,-1.5,5917208,6.638928581686581
tensor,model.language_model.layers.29.mlp.down_proj,0xc,-2.0,6637559,7.447140637566061
tensor,model.language_model.layers.29.mlp.down_proj,0xd,-3.0,6592003,7.396028182085822
tensor,model.language_model.layers.29.mlp.down_proj,0xe,-4.0,5480901,6.149405311135685
tensor,model.language_model.layers.29.mlp.down_proj,0xf,-6.0,2841352,3.1879110897288605
tensor,model.language_model.layers.29.mlp.gate_proj,0x0,0.0,3545581,3.9780347487505745
tensor,model.language_model.layers.29.mlp.gate_proj,0x1,0.5,7043353,7.902429244097541
tensor,model.language_model.layers.29.mlp.gate_proj,0x2,1.0,6529380,7.32576706830193
tensor,model.language_model.layers.29.mlp.gate_proj,0x3,1.5,5976143,6.705051870907054
tensor,model.language_model.layers.29.mlp.gate_proj,0x4,2.0,6603500,7.408927468692555
tensor,model.language_model.layers.29.mlp.gate_proj,0x5,3.0,6616348,7.423342536477482
tensor,model.language_model.layers.29.mlp.gate_proj,0x6,4.0,5446349,6.110639011158662
tensor,model.language_model.layers.29.mlp.gate_proj,0x7,6.0,2820107,3.164074841667624
tensor,model.language_model.layers.29.mlp.gate_proj,0x8,-0.0,3544256,3.9765481387867645
tensor,model.language_model.layers.29.mlp.gate_proj,0x9,-0.5,7038018,7.896443535299862
tensor,model.language_model.layers.29.mlp.gate_proj,0xa,-1.0,6527517,7.3236768385943245
tensor,model.language_model.layers.29.mlp.gate_proj,0xb,-1.5,5972529,6.7009970721076515
tensor,model.language_model.layers.29.mlp.gate_proj,0xc,-2.0,6601484,7.406665577607996
tensor,model.language_model.layers.29.mlp.gate_proj,0xd,-3.0,6610155,7.416394177605124
tensor,model.language_model.layers.29.mlp.gate_proj,0xe,-4.0,5439351,6.102787466610179
tensor,model.language_model.layers.29.mlp.gate_proj,0xf,-6.0,2814889,3.1582204033346737
tensor,model.language_model.layers.29.mlp.up_proj,0x0,0.0,3586873,4.024363125071806
tensor,model.language_model.layers.29.mlp.up_proj,0x1,0.5,7096843,7.962443407844095
tensor,model.language_model.layers.29.mlp.up_proj,0x2,1.0,6558589,7.358538683723001
tensor,model.language_model.layers.29.mlp.up_proj,0x3,1.5,5972449,6.700907314524931
tensor,model.language_model.layers.29.mlp.up_proj,0x4,2.0,6581271,7.383987202363856
tensor,model.language_model.layers.29.mlp.up_proj,0x5,3.0,6565892,7.366732429055607
tensor,model.language_model.layers.29.mlp.up_proj,0x6,4.0,5396073,6.054230858297909
tensor,model.language_model.layers.29.mlp.up_proj,0x7,6.0,2809910,3.152634115780101
tensor,model.language_model.layers.29.mlp.up_proj,0x8,-0.0,3583294,4.020347595214844
tensor,model.language_model.layers.29.mlp.up_proj,0x9,-0.5,7101763,7.967963499181411
tensor,model.language_model.layers.29.mlp.up_proj,0xa,-1.0,6555335,7.354887794045841
tensor,model.language_model.layers.29.mlp.up_proj,0xb,-1.5,5973593,6.702190847957835
tensor,model.language_model.layers.29.mlp.up_proj,0xc,-2.0,6578613,7.381005006677964
tensor,model.language_model.layers.29.mlp.up_proj,0xd,-3.0,6566639,7.36757054048426
tensor,model.language_model.layers.29.mlp.up_proj,0xe,-4.0,5393444,6.051281199735754
tensor,model.language_model.layers.29.mlp.up_proj,0xf,-6.0,2808379,3.150916380040786
tensor,model.language_model.layers.3.mlp.down_proj,0x0,0.0,3496825,3.923331989961512
tensor,model.language_model.layers.3.mlp.down_proj,0x1,0.5,6951148,7.798978020163143
tensor,model.language_model.layers.3.mlp.down_proj,0x2,1.0,6485876,7.276956894818475
tensor,model.language_model.layers.3.mlp.down_proj,0x3,1.5,5895502,6.614575105554917
tensor,model.language_model.layers.3.mlp.down_proj,0x4,2.0,6659820,7.47211680692785
tensor,model.language_model.layers.3.mlp.down_proj,0x5,3.0,6651979,7.463319441851447
tensor,model.language_model.layers.3.mlp.down_proj,0x6,4.0,5564506,6.243207594927619
tensor,model.language_model.layers.3.mlp.down_proj,0x7,6.0,2858507,3.2071584813735066
tensor,model.language_model.layers.3.mlp.down_proj,0x8,-0.0,3497997,3.9246469385483684
tensor,model.language_model.layers.3.mlp.down_proj,0x9,-0.5,6951286,7.7991328519933365
tensor,model.language_model.layers.3.mlp.down_proj,0xa,-1.0,6484684,7.2756195068359375
tensor,model.language_model.layers.3.mlp.down_proj,0xb,-1.5,5895524,6.614599788890166
tensor,model.language_model.layers.3.mlp.down_proj,0xc,-2.0,6661106,7.473559660070083
tensor,model.language_model.layers.3.mlp.down_proj,0xd,-3.0,6652501,7.4639051100786995
tensor,model.language_model.layers.3.mlp.down_proj,0xe,-4.0,5564827,6.243567747228286
tensor,model.language_model.layers.3.mlp.down_proj,0xf,-6.0,2856872,3.2053240607766544
tensor,model.language_model.layers.3.mlp.gate_proj,0x0,0.0,3490303,3.916014503030216
tensor,model.language_model.layers.3.mlp.gate_proj,0x1,0.5,6949344,7.796953986672794
tensor,model.language_model.layers.3.mlp.gate_proj,0x2,1.0,6455211,7.242551691391888
tensor,model.language_model.layers.3.mlp.gate_proj,0x3,1.5,5903818,6.623905406278722
tensor,model.language_model.layers.3.mlp.gate_proj,0x4,2.0,6651301,7.462558746337891
tensor,model.language_model.layers.3.mlp.gate_proj,0x5,3.0,6669533,7.483014499439912
tensor,model.language_model.layers.3.mlp.gate_proj,0x6,4.0,5562999,6.24151678646312
tensor,model.language_model.layers.3.mlp.gate_proj,0x7,6.0,2847444,3.194746129653033
tensor,model.language_model.layers.3.mlp.gate_proj,0x8,-0.0,3489518,3.9151337567497704
tensor,model.language_model.layers.3.mlp.gate_proj,0x9,-0.5,6945030,7.7921138090245865
tensor,model.language_model.layers.3.mlp.gate_proj,0xa,-1.0,6465778,7.254407546099494
tensor,model.language_model.layers.3.mlp.gate_proj,0xb,-1.5,5907269,6.627777324003332
tensor,model.language_model.layers.3.mlp.gate_proj,0xc,-2.0,6661185,7.473648295683019
tensor,model.language_model.layers.3.mlp.gate_proj,0xd,-3.0,6684041,7.499292037066291
tensor,model.language_model.layers.3.mlp.gate_proj,0xe,-4.0,5586519,6.2679055157829735
tensor,model.language_model.layers.3.mlp.gate_proj,0xf,-6.0,2859667,3.208459966322955
tensor,model.language_model.layers.3.mlp.up_proj,0x0,0.0,3497697,3.9243103476131664
tensor,model.language_model.layers.3.mlp.up_proj,0x1,0.5,6967330,7.817133735207951
tensor,model.language_model.layers.3.mlp.up_proj,0x2,1.0,6469429,7.258503857780905
tensor,model.language_model.layers.3.mlp.up_proj,0x3,1.5,5902788,6.622749777401195
tensor,model.language_model.layers.3.mlp.up_proj,0x4,2.0,6655580,7.4673596550436585
tensor,model.language_model.layers.3.mlp.up_proj,0x5,3.0,6666338,7.4794298059800095
tensor,model.language_model.layers.3.mlp.up_proj,0x6,4.0,5558731,6.236728219424977
tensor,model.language_model.layers.3.mlp.up_proj,0x7,6.0,2852565,3.2004917369169346
tensor,model.language_model.layers.3.mlp.up_proj,0x8,-0.0,3496904,3.9234206255744484
tensor,model.language_model.layers.3.mlp.up_proj,0x9,-0.5,6963930,7.813319037942326
tensor,model.language_model.layers.3.mlp.up_proj,0xa,-1.0,6467768,7.256640265969669
tensor,model.language_model.layers.3.mlp.up_proj,0xb,-1.5,5900613,6.6203094931209785
tensor,model.language_model.layers.3.mlp.up_proj,0xc,-2.0,6650170,7.461289798512178
tensor,model.language_model.layers.3.mlp.up_proj,0xd,-3.0,6663271,7.475988724652459
tensor,model.language_model.layers.3.mlp.up_proj,0xe,-4.0,5562844,6.2413428811466
tensor,model.language_model.layers.3.mlp.up_proj,0xf,-6.0,2853002,3.2009820377125457
tensor,model.language_model.layers.30.mlp.down_proj,0x0,0.0,3553542,3.986966750201057
tensor,model.language_model.layers.30.mlp.down_proj,0x1,0.5,7054588,7.915034574620864
tensor,model.language_model.layers.30.mlp.down_proj,0x2,1.0,6540387,7.338116589714499
tensor,model.language_model.layers.30.mlp.down_proj,0x3,1.5,5932518,6.656105939079733
tensor,model.language_model.layers.30.mlp.down_proj,0x4,2.0,6626988,7.43528029497932
tensor,model.language_model.layers.30.mlp.down_proj,0x5,3.0,6567610,7.368659973144531
tensor,model.language_model.layers.30.mlp.down_proj,0x6,4.0,5449919,6.114644443287569
tensor,model.language_model.layers.30.mlp.down_proj,0x7,6.0,2839743,3.1861058403463924
tensor,model.language_model.layers.30.mlp.down_proj,0x8,-0.0,3551064,3.9841865090762867
tensor,model.language_model.layers.30.mlp.down_proj,0x9,-0.5,7052580,7.912781659294577
tensor,model.language_model.layers.30.mlp.down_proj,0xa,-1.0,6543381,7.341475767247817
tensor,model.language_model.layers.30.mlp.down_proj,0xb,-1.5,5925868,6.648644840016084
tensor,model.language_model.layers.30.mlp.down_proj,0xc,-2.0,6628289,7.436739977668314
tensor,model.language_model.layers.30.mlp.down_proj,0xd,-3.0,6568554,7.3697191126206345
tensor,model.language_model.layers.30.mlp.down_proj,0xe,-4.0,5456802,6.122366961310892
tensor,model.language_model.layers.30.mlp.down_proj,0xf,-6.0,2837127,3.183170767391429
tensor,model.language_model.layers.30.mlp.gate_proj,0x0,0.0,3551473,3.984645394717946
tensor,model.language_model.layers.30.mlp.gate_proj,0x1,0.5,7053053,7.913312351002412
tensor,model.language_model.layers.30.mlp.gate_proj,0x2,1.0,6547306,7.345879498650046
tensor,model.language_model.layers.30.mlp.gate_proj,0x3,1.5,5923114,6.645554935230928
tensor,model.language_model.layers.30.mlp.gate_proj,0x4,2.0,6627658,7.436032014734605
tensor,model.language_model.layers.30.mlp.gate_proj,0x5,3.0,6568015,7.369114370907054
tensor,model.language_model.layers.30.mlp.gate_proj,0x6,4.0,5465288,6.131887996897978
tensor,model.language_model.layers.30.mlp.gate_proj,0x7,6.0,2849154,3.1966646979836857
tensor,model.language_model.layers.30.mlp.gate_proj,0x8,-0.0,3553356,3.9867580638212314
tensor,model.language_model.layers.30.mlp.gate_proj,0x9,-0.5,7051656,7.911744959214154
tensor,model.language_model.layers.30.mlp.gate_proj,0xa,-1.0,6542790,7.340812683105469
tensor,model.language_model.layers.30.mlp.gate_proj,0xb,-1.5,5914467,6.635853262508617
tensor,model.language_model.layers.30.mlp.gate_proj,0xc,-2.0,6622304,7.430024988511029
tensor,model.language_model.layers.30.mlp.gate_proj,0xd,-3.0,6557767,7.357616424560547
tensor,model.language_model.layers.30.mlp.gate_proj,0xe,-4.0,5458905,6.124726463766659
tensor,model.language_model.layers.30.mlp.gate_proj,0xf,-6.0,2842654,3.1893718943876377
tensor,model.language_model.layers.30.mlp.up_proj,0x0,0.0,3589115,4.0268785813275505
tensor,model.language_model.layers.30.mlp.up_proj,0x1,0.5,7114889,7.982690474566291
tensor,model.language_model.layers.30.mlp.up_proj,0x2,1.0,6573644,7.375429938821232
tensor,model.language_model.layers.30.mlp.up_proj,0x3,1.5,5923077,6.64551342234892
tensor,model.language_model.layers.30.mlp.up_proj,0x4,2.0,6591287,7.3952248517204735
tensor,model.language_model.layers.30.mlp.up_proj,0x5,3.0,6509936,7.303951487821691
tensor,model.language_model.layers.30.mlp.up_proj,0x6,4.0,5414574,6.074988421271829
tensor,model.language_model.layers.30.mlp.up_proj,0x7,6.0,2844046,3.190933676326976
tensor,model.language_model.layers.30.mlp.up_proj,0x8,-0.0,3594291,4.032685896929572
tensor,model.language_model.layers.30.mlp.up_proj,0x9,-0.5,7112911,7.980471218333525
tensor,model.language_model.layers.30.mlp.up_proj,0xa,-1.0,6573379,7.37513261682847
tensor,model.language_model.layers.30.mlp.up_proj,0xb,-1.5,5921340,6.6435645608341
tensor,model.language_model.layers.30.mlp.up_proj,0xc,-2.0,6596343,7.400897530948415
tensor,model.language_model.layers.30.mlp.up_proj,0xd,-3.0,6510575,7.304668426513672
tensor,model.language_model.layers.30.mlp.up_proj,0xe,-4.0,5413898,6.07422996969784
tensor,model.language_model.layers.30.mlp.up_proj,0xf,-6.0,2845655,3.192738925709444
tensor,model.language_model.layers.31.mlp.down_proj,0x0,0.0,3553985,3.987463782815372
tensor,model.language_model.layers.31.mlp.down_proj,0x1,0.5,7067718,7.929766037884881
tensor,model.language_model.layers.31.mlp.down_proj,0x2,1.0,6541686,7.339574028463924
tensor,model.language_model.layers.31.mlp.down_proj,0x3,1.5,5949592,6.675262451171875
tensor,model.language_model.layers.31.mlp.down_proj,0x4,2.0,6602294,7.407574373133042
tensor,model.language_model.layers.31.mlp.down_proj,0x5,3.0,6574648,7.376556396484375
tensor,model.language_model.layers.31.mlp.down_proj,0x6,4.0,5430796,6.093189015107996
tensor,model.language_model.layers.31.mlp.down_proj,0x7,6.0,2836514,3.182482999913833
tensor,model.language_model.layers.31.mlp.down_proj,0x8,-0.0,3558237,3.9922343983369717
tensor,model.language_model.layers.31.mlp.down_proj,0x9,-0.5,7064705,7.926385542925666
tensor,model.language_model.layers.31.mlp.down_proj,0xa,-1.0,6545440,7.343785903033088
tensor,model.language_model.layers.31.mlp.down_proj,0xb,-1.5,5956669,6.683202631333295
tensor,model.language_model.layers.31.mlp.down_proj,0xc,-2.0,6595801,7.400289423325482
tensor,model.language_model.layers.31.mlp.down_proj,0xd,-3.0,6578718,7.381122813505285
tensor,model.language_model.layers.31.mlp.down_proj,0xe,-4.0,5438158,6.101448956657858
tensor,model.language_model.layers.31.mlp.down_proj,0xf,-6.0,2833999,3.179661245907054
tensor,model.language_model.layers.31.mlp.gate_proj,0x0,0.0,3550181,3.9831958097570084
tensor,model.language_model.layers.31.mlp.gate_proj,0x1,0.5,7054953,7.9154440935920265
tensor,model.language_model.layers.31.mlp.gate_proj,0x2,1.0,6540762,7.338537328383502
tensor,model.language_model.layers.31.mlp.gate_proj,0x3,1.5,5908927,6.629637549905216
tensor,model.language_model.layers.31.mlp.gate_proj,0x4,2.0,6633093,7.442129920510685
tensor,model.language_model.layers.31.mlp.gate_proj,0x5,3.0,6555665,7.355258044074564
tensor,model.language_model.layers.31.mlp.gate_proj,0x6,4.0,5464166,6.130629146800322
tensor,model.language_model.layers.31.mlp.gate_proj,0x7,6.0,2848900,3.196379717658548
tensor,model.language_model.layers.31.mlp.gate_proj,0x8,-0.0,3550389,3.9834291794720817
tensor,model.language_model.layers.31.mlp.gate_proj,0x9,-0.5,7047985,7.907626208137064
tensor,model.language_model.layers.31.mlp.gate_proj,0xa,-1.0,6543678,7.341808992273667
tensor,model.language_model.layers.31.mlp.gate_proj,0xb,-1.5,5911506,6.632531109978171
tensor,model.language_model.layers.31.mlp.gate_proj,0xc,-2.0,6629899,7.438546349020565
tensor,model.language_model.layers.31.mlp.gate_proj,0xd,-3.0,6563710,7.364284290986903
tensor,model.language_model.layers.31.mlp.gate_proj,0xe,-4.0,5474108,6.141783770392923
tensor,model.language_model.layers.31.mlp.gate_proj,0xf,-6.0,2851038,3.1987784890567554
tensor,model.language_model.layers.31.mlp.up_proj,0x0,0.0,3592296,4.030447567210478
tensor,model.language_model.layers.31.mlp.up_proj,0x1,0.5,7111310,7.978674944709329
tensor,model.language_model.layers.31.mlp.up_proj,0x2,1.0,6569576,7.3708657657398895
tensor,model.language_model.layers.31.mlp.up_proj,0x3,1.5,5908049,6.628652460434857
tensor,model.language_model.layers.31.mlp.up_proj,0x4,2.0,6600953,7.406069811652689
tensor,model.language_model.layers.31.mlp.up_proj,0x5,3.0,6507752,7.301501105813419
tensor,model.language_model.layers.31.mlp.up_proj,0x6,4.0,5422271,6.083624222699334
tensor,model.language_model.layers.31.mlp.up_proj,0x7,6.0,2854036,3.2021421544692097
tensor,model.language_model.layers.31.mlp.up_proj,0x8,-0.0,3589030,4.02678321389591
tensor,model.language_model.layers.31.mlp.up_proj,0x9,-0.5,7114947,7.982755548813763
tensor,model.language_model.layers.31.mlp.up_proj,0xa,-1.0,6571088,7.372562184053309
tensor,model.language_model.layers.31.mlp.up_proj,0xb,-1.5,5908768,6.629459156709559
tensor,model.language_model.layers.31.mlp.up_proj,0xc,-2.0,6601511,7.406695870792165
tensor,model.language_model.layers.31.mlp.up_proj,0xd,-3.0,6502064,7.2951193416819855
tensor,model.language_model.layers.31.mlp.up_proj,0xe,-4.0,5421748,6.083037432502298
tensor,model.language_model.layers.31.mlp.up_proj,0xf,-6.0,2853561,3.201609218821806
tensor,model.language_model.layers.32.mlp.down_proj,0x0,0.0,3585314,4.0226139741785385
tensor,model.language_model.layers.32.mlp.down_proj,0x1,0.5,7111605,7.979005925795612
tensor,model.language_model.layers.32.mlp.down_proj,0x2,1.0,6579475,7.381972144631779
tensor,model.language_model.layers.32.mlp.down_proj,0x3,1.5,5942342,6.667128170237822
tensor,model.language_model.layers.32.mlp.down_proj,0x4,2.0,6613287,7.419908186968635
tensor,model.language_model.layers.32.mlp.down_proj,0x5,3.0,6533869,7.330803590662339
tensor,model.language_model.layers.32.mlp.down_proj,0x6,4.0,5386850,6.0438829309800095
tensor,model.language_model.layers.32.mlp.down_proj,0x7,6.0,2813411,3.156562131993911
tensor,model.language_model.layers.32.mlp.down_proj,0x8,-0.0,3580492,4.017203835880055
tensor,model.language_model.layers.32.mlp.down_proj,0x9,-0.5,7109355,7.976481493781595
tensor,model.language_model.layers.32.mlp.down_proj,0xa,-1.0,6578041,7.380363239961512
tensor,model.language_model.layers.32.mlp.down_proj,0xb,-1.5,5946401,6.671682245591107
tensor,model.language_model.layers.32.mlp.down_proj,0xc,-2.0,6611606,7.418022155761719
tensor,model.language_model.layers.32.mlp.down_proj,0xd,-3.0,6534799,7.331847022561466
tensor,model.language_model.layers.32.mlp.down_proj,0xe,-4.0,5386517,6.043509315041935
tensor,model.language_model.layers.32.mlp.down_proj,0xf,-6.0,2815596,3.159013635971967
tensor,model.language_model.layers.32.mlp.gate_proj,0x0,0.0,3566310,4.001292060403263
tensor,model.language_model.layers.32.mlp.gate_proj,0x1,0.5,7082679,7.946551827823415
tensor,model.language_model.layers.32.mlp.gate_proj,0x2,1.0,6559772,7.359865973977482
tensor,model.language_model.layers.32.mlp.gate_proj,0x3,1.5,5922571,6.644945705638213
tensor,model.language_model.layers.32.mlp.gate_proj,0x4,2.0,6620290,7.4277653413660385
tensor,model.language_model.layers.32.mlp.gate_proj,0x5,3.0,6541281,7.3391196307014015
tensor,model.language_model.layers.32.mlp.gate_proj,0x6,4.0,5442763,6.106615627513213
tensor,model.language_model.layers.32.mlp.gate_proj,0x7,6.0,2846194,3.193343667423024
tensor,model.language_model.layers.32.mlp.gate_proj,0x8,-0.0,3563923,3.998613918528837
tensor,model.language_model.layers.32.mlp.gate_proj,0x9,-0.5,7077587,7.940838757683249
tensor,model.language_model.layers.32.mlp.gate_proj,0xa,-1.0,6548435,7.34714620253619
tensor,model.language_model.layers.32.mlp.gate_proj,0xb,-1.5,5918475,6.640350117402918
tensor,model.language_model.layers.32.mlp.gate_proj,0xc,-2.0,6614195,7.420926935532513
tensor,model.language_model.layers.32.mlp.gate_proj,0xd,-3.0,6539869,7.337535409366383
tensor,model.language_model.layers.32.mlp.gate_proj,0xe,-4.0,5439224,6.1026449764476105
tensor,model.language_model.layers.32.mlp.gate_proj,0xf,-6.0,2845392,3.19244384765625
tensor,model.language_model.layers.32.mlp.up_proj,0x0,0.0,3598613,4.037535050336053
tensor,model.language_model.layers.32.mlp.up_proj,0x1,0.5,7138280,8.008934469784007
tensor,model.language_model.layers.32.mlp.up_proj,0x2,1.0,6586347,7.389682320987477
tensor,model.language_model.layers.32.mlp.up_proj,0x3,1.5,5925017,6.647690043729894
tensor,model.language_model.layers.32.mlp.up_proj,0x4,2.0,6594068,7.398345049689798
tensor,model.language_model.layers.32.mlp.up_proj,0x5,3.0,6481265,7.271783492144416
tensor,model.language_model.layers.32.mlp.up_proj,0x6,4.0,5396307,6.054493399227367
tensor,model.language_model.layers.32.mlp.up_proj,0x7,6.0,2839207,3.1855044645421646
tensor,model.language_model.layers.32.mlp.up_proj,0x8,-0.0,3600461,4.039608450496898
tensor,model.language_model.layers.32.mlp.up_proj,0x9,-0.5,7136817,8.007293027990004
tensor,model.language_model.layers.32.mlp.up_proj,0xa,-1.0,6585022,7.388195711023667
tensor,model.language_model.layers.32.mlp.up_proj,0xb,-1.5,5924012,6.6465624640969665
tensor,model.language_model.layers.32.mlp.up_proj,0xc,-2.0,6593984,7.398250804227941
tensor,model.language_model.layers.32.mlp.up_proj,0xd,-3.0,6492612,7.284514483283548
tensor,model.language_model.layers.32.mlp.up_proj,0xe,-4.0,5395540,6.0536328484030335
tensor,model.language_model.layers.32.mlp.up_proj,0xf,-6.0,2841408,3.1879739200367645
tensor,model.language_model.layers.33.mlp.down_proj,0x0,0.0,3581143,4.017934238209444
tensor,model.language_model.layers.33.mlp.down_proj,0x1,0.5,7104957,7.97154707067153
tensor,model.language_model.layers.33.mlp.down_proj,0x2,1.0,6568269,7.369399351232192
tensor,model.language_model.layers.33.mlp.down_proj,0x3,1.5,5938962,6.663335912367877
tensor,model.language_model.layers.33.mlp.down_proj,0x4,2.0,6608680,7.414739272173713
tensor,model.language_model.layers.33.mlp.down_proj,0x5,3.0,6523311,7.31895783368279
tensor,model.language_model.layers.33.mlp.down_proj,0x6,4.0,5400422,6.059110304888557
tensor,model.language_model.layers.33.mlp.down_proj,0x7,6.0,2836063,3.1819769915412452
tensor,model.language_model.layers.33.mlp.down_proj,0x8,-0.0,3584688,4.02191162109375
tensor,model.language_model.layers.33.mlp.down_proj,0x9,-0.5,7100072,7.966066248276654
tensor,model.language_model.layers.33.mlp.down_proj,0xa,-1.0,6573964,7.375788969152114
tensor,model.language_model.layers.33.mlp.down_proj,0xb,-1.5,5938783,6.66313507977654
tensor,model.language_model.layers.33.mlp.down_proj,0xc,-2.0,6606157,7.411908542408662
tensor,model.language_model.layers.33.mlp.down_proj,0xd,-3.0,6525706,7.321644951315487
tensor,model.language_model.layers.33.mlp.down_proj,0xe,-4.0,5402894,6.061883814194623
tensor,model.language_model.layers.33.mlp.down_proj,0xf,-6.0,2834889,3.180659799014821
tensor,model.language_model.layers.33.mlp.gate_proj,0x0,0.0,3577400,4.013734705307904
tensor,model.language_model.layers.33.mlp.gate_proj,0x1,0.5,7096876,7.9624804328469665
tensor,model.language_model.layers.33.mlp.gate_proj,0x2,1.0,6573483,7.375249301686006
tensor,model.language_model.layers.33.mlp.gate_proj,0x3,1.5,5924386,6.646982080796185
tensor,model.language_model.layers.33.mlp.gate_proj,0x4,2.0,6618271,7.4255000843721275
tensor,model.language_model.layers.33.mlp.gate_proj,0x5,3.0,6537292,7.334644093232996
tensor,model.language_model.layers.33.mlp.gate_proj,0x6,4.0,5423609,6.085125418270335
tensor,model.language_model.layers.33.mlp.gate_proj,0x7,6.0,2836531,3.182502073400161
tensor,model.language_model.layers.33.mlp.gate_proj,0x8,-0.0,3578103,4.014523450066061
tensor,model.language_model.layers.33.mlp.gate_proj,0x9,-0.5,7090167,7.954953137566061
tensor,model.language_model.layers.33.mlp.gate_proj,0xa,-1.0,6565697,7.366513644947725
tensor,model.language_model.layers.33.mlp.gate_proj,0xb,-1.5,5921119,6.643316605511834
tensor,model.language_model.layers.33.mlp.gate_proj,0xc,-2.0,6600752,7.405844295726103
tensor,model.language_model.layers.33.mlp.gate_proj,0xd,-3.0,6530814,7.327375972972197
tensor,model.language_model.layers.33.mlp.gate_proj,0xe,-4.0,5419471,6.080482707304113
tensor,model.language_model.layers.33.mlp.gate_proj,0xf,-6.0,2834989,3.1807719959932217
tensor,model.language_model.layers.33.mlp.up_proj,0x0,0.0,3606931,4.0468675949994255
tensor,model.language_model.layers.33.mlp.up_proj,0x1,0.5,7137333,8.007871964398552
tensor,model.language_model.layers.33.mlp.up_proj,0x2,1.0,6590962,7.394860211540671
tensor,model.language_model.layers.33.mlp.up_proj,0x3,1.5,5932197,6.655745786779067
tensor,model.language_model.layers.33.mlp.up_proj,0x4,2.0,6595390,7.399828293744256
tensor,model.language_model.layers.33.mlp.up_proj,0x5,3.0,6495688,7.287965662339154
tensor,model.language_model.layers.33.mlp.up_proj,0x6,4.0,5383793,6.040453069350299
tensor,model.language_model.layers.33.mlp.up_proj,0x7,6.0,2824035,3.168481938979205
tensor,model.language_model.layers.33.mlp.up_proj,0x8,-0.0,3603421,4.04292948105756
tensor,model.language_model.layers.33.mlp.up_proj,0x9,-0.5,7140723,8.011675441966338
tensor,model.language_model.layers.33.mlp.up_proj,0xa,-1.0,6594146,7.398432563332951
tensor,model.language_model.layers.33.mlp.up_proj,0xb,-1.5,5929765,6.653017156264362
tensor,model.language_model.layers.33.mlp.up_proj,0xc,-2.0,6593543,7.397756015553194
tensor,model.language_model.layers.33.mlp.up_proj,0xd,-3.0,6494274,7.286379197064568
tensor,model.language_model.layers.33.mlp.up_proj,0xe,-4.0,5381230,6.037577460793888
tensor,model.language_model.layers.33.mlp.up_proj,0xf,-6.0,2825529,3.170158161836512
tensor,model.language_model.layers.34.mlp.down_proj,0x0,0.0,3661810,4.108440174775965
tensor,model.language_model.layers.34.mlp.down_proj,0x1,0.5,7223655,8.104722640093636
tensor,model.language_model.layers.34.mlp.down_proj,0x2,1.0,6648522,7.4594407923081345
tensor,model.language_model.layers.34.mlp.down_proj,0x3,1.5,5929644,6.652881397920496
tensor,model.language_model.layers.34.mlp.down_proj,0x4,2.0,6573508,7.375277350930607
tensor,model.language_model.layers.34.mlp.down_proj,0x5,3.0,6417595,7.200347675996668
tensor,model.language_model.layers.34.mlp.down_proj,0x6,4.0,5293189,5.938798119040096
tensor,model.language_model.layers.34.mlp.down_proj,0x7,6.0,2817023,3.1606146868537452
tensor,model.language_model.layers.34.mlp.down_proj,0x8,-0.0,3657134,4.103193844065947
tensor,model.language_model.layers.34.mlp.down_proj,0x9,-0.5,7222699,8.103650036980124
tensor,model.language_model.layers.34.mlp.down_proj,0xa,-1.0,6646127,7.456753674675436
tensor,model.language_model.layers.34.mlp.down_proj,0xb,-1.5,5931187,6.65461259729722
tensor,model.language_model.layers.34.mlp.down_proj,0xc,-2.0,6574714,7.376630446490119
tensor,model.language_model.layers.34.mlp.down_proj,0xd,-3.0,6414348,7.196704640107996
tensor,model.language_model.layers.34.mlp.down_proj,0xe,-4.0,5298748,5.945035149069393
tensor,model.language_model.layers.34.mlp.down_proj,0xf,-6.0,2819057,3.1628967733944164
tensor,model.language_model.layers.34.mlp.gate_proj,0x0,0.0,3608500,4.0486279655905335
tensor,model.language_model.layers.34.mlp.gate_proj,0x1,0.5,7126864,7.996126062729779
tensor,model.language_model.layers.34.mlp.gate_proj,0x2,1.0,6587718,7.391220541561351
tensor,model.language_model.layers.34.mlp.gate_proj,0x3,1.5,5919236,6.641203936408548
tensor,model.language_model.layers.34.mlp.gate_proj,0x4,2.0,6579588,7.382098927217371
tensor,model.language_model.layers.34.mlp.gate_proj,0x5,3.0,6509111,7.303025862749885
tensor,model.language_model.layers.34.mlp.gate_proj,0x6,4.0,5401020,6.059781242819393
tensor,model.language_model.layers.34.mlp.gate_proj,0x7,6.0,2846024,3.1931529325597428
tensor,model.language_model.layers.34.mlp.gate_proj,0x8,-0.0,3608652,4.048798504997702
tensor,model.language_model.layers.34.mlp.gate_proj,0x9,-0.5,7119100,7.987415089326746
tensor,model.language_model.layers.34.mlp.gate_proj,0xa,-1.0,6584915,7.388075660256779
tensor,model.language_model.layers.34.mlp.gate_proj,0xb,-1.5,5918936,6.640867345473346
tensor,model.language_model.layers.34.mlp.gate_proj,0xc,-2.0,6570673,7.372096566592946
tensor,model.language_model.layers.34.mlp.gate_proj,0xd,-3.0,6506732,7.300356696633732
tensor,model.language_model.layers.34.mlp.gate_proj,0xe,-4.0,5396169,6.054338567397174
tensor,model.language_model.layers.34.mlp.gate_proj,0xf,-6.0,2845722,3.1928140976849724
tensor,model.language_model.layers.34.mlp.up_proj,0x0,0.0,3628336,4.070883358226103
tensor,model.language_model.layers.34.mlp.up_proj,0x1,0.5,7153370,8.025864993824678
tensor,model.language_model.layers.34.mlp.up_proj,0x2,1.0,6599805,7.404781790340648
tensor,model.language_model.layers.34.mlp.up_proj,0x3,1.5,5922114,6.644432965446921
tensor,model.language_model.layers.34.mlp.up_proj,0x4,2.0,6556652,7.356365428251379
tensor,model.language_model.layers.34.mlp.up_proj,0x5,3.0,6481884,7.2724779914407165
tensor,model.language_model.layers.34.mlp.up_proj,0x6,4.0,5378700,6.03473887724035
tensor,model.language_model.layers.34.mlp.up_proj,0x7,6.0,2848829,3.1963000578038834
tensor,model.language_model.layers.34.mlp.up_proj,0x8,-0.0,3622268,4.064075245576746
tensor,model.language_model.layers.34.mlp.up_proj,0x9,-0.5,7154001,8.026572956758386
tensor,model.language_model.layers.34.mlp.up_proj,0xa,-1.0,6598815,7.403671040254481
tensor,model.language_model.layers.34.mlp.up_proj,0xb,-1.5,5918523,6.6404039719525505
tensor,model.language_model.layers.34.mlp.up_proj,0xc,-2.0,6557404,7.357209149528952
tensor,model.language_model.layers.34.mlp.up_proj,0xd,-3.0,6478080,7.268210018382353
tensor,model.language_model.layers.34.mlp.up_proj,0xe,-4.0,5380648,6.036924474379596
tensor,model.language_model.layers.34.mlp.up_proj,0xf,-6.0,2849531,3.1970876805922566
tensor,model.language_model.layers.35.mlp.down_proj,0x0,0.0,3570768,4.006293801700368
tensor,model.language_model.layers.35.mlp.down_proj,0x1,0.5,7087560,7.952028162339154
tensor,model.language_model.layers.35.mlp.down_proj,0x2,1.0,6557346,7.35714407528148
tensor,model.language_model.layers.35.mlp.down_proj,0x3,1.5,5939331,6.6637499192181755
tensor,model.language_model.layers.35.mlp.down_proj,0x4,2.0,6612349,7.418855779311237
tensor,model.language_model.layers.35.mlp.down_proj,0x5,3.0,6542603,7.340602874755859
tensor,model.language_model.layers.35.mlp.down_proj,0x6,4.0,5419681,6.080718320958755
tensor,model.language_model.layers.35.mlp.down_proj,0x7,6.0,2835270,3.1810872695025276
tensor,model.language_model.layers.35.mlp.down_proj,0x8,-0.0,3570590,4.006094091078815
tensor,model.language_model.layers.35.mlp.down_proj,0x9,-0.5,7086748,7.951117122874541
tensor,model.language_model.layers.35.mlp.down_proj,0xa,-1.0,6561322,7.361605027142693
tensor,model.language_model.layers.35.mlp.down_proj,0xb,-1.5,5939748,6.664217780618107
tensor,model.language_model.layers.35.mlp.down_proj,0xc,-2.0,6607193,7.413070903104894
tensor,model.language_model.layers.35.mlp.down_proj,0xd,-3.0,6539732,7.337381699505975
tensor,model.language_model.layers.35.mlp.down_proj,0xe,-4.0,5421712,6.082997041590073
tensor,model.language_model.layers.35.mlp.down_proj,0xf,-6.0,2837007,3.1830361310173485
tensor,model.language_model.layers.35.mlp.gate_proj,0x0,0.0,3555737,3.989429473876953
tensor,model.language_model.layers.35.mlp.gate_proj,0x1,0.5,7062453,7.923858866972082
tensor,model.language_model.layers.35.mlp.gate_proj,0x2,1.0,6544082,7.342262268066406
tensor,model.language_model.layers.35.mlp.gate_proj,0x3,1.5,5935029,6.658923205207376
tensor,model.language_model.layers.35.mlp.gate_proj,0x4,2.0,6611336,7.417719223920037
tensor,model.language_model.layers.35.mlp.gate_proj,0x5,3.0,6567363,7.368382846607881
tensor,model.language_model.layers.35.mlp.gate_proj,0x6,4.0,5457175,6.122785456040326
tensor,model.language_model.layers.35.mlp.gate_proj,0x7,6.0,2846044,3.193175371955423
tensor,model.language_model.layers.35.mlp.gate_proj,0x8,-0.0,3554771,3.988345651065602
tensor,model.language_model.layers.35.mlp.gate_proj,0x9,-0.5,7056286,7.916939679314108
tensor,model.language_model.layers.35.mlp.gate_proj,0xa,-1.0,6538351,7.33583225923426
tensor,model.language_model.layers.35.mlp.gate_proj,0xb,-1.5,5924135,6.6467004663804
tensor,model.language_model.layers.35.mlp.gate_proj,0xc,-2.0,6607573,7.413497251622817
tensor,model.language_model.layers.35.mlp.gate_proj,0xd,-3.0,6564517,7.365189720602596
tensor,model.language_model.layers.35.mlp.gate_proj,0xe,-4.0,5453422,6.118574703440947
tensor,model.language_model.layers.35.mlp.gate_proj,0xf,-6.0,2850686,3.198383555692785
tensor,model.language_model.layers.35.mlp.up_proj,0x0,0.0,3590407,4.028328166288488
tensor,model.language_model.layers.35.mlp.up_proj,0x1,0.5,7106757,7.973566616282744
tensor,model.language_model.layers.35.mlp.up_proj,0x2,1.0,6567350,7.36836826100069
tensor,model.language_model.layers.35.mlp.up_proj,0x3,1.5,5926404,6.6492462158203125
tensor,model.language_model.layers.35.mlp.up_proj,0x4,2.0,6585872,7.389149385340073
tensor,model.language_model.layers.35.mlp.up_proj,0x5,3.0,6528244,7.324492510627298
tensor,model.language_model.layers.35.mlp.up_proj,0x6,4.0,5418230,6.07909034280216
tensor,model.language_model.layers.35.mlp.up_proj,0x7,6.0,2843404,3.1902133717256436
tensor,model.language_model.layers.35.mlp.up_proj,0x8,-0.0,3588148,4.025793636546416
tensor,model.language_model.layers.35.mlp.up_proj,0x9,-0.5,7110736,7.978030934053309
tensor,model.language_model.layers.35.mlp.up_proj,0xa,-1.0,6572204,7.373814302332261
tensor,model.language_model.layers.35.mlp.up_proj,0xb,-1.5,5923150,6.645595326143153
tensor,model.language_model.layers.35.mlp.up_proj,0xc,-2.0,6584100,7.3871612548828125
tensor,model.language_model.layers.35.mlp.up_proj,0xd,-3.0,6525315,7.32120626112994
tensor,model.language_model.layers.35.mlp.up_proj,0xe,-4.0,5417311,6.078059252570657
tensor,model.language_model.layers.35.mlp.up_proj,0xf,-6.0,2841328,3.187884162454044
tensor,model.language_model.layers.36.mlp.down_proj,0x0,0.0,3535911,3.9671853009392235
tensor,model.language_model.layers.36.mlp.down_proj,0x1,0.5,7025707,7.882630965288947
tensor,model.language_model.layers.36.mlp.down_proj,0x2,1.0,6526682,7.322739993824678
tensor,model.language_model.layers.36.mlp.down_proj,0x3,1.5,5941158,6.665799758013557
tensor,model.language_model.layers.36.mlp.down_proj,0x4,2.0,6639535,7.44935764985926
tensor,model.language_model.layers.36.mlp.down_proj,0x5,3.0,6622649,7.430412068086512
tensor,model.language_model.layers.36.mlp.down_proj,0x6,4.0,5466797,6.133581049302045
tensor,model.language_model.layers.36.mlp.down_proj,0x7,6.0,2808213,3.1507301330566406
tensor,model.language_model.layers.36.mlp.down_proj,0x8,-0.0,3537457,3.9689198662252987
tensor,model.language_model.layers.36.mlp.down_proj,0x9,-0.5,7026850,7.883913376752068
tensor,model.language_model.layers.36.mlp.down_proj,0xa,-1.0,6525105,7.320970647475299
tensor,model.language_model.layers.36.mlp.down_proj,0xb,-1.5,5940850,6.665454191320083
tensor,model.language_model.layers.36.mlp.down_proj,0xc,-2.0,6638715,7.448437634636374
tensor,model.language_model.layers.36.mlp.down_proj,0xd,-3.0,6621702,7.429349562701057
tensor,model.language_model.layers.36.mlp.down_proj,0xe,-4.0,5466561,6.133316264433019
tensor,model.language_model.layers.36.mlp.down_proj,0xf,-6.0,2805068,3.1472015380859375
tensor,model.language_model.layers.36.mlp.gate_proj,0x0,0.0,3535574,3.9668071971220127
tensor,model.language_model.layers.36.mlp.gate_proj,0x1,0.5,7021393,7.87779078764074
tensor,model.language_model.layers.36.mlp.gate_proj,0x2,1.0,6520871,7.316220227409811
tensor,model.language_model.layers.36.mlp.gate_proj,0x3,1.5,5924477,6.64708418004653
tensor,model.language_model.layers.36.mlp.gate_proj,0x4,2.0,6627948,7.4363573859719665
tensor,model.language_model.layers.36.mlp.gate_proj,0x5,3.0,6608187,7.414186141070197
tensor,model.language_model.layers.36.mlp.gate_proj,0x6,4.0,5496031,6.166380713967716
tensor,model.language_model.layers.36.mlp.gate_proj,0x7,6.0,2849038,3.196534549488741
tensor,model.language_model.layers.36.mlp.gate_proj,0x8,-0.0,3534143,3.9652016583610985
tensor,model.language_model.layers.36.mlp.gate_proj,0x9,-0.5,7021070,7.877428391400506
tensor,model.language_model.layers.36.mlp.gate_proj,0xa,-1.0,6515226,7.30988670797909
tensor,model.language_model.layers.36.mlp.gate_proj,0xb,-1.5,5919558,6.641565210678998
tensor,model.language_model.layers.36.mlp.gate_proj,0xc,-2.0,6624340,7.432309318991268
tensor,model.language_model.layers.36.mlp.gate_proj,0xd,-3.0,6594978,7.399366042193244
tensor,model.language_model.layers.36.mlp.gate_proj,0xe,-4.0,5486459,6.155641219195197
tensor,model.language_model.layers.36.mlp.gate_proj,0xf,-6.0,2849667,3.1972402684828816
tensor,model.language_model.layers.36.mlp.up_proj,0x0,0.0,3560859,3.995176203110639
tensor,model.language_model.layers.36.mlp.up_proj,0x1,0.5,7067055,7.929022171918084
tensor,model.language_model.layers.36.mlp.up_proj,0x2,1.0,6545074,7.343375262092142
tensor,model.language_model.layers.36.mlp.up_proj,0x3,1.5,5924031,6.646583781522863
tensor,model.language_model.layers.36.mlp.up_proj,0x4,2.0,6601356,7.406521965475643
tensor,model.language_model.layers.36.mlp.up_proj,0x5,3.0,6555543,7.355121163760915
tensor,model.language_model.layers.36.mlp.up_proj,0x6,4.0,5458595,6.124378653133617
tensor,model.language_model.layers.36.mlp.up_proj,0x7,6.0,2852537,3.2004603217629826
tensor,model.language_model.layers.36.mlp.up_proj,0x8,-0.0,3562787,3.997339360854205
tensor,model.language_model.layers.36.mlp.up_proj,0x9,-0.5,7066786,7.928720362046185
tensor,model.language_model.layers.36.mlp.up_proj,0xa,-1.0,6541302,7.3391431920668655
tensor,model.language_model.layers.36.mlp.up_proj,0xb,-1.5,5918127,6.639959671918084
tensor,model.language_model.layers.36.mlp.up_proj,0xc,-2.0,6600762,7.405855515423943
tensor,model.language_model.layers.36.mlp.up_proj,0xd,-3.0,6561647,7.361969667322495
tensor,model.language_model.layers.36.mlp.up_proj,0xe,-4.0,5462103,6.128314523135915
tensor,model.language_model.layers.36.mlp.up_proj,0xf,-6.0,2850396,3.198058184455423
tensor,model.language_model.layers.37.mlp.down_proj,0x0,0.0,3524647,3.9545474332921646
tensor,model.language_model.layers.37.mlp.down_proj,0x1,0.5,6984819,7.836755864760455
tensor,model.language_model.layers.37.mlp.down_proj,0x2,1.0,6526397,7.322420232436237
tensor,model.language_model.layers.37.mlp.down_proj,0x3,1.5,5920456,6.642572739545037
tensor,model.language_model.layers.37.mlp.down_proj,0x4,2.0,6647384,7.458163990693934
tensor,model.language_model.layers.37.mlp.down_proj,0x5,3.0,6615743,7.422663744758157
tensor,model.language_model.layers.37.mlp.down_proj,0x6,4.0,5506647,6.178291545194738
tensor,model.language_model.layers.37.mlp.down_proj,0x7,6.0,2834038,3.1797050027286304
tensor,model.language_model.layers.37.mlp.down_proj,0x8,-0.0,3523394,3.9531416051528034
tensor,model.language_model.layers.37.mlp.down_proj,0x9,-0.5,6982865,7.834563535802505
tensor,model.language_model.layers.37.mlp.down_proj,0xa,-1.0,6530839,7.327404022216797
tensor,model.language_model.layers.37.mlp.down_proj,0xb,-1.5,5921009,6.643193188835593
tensor,model.language_model.layers.37.mlp.down_proj,0xc,-2.0,6647841,7.458676730885225
tensor,model.language_model.layers.37.mlp.down_proj,0xd,-3.0,6624076,7.432013118968291
tensor,model.language_model.layers.37.mlp.down_proj,0xe,-4.0,5504390,6.175759259392233
tensor,model.language_model.layers.37.mlp.down_proj,0xf,-6.0,2834415,3.1801279853372013
tensor,model.language_model.layers.37.mlp.gate_proj,0x0,0.0,3525569,3.9555818894330192
tensor,model.language_model.layers.37.mlp.gate_proj,0x1,0.5,7014137,7.869649774887982
tensor,model.language_model.layers.37.mlp.gate_proj,0x2,1.0,6522109,7.317609226002412
tensor,model.language_model.layers.37.mlp.gate_proj,0x3,1.5,5940893,6.665502436020795
tensor,model.language_model.layers.37.mlp.gate_proj,0x4,2.0,6656433,7.468316695269416
tensor,model.language_model.layers.37.mlp.gate_proj,0x5,3.0,6649485,7.460521249210133
tensor,model.language_model.layers.37.mlp.gate_proj,0x6,4.0,5497718,6.1682734769933365
tensor,model.language_model.layers.37.mlp.gate_proj,0x7,6.0,2812390,3.1554166008444393
tensor,model.language_model.layers.37.mlp.gate_proj,0x8,-0.0,3524959,3.9548974878647747
tensor,model.language_model.layers.37.mlp.gate_proj,0x9,-0.5,7005255,7.859684439266429
tensor,model.language_model.layers.37.mlp.gate_proj,0xa,-1.0,6507574,7.3013013951918655
tensor,model.language_model.layers.37.mlp.gate_proj,0xb,-1.5,5928315,6.6513903000775505
tensor,model.language_model.layers.37.mlp.gate_proj,0xc,-2.0,6641468,7.451526417451746
tensor,model.language_model.layers.37.mlp.gate_proj,0xd,-3.0,6625786,7.433931687298943
tensor,model.language_model.layers.37.mlp.gate_proj,0xe,-4.0,5479616,6.1479635799632355
tensor,model.language_model.layers.37.mlp.gate_proj,0xf,-6.0,2797253,3.13843334422392
tensor,model.language_model.layers.37.mlp.up_proj,0x0,0.0,3552834,3.9861723955939796
tensor,model.language_model.layers.37.mlp.up_proj,0x1,0.5,7049439,7.90925755220301
tensor,model.language_model.layers.37.mlp.up_proj,0x2,1.0,6529341,7.3257233114803535
tensor,model.language_model.layers.37.mlp.up_proj,0x3,1.5,5929056,6.6522216796875
tensor,model.language_model.layers.37.mlp.up_proj,0x4,2.0,6633982,7.443127351648667
tensor,model.language_model.layers.37.mlp.up_proj,0x5,3.0,6601294,7.406452403349035
tensor,model.language_model.layers.37.mlp.up_proj,0x6,4.0,5463588,6.129980648265166
tensor,model.language_model.layers.37.mlp.up_proj,0x7,6.0,2802857,3.144720862893497
tensor,model.language_model.layers.37.mlp.up_proj,0x8,-0.0,3547306,3.9799701466279873
tensor,model.language_model.layers.37.mlp.up_proj,0x9,-0.5,7047511,7.907094394459444
tensor,model.language_model.layers.37.mlp.up_proj,0xa,-1.0,6528231,7.324477925020106
tensor,model.language_model.layers.37.mlp.up_proj,0xb,-1.5,5937532,6.661731495576746
tensor,model.language_model.layers.37.mlp.up_proj,0xc,-2.0,6634412,7.443609798655791
tensor,model.language_model.layers.37.mlp.up_proj,0xd,-3.0,6601471,7.406650992000804
tensor,model.language_model.layers.37.mlp.up_proj,0xe,-4.0,5463227,6.129575617173138
tensor,model.language_model.layers.37.mlp.up_proj,0xf,-6.0,2806879,3.1492334253647747
tensor,model.language_model.layers.38.mlp.down_proj,0x0,0.0,3529469,3.959957571590648
tensor,model.language_model.layers.38.mlp.down_proj,0x1,0.5,7009407,7.8643428578096275
tensor,model.language_model.layers.38.mlp.down_proj,0x2,1.0,6515325,7.309997782987707
tensor,model.language_model.layers.38.mlp.down_proj,0x3,1.5,5902147,6.6220305947696465
tensor,model.language_model.layers.38.mlp.down_proj,0x4,2.0,6642709,7.4529187819536995
tensor,model.language_model.layers.38.mlp.down_proj,0x5,3.0,6599068,7.403954898609834
tensor,model.language_model.layers.38.mlp.down_proj,0x6,4.0,5512171,6.184489306281595
tensor,model.language_model.layers.38.mlp.down_proj,0x7,6.0,2851102,3.198850295122932
tensor,model.language_model.layers.38.mlp.down_proj,0x8,-0.0,3530325,3.9609179777257584
tensor,model.language_model.layers.38.mlp.down_proj,0x9,-0.5,7006625,7.861221537870519
tensor,model.language_model.layers.38.mlp.down_proj,0xa,-1.0,6517086,7.311973571777344
tensor,model.language_model.layers.38.mlp.down_proj,0xb,-1.5,5906122,6.626490424661076
tensor,model.language_model.layers.38.mlp.down_proj,0xc,-2.0,6646866,7.457582810345818
tensor,model.language_model.layers.38.mlp.down_proj,0xd,-3.0,6601057,7.406186496510225
tensor,model.language_model.layers.38.mlp.down_proj,0xe,-4.0,5508954,6.180879929486443
tensor,model.language_model.layers.38.mlp.down_proj,0xf,-6.0,2850527,3.198205162497128
tensor,model.language_model.layers.38.mlp.gate_proj,0x0,0.0,3531568,3.9623125861672794
tensor,model.language_model.layers.38.mlp.gate_proj,0x1,0.5,7019044,7.875155280618107
tensor,model.language_model.layers.38.mlp.gate_proj,0x2,1.0,6523681,7.3193729625028725
tensor,model.language_model.layers.38.mlp.gate_proj,0x3,1.5,5926532,6.649389827952666
tensor,model.language_model.layers.38.mlp.gate_proj,0x4,2.0,6640677,7.450638939352596
tensor,model.language_model.layers.38.mlp.gate_proj,0x5,3.0,6630787,7.439542658188763
tensor,model.language_model.layers.38.mlp.gate_proj,0x6,4.0,5511941,6.184231253231273
tensor,model.language_model.layers.38.mlp.gate_proj,0x7,6.0,2846365,3.193535524256089
tensor,model.language_model.layers.38.mlp.gate_proj,0x8,-0.0,3525207,3.9551757363712086
tensor,model.language_model.layers.38.mlp.gate_proj,0x9,-0.5,7004884,7.8592681884765625
tensor,model.language_model.layers.38.mlp.gate_proj,0xa,-1.0,6512755,7.307114320642808
tensor,model.language_model.layers.38.mlp.gate_proj,0xb,-1.5,5917148,6.638861263499541
tensor,model.language_model.layers.38.mlp.gate_proj,0xc,-2.0,6619213,7.426556979908662
tensor,model.language_model.layers.38.mlp.gate_proj,0xd,-3.0,6603115,7.408495510325713
tensor,model.language_model.layers.38.mlp.gate_proj,0xe,-4.0,5482512,6.151212804457721
tensor,model.language_model.layers.38.mlp.gate_proj,0xf,-6.0,2833531,3.179136164048139
tensor,model.language_model.layers.38.mlp.up_proj,0x0,0.0,3558688,3.992740406709559
tensor,model.language_model.layers.38.mlp.up_proj,0x1,0.5,7056220,7.916865629308364
tensor,model.language_model.layers.38.mlp.up_proj,0x2,1.0,6530042,7.326509812298943
tensor,model.language_model.layers.38.mlp.up_proj,0x3,1.5,5920536,6.642662497127757
tensor,model.language_model.layers.38.mlp.up_proj,0x4,2.0,6606384,7.412163229549632
tensor,model.language_model.layers.38.mlp.up_proj,0x5,3.0,6572472,7.374114990234375
tensor,model.language_model.layers.38.mlp.up_proj,0x6,4.0,5471686,6.139066359576057
tensor,model.language_model.layers.38.mlp.up_proj,0x7,6.0,2855155,3.203397638657514
tensor,model.language_model.layers.38.mlp.up_proj,0x8,-0.0,3561714,3.996135487275965
tensor,model.language_model.layers.38.mlp.up_proj,0x9,-0.5,7062126,7.9234919828527115
tensor,model.language_model.layers.38.mlp.up_proj,0xa,-1.0,6530628,7.327167286592371
tensor,model.language_model.layers.38.mlp.up_proj,0xb,-1.5,5913008,6.63421630859375
tensor,model.language_model.layers.38.mlp.up_proj,0xc,-2.0,6604136,7.409641041475184
tensor,model.language_model.layers.38.mlp.up_proj,0xd,-3.0,6565988,7.366840138154871
tensor,model.language_model.layers.38.mlp.up_proj,0xe,-4.0,5468955,6.136002260095933
tensor,model.language_model.layers.38.mlp.up_proj,0xf,-6.0,2851222,3.1989849314970127
tensor,model.language_model.layers.39.mlp.down_proj,0x0,0.0,3512758,3.941208334530101
tensor,model.language_model.layers.39.mlp.down_proj,0x1,0.5,6985917,7.837987787583295
tensor,model.language_model.layers.39.mlp.down_proj,0x2,1.0,6497951,7.290504679960363
tensor,model.language_model.layers.39.mlp.down_proj,0x3,1.5,5939649,6.66410670560949
tensor,model.language_model.layers.39.mlp.down_proj,0x4,2.0,6634537,7.443750044878791
tensor,model.language_model.layers.39.mlp.down_proj,0x5,3.0,6647372,7.458150527056525
tensor,model.language_model.layers.39.mlp.down_proj,0x6,4.0,5508580,6.180460312787225
tensor,model.language_model.layers.39.mlp.down_proj,0x7,6.0,2832136,3.1775710161994484
tensor,model.language_model.layers.39.mlp.down_proj,0x8,-0.0,3515258,3.9440132589901196
tensor,model.language_model.layers.39.mlp.down_proj,0x9,-0.5,6981932,7.833516737994025
tensor,model.language_model.layers.39.mlp.down_proj,0xa,-1.0,6499547,7.292295343735638
tensor,model.language_model.layers.39.mlp.down_proj,0xb,-1.5,5941934,6.666670406565947
tensor,model.language_model.layers.39.mlp.down_proj,0xc,-2.0,6634560,7.443775850183823
tensor,model.language_model.layers.39.mlp.down_proj,0xd,-3.0,6646998,7.457730910357307
tensor,model.language_model.layers.39.mlp.down_proj,0xe,-4.0,5517183,6.19011261883904
tensor,model.language_model.layers.39.mlp.down_proj,0xf,-6.0,2832648,3.1781454647288605
tensor,model.language_model.layers.39.mlp.gate_proj,0x0,0.0,3506849,3.9345786150764015
tensor,model.language_model.layers.39.mlp.gate_proj,0x1,0.5,6971295,7.82158234540154
tensor,model.language_model.layers.39.mlp.gate_proj,0x2,1.0,6491336,7.283082849839154
tensor,model.language_model.layers.39.mlp.gate_proj,0x3,1.5,5915759,6.637302847469554
tensor,model.language_model.layers.39.mlp.gate_proj,0x4,2.0,6681920,7.496912339154412
tensor,model.language_model.layers.39.mlp.gate_proj,0x5,3.0,6672766,7.486641827751608
tensor,model.language_model.layers.39.mlp.gate_proj,0x6,4.0,5554075,6.231504328110638
tensor,model.language_model.layers.39.mlp.gate_proj,0x7,6.0,2832564,3.1780512192670036
tensor,model.language_model.layers.39.mlp.gate_proj,0x8,-0.0,3504851,3.932336919447955
tensor,model.language_model.layers.39.mlp.gate_proj,0x9,-0.5,6960185,7.809117261101218
tensor,model.language_model.layers.39.mlp.gate_proj,0xa,-1.0,6484486,7.275397356818704
tensor,model.language_model.layers.39.mlp.gate_proj,0xb,-1.5,5906480,6.62689208984375
tensor,model.language_model.layers.39.mlp.gate_proj,0xc,-2.0,6648432,7.459339815027573
tensor,model.language_model.layers.39.mlp.gate_proj,0xd,-3.0,6648215,7.459096347584444
tensor,model.language_model.layers.39.mlp.gate_proj,0xe,-4.0,5528443,6.202745998606963
tensor,model.language_model.layers.39.mlp.gate_proj,0xf,-6.0,2821304,3.165417839499081
tensor,model.language_model.layers.39.mlp.up_proj,0x0,0.0,3534453,3.9655494689941406
tensor,model.language_model.layers.39.mlp.up_proj,0x1,0.5,7018793,7.874873666202321
tensor,model.language_model.layers.39.mlp.up_proj,0x2,1.0,6516411,7.311216242173138
tensor,model.language_model.layers.39.mlp.up_proj,0x3,1.5,5907133,6.627624736112707
tensor,model.language_model.layers.39.mlp.up_proj,0x4,2.0,6648175,7.459051468793084
tensor,model.language_model.layers.39.mlp.up_proj,0x5,3.0,6621314,7.428914238424862
tensor,model.language_model.layers.39.mlp.up_proj,0x6,4.0,5500009,6.1708439097684975
tensor,model.language_model.layers.39.mlp.up_proj,0x7,6.0,2815120,3.1584795783547794
tensor,model.language_model.layers.39.mlp.up_proj,0x8,-0.0,3536359,3.9676879434024586
tensor,model.language_model.layers.39.mlp.up_proj,0x9,-0.5,7014974,7.870588863597197
tensor,model.language_model.layers.39.mlp.up_proj,0xa,-1.0,6513359,7.3077919903923485
tensor,model.language_model.layers.39.mlp.up_proj,0xb,-1.5,5916550,6.638190325568704
tensor,model.language_model.layers.39.mlp.up_proj,0xc,-2.0,6650817,7.462015712962431
tensor,model.language_model.layers.39.mlp.up_proj,0xd,-3.0,6623328,7.431173885569853
tensor,model.language_model.layers.39.mlp.up_proj,0xe,-4.0,5495267,6.165523529052734
tensor,model.language_model.layers.39.mlp.up_proj,0xf,-6.0,2816898,3.1604744406307446
tensor,model.language_model.layers.4.mlp.down_proj,0x0,0.0,3502488,3.9296857048483456
tensor,model.language_model.layers.4.mlp.down_proj,0x1,0.5,6972027,7.822403627283433
tensor,model.language_model.layers.4.mlp.down_proj,0x2,1.0,6488398,7.2797865026137405
tensor,model.language_model.layers.4.mlp.down_proj,0x3,1.5,5913810,6.635116128360524
tensor,model.language_model.layers.4.mlp.down_proj,0x4,2.0,6645631,7.456197177662569
tensor,model.language_model.layers.4.mlp.down_proj,0x5,3.0,6649201,7.460202609791475
tensor,model.language_model.layers.4.mlp.down_proj,0x6,4.0,5543370,6.21949364157284
tensor,model.language_model.layers.4.mlp.down_proj,0x7,6.0,2855051,3.203280953799977
tensor,model.language_model.layers.4.mlp.down_proj,0x8,-0.0,3502577,3.929785560159122
tensor,model.language_model.layers.4.mlp.down_proj,0x9,-0.5,6970950,7.821195265826057
tensor,model.language_model.layers.4.mlp.down_proj,0xa,-1.0,6489883,7.281452627742992
tensor,model.language_model.layers.4.mlp.down_proj,0xb,-1.5,5912272,6.633390538832721
tensor,model.language_model.layers.4.mlp.down_proj,0xc,-2.0,6643301,7.453582988065832
tensor,model.language_model.layers.4.mlp.down_proj,0xd,-3.0,6644422,7.454840716193704
tensor,model.language_model.layers.4.mlp.down_proj,0xe,-4.0,5540118,6.215844995835248
tensor,model.language_model.layers.4.mlp.down_proj,0xf,-6.0,2855461,3.20374096141142
tensor,model.language_model.layers.4.mlp.gate_proj,0x0,0.0,3500553,3.9275146933162914
tensor,model.language_model.layers.4.mlp.gate_proj,0x1,0.5,6950400,7.798138786764706
tensor,model.language_model.layers.4.mlp.gate_proj,0x2,1.0,6478398,7.268566804773667
tensor,model.language_model.layers.4.mlp.gate_proj,0x3,1.5,5910995,6.631957783418543
tensor,model.language_model.layers.4.mlp.gate_proj,0x4,2.0,6644382,7.454795837402344
tensor,model.language_model.layers.4.mlp.gate_proj,0x5,3.0,6662419,7.475032806396484
tensor,model.language_model.layers.4.mlp.gate_proj,0x6,4.0,5549105,6.2259281382841225
tensor,model.language_model.layers.4.mlp.gate_proj,0x7,6.0,2845203,3.1922317953670727
tensor,model.language_model.layers.4.mlp.gate_proj,0x8,-0.0,3499900,3.9267820470473347
tensor,model.language_model.layers.4.mlp.gate_proj,0x9,-0.5,6954015,7.802194707533893
tensor,model.language_model.layers.4.mlp.gate_proj,0xa,-1.0,6480327,7.270731084487018
tensor,model.language_model.layers.4.mlp.gate_proj,0xb,-1.5,5915015,6.6364681019502525
tensor,model.language_model.layers.4.mlp.gate_proj,0xc,-2.0,6649409,7.460435979506549
tensor,model.language_model.layers.4.mlp.gate_proj,0xd,-3.0,6670234,7.483801000258502
tensor,model.language_model.layers.4.mlp.gate_proj,0xe,-4.0,5562549,6.241011900060317
tensor,model.language_model.layers.4.mlp.gate_proj,0xf,-6.0,2856056,3.2044085334329044
tensor,model.language_model.layers.4.mlp.up_proj,0x0,0.0,3507269,3.9350498423856846
tensor,model.language_model.layers.4.mlp.up_proj,0x1,0.5,6968311,7.818234387566061
tensor,model.language_model.layers.4.mlp.up_proj,0x2,1.0,6488202,7.279566596536076
tensor,model.language_model.layers.4.mlp.up_proj,0x3,1.5,5909581,6.630371318143957
tensor,model.language_model.layers.4.mlp.up_proj,0x4,2.0,6639687,7.449528189266429
tensor,model.language_model.layers.4.mlp.up_proj,0x5,3.0,6653924,7.4655016730813415
tensor,model.language_model.layers.4.mlp.up_proj,0x6,4.0,5544802,6.2211003023035385
tensor,model.language_model.layers.4.mlp.up_proj,0x7,6.0,2850653,3.198346530689913
tensor,model.language_model.layers.4.mlp.up_proj,0x8,-0.0,3509045,3.9370424607220817
tensor,model.language_model.layers.4.mlp.up_proj,0x9,-0.5,6969170,7.819198159610524
tensor,model.language_model.layers.4.mlp.up_proj,0xa,-1.0,6487350,7.278610678280101
tensor,model.language_model.layers.4.mlp.up_proj,0xb,-1.5,5914249,6.635608673095703
tensor,model.language_model.layers.4.mlp.up_proj,0xc,-2.0,6635709,7.445064993465648
tensor,model.language_model.layers.4.mlp.up_proj,0xd,-3.0,6654709,7.466382419361787
tensor,model.language_model.layers.4.mlp.up_proj,0xe,-4.0,5544302,6.220539317411535
tensor,model.language_model.layers.4.mlp.up_proj,0xf,-6.0,2851997,3.1998544580796184
tensor,model.language_model.layers.40.mlp.down_proj,0x0,0.0,3523663,3.9534434150247013
tensor,model.language_model.layers.40.mlp.down_proj,0x1,0.5,6959177,7.807986315558939
tensor,model.language_model.layers.40.mlp.down_proj,0x2,1.0,6552144,7.351307588465073
tensor,model.language_model.layers.40.mlp.down_proj,0x3,1.5,5847203,6.5603850869571465
tensor,model.language_model.layers.40.mlp.down_proj,0x4,2.0,6696598,7.513380611644072
tensor,model.language_model.layers.40.mlp.down_proj,0x5,3.0,6593133,7.397296007941751
tensor,model.language_model.layers.40.mlp.down_proj,0x6,4.0,5543219,6.219324224135455
tensor,model.language_model.layers.40.mlp.down_proj,0x7,6.0,2850473,3.1981445761287914
tensor,model.language_model.layers.40.mlp.down_proj,0x8,-0.0,3524051,3.953878739300896
tensor,model.language_model.layers.40.mlp.down_proj,0x9,-0.5,6956255,7.804707919850069
tensor,model.language_model.layers.40.mlp.down_proj,0xa,-1.0,6553138,7.352422826430377
tensor,model.language_model.layers.40.mlp.down_proj,0xb,-1.5,5850802,6.5644230562097885
tensor,model.language_model.layers.40.mlp.down_proj,0xc,-2.0,6691235,7.50736348769244
tensor,model.language_model.layers.40.mlp.down_proj,0xd,-3.0,6587617,7.391107222613166
tensor,model.language_model.layers.40.mlp.down_proj,0xe,-4.0,5542374,6.218376159667969
tensor,model.language_model.layers.40.mlp.down_proj,0xf,-6.0,2857878,3.206452762379366
tensor,model.language_model.layers.40.mlp.gate_proj,0x0,0.0,3522535,3.952177833108341
tensor,model.language_model.layers.40.mlp.gate_proj,0x1,0.5,6996862,7.850267746869256
tensor,model.language_model.layers.40.mlp.gate_proj,0x2,1.0,6510201,7.304248809814453
tensor,model.language_model.layers.40.mlp.gate_proj,0x3,1.5,5931344,6.654788746553309
tensor,model.language_model.layers.40.mlp.gate_proj,0x4,2.0,6668888,7.482290828929228
tensor,model.language_model.layers.40.mlp.gate_proj,0x5,3.0,6649180,7.460179048426011
tensor,model.language_model.layers.40.mlp.gate_proj,0x6,4.0,5520409,6.1937320933622475
tensor,model.language_model.layers.40.mlp.gate_proj,0x7,6.0,2817796,3.161481969496783
tensor,model.language_model.layers.40.mlp.gate_proj,0x8,-0.0,3521288,3.950778736787684
tensor,model.language_model.layers.40.mlp.gate_proj,0x9,-0.5,6995923,7.849214217242072
tensor,model.language_model.layers.40.mlp.gate_proj,0xa,-1.0,6495087,7.287291358498966
tensor,model.language_model.layers.40.mlp.gate_proj,0xb,-1.5,5919678,6.641699847053079
tensor,model.language_model.layers.40.mlp.gate_proj,0xc,-2.0,6657341,7.469335443833295
tensor,model.language_model.layers.40.mlp.gate_proj,0xd,-3.0,6623446,7.4313062780043655
tensor,model.language_model.layers.40.mlp.gate_proj,0xe,-4.0,5495569,6.165862363927505
tensor,model.language_model.layers.40.mlp.gate_proj,0xf,-6.0,2803413,3.145344678093405
tensor,model.language_model.layers.40.mlp.up_proj,0x0,0.0,3568696,4.003969080307904
tensor,model.language_model.layers.40.mlp.up_proj,0x1,0.5,7068286,7.930403316722197
tensor,model.language_model.layers.40.mlp.up_proj,0x2,1.0,6536347,7.333583831787109
tensor,model.language_model.layers.40.mlp.up_proj,0x3,1.5,5928936,6.652087043313419
tensor,model.language_model.layers.40.mlp.up_proj,0x4,2.0,6626669,7.434922386618221
tensor,model.language_model.layers.40.mlp.up_proj,0x5,3.0,6569381,7.370646981632008
tensor,model.language_model.layers.40.mlp.up_proj,0x6,4.0,5454128,6.119366814108456
tensor,model.language_model.layers.40.mlp.up_proj,0x7,6.0,2818863,3.162679111256319
tensor,model.language_model.layers.40.mlp.up_proj,0x8,-0.0,3564431,3.999183879179113
tensor,model.language_model.layers.40.mlp.up_proj,0x9,-0.5,7072586,7.935227786793428
tensor,model.language_model.layers.40.mlp.up_proj,0xa,-1.0,6534938,7.332002976361443
tensor,model.language_model.layers.40.mlp.up_proj,0xb,-1.5,5927827,6.650842778822955
tensor,model.language_model.layers.40.mlp.up_proj,0xc,-2.0,6622569,7.430322310503791
tensor,model.language_model.layers.40.mlp.up_proj,0xd,-3.0,6567374,7.368395188275506
tensor,model.language_model.layers.40.mlp.up_proj,0xe,-4.0,5451002,6.115859536563649
tensor,model.language_model.layers.40.mlp.up_proj,0xf,-6.0,2816927,3.1605069777544808
tensor,model.language_model.layers.41.mlp.down_proj,0x0,0.0,3535615,3.9668531978831574
tensor,model.language_model.layers.41.mlp.down_proj,0x1,0.5,7020544,7.876838235294118
tensor,model.language_model.layers.41.mlp.down_proj,0x2,1.0,6527498,7.323655521168428
tensor,model.language_model.layers.41.mlp.down_proj,0x3,1.5,5932621,6.656221501967487
tensor,model.language_model.layers.41.mlp.down_proj,0x4,2.0,6645977,7.456585379207835
tensor,model.language_model.layers.41.mlp.down_proj,0x5,3.0,6613880,7.420573515050552
tensor,model.language_model.layers.41.mlp.down_proj,0x6,4.0,5483021,6.15178388707778
tensor,model.language_model.layers.41.mlp.down_proj,0x7,6.0,2811321,3.1542172151453354
tensor,model.language_model.layers.41.mlp.down_proj,0x8,-0.0,3531515,3.962253121768727
tensor,model.language_model.layers.41.mlp.down_proj,0x9,-0.5,7018990,7.87509469424977
tensor,model.language_model.layers.41.mlp.down_proj,0xa,-1.0,6521656,7.317100973690257
tensor,model.language_model.layers.41.mlp.down_proj,0xb,-1.5,5937251,6.66141622206744
tensor,model.language_model.layers.41.mlp.down_proj,0xc,-2.0,6644188,7.454578175264246
tensor,model.language_model.layers.41.mlp.down_proj,0xd,-3.0,6617237,7.424339967615464
tensor,model.language_model.layers.41.mlp.down_proj,0xe,-4.0,5476128,6.144050149356618
tensor,model.language_model.layers.41.mlp.down_proj,0xf,-6.0,2811518,3.154438243192785
tensor,model.language_model.layers.41.mlp.gate_proj,0x0,0.0,3534951,3.9661082099465763
tensor,model.language_model.layers.41.mlp.gate_proj,0x1,0.5,6983120,7.834849638097427
tensor,model.language_model.layers.41.mlp.gate_proj,0x2,1.0,6574456,7.376340978285846
tensor,model.language_model.layers.41.mlp.gate_proj,0x3,1.5,5875042,6.591619603774127
tensor,model.language_model.layers.41.mlp.gate_proj,0x4,2.0,6703402,7.521014494054458
tensor,model.language_model.layers.41.mlp.gate_proj,0x5,3.0,6607564,7.413487153894761
tensor,model.language_model.layers.41.mlp.gate_proj,0x6,4.0,5515448,6.188166001263787
tensor,model.language_model.layers.41.mlp.gate_proj,0x7,6.0,2810922,3.1537695492015168
tensor,model.language_model.layers.41.mlp.gate_proj,0x8,-0.0,3536283,3.967602673698874
tensor,model.language_model.layers.41.mlp.gate_proj,0x9,-0.5,6980783,7.832227594712201
tensor,model.language_model.layers.41.mlp.gate_proj,0xa,-1.0,6563982,7.364589466768153
tensor,model.language_model.layers.41.mlp.gate_proj,0xb,-1.5,5862456,6.5774984920726105
tensor,model.language_model.layers.41.mlp.gate_proj,0xc,-2.0,6692772,7.509087955250459
tensor,model.language_model.layers.41.mlp.gate_proj,0xd,-3.0,6585561,7.3888004527372475
tensor,model.language_model.layers.41.mlp.gate_proj,0xe,-4.0,5498550,6.169206955853631
tensor,model.language_model.layers.41.mlp.gate_proj,0xf,-6.0,2803668,3.145630780388327
tensor,model.language_model.layers.41.mlp.up_proj,0x0,0.0,3577079,4.013374553007238
tensor,model.language_model.layers.41.mlp.up_proj,0x1,0.5,7050217,7.910130444694968
tensor,model.language_model.layers.41.mlp.up_proj,0x2,1.0,6608624,7.414676441865809
tensor,model.language_model.layers.41.mlp.up_proj,0x3,1.5,5875245,6.59184736364028
tensor,model.language_model.layers.41.mlp.up_proj,0x4,2.0,6665170,7.4781193452722885
tensor,model.language_model.layers.41.mlp.up_proj,0x5,3.0,6536550,7.333811591653263
tensor,model.language_model.layers.41.mlp.up_proj,0x6,4.0,5449009,6.1136234507841225
tensor,model.language_model.layers.41.mlp.up_proj,0x7,6.0,2805755,3.1479723313275505
tensor,model.language_model.layers.41.mlp.up_proj,0x8,-0.0,3581571,4.018414441276999
tensor,model.language_model.layers.41.mlp.up_proj,0x9,-0.5,7055706,7.9162889368393845
tensor,model.language_model.layers.41.mlp.up_proj,0xa,-1.0,6600503,7.405564925249885
tensor,model.language_model.layers.41.mlp.up_proj,0xb,-1.5,5873576,6.589974796070772
tensor,model.language_model.layers.41.mlp.up_proj,0xc,-2.0,6663059,7.475750867058249
tensor,model.language_model.layers.41.mlp.up_proj,0xd,-3.0,6534105,7.331068375531365
tensor,model.language_model.layers.41.mlp.up_proj,0xe,-4.0,5449041,6.11365935381721
tensor,model.language_model.layers.41.mlp.up_proj,0xf,-6.0,2803750,3.145722781910616
tensor,model.language_model.layers.42.mlp.down_proj,0x0,0.0,3550832,3.983926212086397
tensor,model.language_model.layers.42.mlp.down_proj,0x1,0.5,7051135,7.911160412956686
tensor,model.language_model.layers.42.mlp.down_proj,0x2,1.0,6539576,7.337206672219669
tensor,model.language_model.layers.42.mlp.down_proj,0x3,1.5,5913922,6.635241788976333
tensor,model.language_model.layers.42.mlp.down_proj,0x4,2.0,6657282,7.4692692476160385
tensor,model.language_model.layers.42.mlp.down_proj,0x5,3.0,6573027,7.374737683464499
tensor,model.language_model.layers.42.mlp.down_proj,0x6,4.0,5465870,6.13254098331227
tensor,model.language_model.layers.42.mlp.down_proj,0x7,6.0,2822456,3.1667103486902572
tensor,model.language_model.layers.42.mlp.down_proj,0x8,-0.0,3550089,3.9830925885368798
tensor,model.language_model.layers.42.mlp.down_proj,0x9,-0.5,7047513,7.907096638399012
tensor,model.language_model.layers.42.mlp.down_proj,0xa,-1.0,6541525,7.3393933913286995
tensor,model.language_model.layers.42.mlp.down_proj,0xb,-1.5,5911563,6.632595062255859
tensor,model.language_model.layers.42.mlp.down_proj,0xc,-2.0,6649914,7.461002574247472
tensor,model.language_model.layers.42.mlp.down_proj,0xd,-3.0,6574951,7.376896353328929
tensor,model.language_model.layers.42.mlp.down_proj,0xe,-4.0,5460871,6.126932256362018
tensor,model.language_model.layers.42.mlp.down_proj,0xf,-6.0,2818434,3.1621977862189796
tensor,model.language_model.layers.42.mlp.gate_proj,0x0,0.0,3554041,3.9875266131232765
tensor,model.language_model.layers.42.mlp.gate_proj,0x1,0.5,7062137,7.923504324520335
tensor,model.language_model.layers.42.mlp.gate_proj,0x2,1.0,6529903,7.326353858498966
tensor,model.language_model.layers.42.mlp.gate_proj,0x3,1.5,5920768,6.642922794117647
tensor,model.language_model.layers.42.mlp.gate_proj,0x4,2.0,6622130,7.429829765768612
tensor,model.language_model.layers.42.mlp.gate_proj,0x5,3.0,6584467,7.387573017793543
tensor,model.language_model.layers.42.mlp.gate_proj,0x6,4.0,5480470,6.148921742158778
tensor,model.language_model.layers.42.mlp.gate_proj,0x7,6.0,2853325,3.20134443395278
tensor,model.language_model.layers.42.mlp.gate_proj,0x8,-0.0,3550571,3.983633377972771
tensor,model.language_model.layers.42.mlp.gate_proj,0x9,-0.5,7055267,7.915796392104205
tensor,model.language_model.layers.42.mlp.gate_proj,0xa,-1.0,6521289,7.3166892107795265
tensor,model.language_model.layers.42.mlp.gate_proj,0xb,-1.5,5909599,6.630391513600069
tensor,model.language_model.layers.42.mlp.gate_proj,0xc,-2.0,6611986,7.418448504279642
tensor,model.language_model.layers.42.mlp.gate_proj,0xd,-3.0,6566904,7.367867862477022
tensor,model.language_model.layers.42.mlp.gate_proj,0xe,-4.0,5466159,6.1328652325798485
tensor,model.language_model.layers.42.mlp.gate_proj,0xf,-6.0,2839944,3.186331356272978
tensor,model.language_model.layers.42.mlp.up_proj,0x0,0.0,3591008,4.029002470128677
tensor,model.language_model.layers.42.mlp.up_proj,0x1,0.5,7114523,7.982279833625345
tensor,model.language_model.layers.42.mlp.up_proj,0x2,1.0,6547189,7.345748228185317
tensor,model.language_model.layers.42.mlp.up_proj,0x3,1.5,5911739,6.632792528937845
tensor,model.language_model.layers.42.mlp.up_proj,0x4,2.0,6583787,7.386810078340418
tensor,model.language_model.layers.42.mlp.up_proj,0x5,3.0,6524718,7.320536445168888
tensor,model.language_model.layers.42.mlp.up_proj,0x6,4.0,5431878,6.094402986414292
tensor,model.language_model.layers.42.mlp.up_proj,0x7,6.0,2854667,3.2028501174029183
tensor,model.language_model.layers.42.mlp.up_proj,0x8,-0.0,3591149,4.029160667868221
tensor,model.language_model.layers.42.mlp.up_proj,0x9,-0.5,7118830,7.987112157485065
tensor,model.language_model.layers.42.mlp.up_proj,0xa,-1.0,6547680,7.3462991153492645
tensor,model.language_model.layers.42.mlp.up_proj,0xb,-1.5,5916634,6.63828457103056
tensor,model.language_model.layers.42.mlp.up_proj,0xc,-2.0,6582089,7.384904973647174
tensor,model.language_model.layers.42.mlp.up_proj,0xd,-3.0,6527566,7.3237318151137405
tensor,model.language_model.layers.42.mlp.up_proj,0xe,-4.0,5431569,6.094056297751034
tensor,model.language_model.layers.42.mlp.up_proj,0xf,-6.0,2853934,3.202027713551241
tensor,model.language_model.layers.43.mlp.down_proj,0x0,0.0,3543843,3.97608476526597
tensor,model.language_model.layers.43.mlp.down_proj,0x1,0.5,7037509,7.895872452679803
tensor,model.language_model.layers.43.mlp.down_proj,0x2,1.0,6536675,7.333951837876263
tensor,model.language_model.layers.43.mlp.down_proj,0x3,1.5,5926959,6.649868909050436
tensor,model.language_model.layers.43.mlp.down_proj,0x4,2.0,6648619,7.459549623377183
tensor,model.language_model.layers.43.mlp.down_proj,0x5,3.0,6575833,7.377885930678424
tensor,model.language_model.layers.43.mlp.down_proj,0x6,4.0,5472732,6.140239939970129
tensor,model.language_model.layers.43.mlp.down_proj,0x7,6.0,2824827,3.169370539048139
tensor,model.language_model.layers.43.mlp.down_proj,0x8,-0.0,3541267,3.9731945711023666
tensor,model.language_model.layers.43.mlp.down_proj,0x9,-0.5,7036263,7.894474478328929
tensor,model.language_model.layers.43.mlp.down_proj,0xa,-1.0,6536025,7.333222557516659
tensor,model.language_model.layers.43.mlp.down_proj,0xb,-1.5,5922193,6.644521601059857
tensor,model.language_model.layers.43.mlp.down_proj,0xc,-2.0,6652035,7.463382272159352
tensor,model.language_model.layers.43.mlp.down_proj,0xd,-3.0,6581616,7.384374281939338
tensor,model.language_model.layers.43.mlp.down_proj,0xe,-4.0,5468434,6.135417713838465
tensor,model.language_model.layers.43.mlp.down_proj,0xf,-6.0,2824130,3.1685885261086857
tensor,model.language_model.layers.43.mlp.gate_proj,0x0,0.0,3539492,3.9712030747357536
tensor,model.language_model.layers.43.mlp.gate_proj,0x1,0.5,6989432,7.841931511374081
tensor,model.language_model.layers.43.mlp.gate_proj,0x2,1.0,6559088,7.359098546645221
tensor,model.language_model.layers.43.mlp.gate_proj,0x3,1.5,5892410,6.611105974982767
tensor,model.language_model.layers.43.mlp.gate_proj,0x4,2.0,6660724,7.4731310676125915
tensor,model.language_model.layers.43.mlp.gate_proj,0x5,3.0,6602492,7.407796523150275
tensor,model.language_model.layers.43.mlp.gate_proj,0x6,4.0,5501940,6.173010433421416
tensor,model.language_model.layers.43.mlp.gate_proj,0x7,6.0,2826958,3.1717614566578582
tensor,model.language_model.layers.43.mlp.gate_proj,0x8,-0.0,3541461,3.973412233240464
tensor,model.language_model.layers.43.mlp.gate_proj,0x9,-0.5,6988546,7.840937446145451
tensor,model.language_model.layers.43.mlp.gate_proj,0xa,-1.0,6550073,7.348983989042394
tensor,model.language_model.layers.43.mlp.gate_proj,0xb,-1.5,5883730,6.601367277257583
tensor,model.language_model.layers.43.mlp.gate_proj,0xc,-2.0,6659418,7.471665775074678
tensor,model.language_model.layers.43.mlp.gate_proj,0xd,-3.0,6598236,7.403021419749541
tensor,model.language_model.layers.43.mlp.gate_proj,0xe,-4.0,5499742,6.170544343836167
tensor,model.language_model.layers.43.mlp.gate_proj,0xf,-6.0,2835218,3.181028927073759
tensor,model.language_model.layers.43.mlp.up_proj,0x0,0.0,3576828,4.013092938591452
tensor,model.language_model.layers.43.mlp.up_proj,0x1,0.5,7042994,7.902026456945083
tensor,model.language_model.layers.43.mlp.up_proj,0x2,1.0,6582403,7.385257272159352
tensor,model.language_model.layers.43.mlp.up_proj,0x3,1.5,5890240,6.608671300551471
tensor,model.language_model.layers.43.mlp.up_proj,0x4,2.0,6631584,7.440436868106618
tensor,model.language_model.layers.43.mlp.up_proj,0x5,3.0,6548320,7.347017176011029
tensor,model.language_model.layers.43.mlp.up_proj,0x6,4.0,5454059,6.119289398193359
tensor,model.language_model.layers.43.mlp.up_proj,0x7,6.0,2839307,3.1856166615205654
tensor,model.language_model.layers.43.mlp.up_proj,0x8,-0.0,3576766,4.013023376464844
tensor,model.language_model.layers.43.mlp.up_proj,0x9,-0.5,7038755,7.8972704270306755
tensor,model.language_model.layers.43.mlp.up_proj,0xa,-1.0,6578455,7.380827735452091
tensor,model.language_model.layers.43.mlp.up_proj,0xb,-1.5,5889401,6.607729967902689
tensor,model.language_model.layers.43.mlp.up_proj,0xc,-2.0,6632983,7.442006503834444
tensor,model.language_model.layers.43.mlp.up_proj,0xd,-3.0,6553414,7.352732490090763
tensor,model.language_model.layers.43.mlp.up_proj,0xe,-4.0,5456237,6.121733048382928
tensor,model.language_model.layers.43.mlp.up_proj,0xf,-6.0,2837214,3.1832683787626377
tensor,model.language_model.layers.44.mlp.down_proj,0x0,0.0,3547353,3.9800228792078354
tensor,model.language_model.layers.44.mlp.down_proj,0x1,0.5,7041548,7.9004040886374085
tensor,model.language_model.layers.44.mlp.down_proj,0x2,1.0,6547948,7.346599803251379
tensor,model.language_model.layers.44.mlp.down_proj,0x3,1.5,5928437,6.6515271803911995
tensor,model.language_model.layers.44.mlp.down_proj,0x4,2.0,6648502,7.459418352912454
tensor,model.language_model.layers.44.mlp.down_proj,0x5,3.0,6588986,7.392643199247472
tensor,model.language_model.layers.44.mlp.down_proj,0x6,4.0,5457265,6.122886433320887
tensor,model.language_model.layers.44.mlp.down_proj,0x7,6.0,2809551,3.1522313286276424
tensor,model.language_model.layers.44.mlp.down_proj,0x8,-0.0,3546423,3.9789794473087086
tensor,model.language_model.layers.44.mlp.down_proj,0x9,-0.5,7041967,7.900874193976907
tensor,model.language_model.layers.44.mlp.down_proj,0xa,-1.0,6542716,7.340729657341452
tensor,model.language_model.layers.44.mlp.down_proj,0xb,-1.5,5925477,6.648206149830537
tensor,model.language_model.layers.44.mlp.down_proj,0xc,-2.0,6648838,7.459795334759881
tensor,model.language_model.layers.44.mlp.down_proj,0xd,-3.0,6590115,7.393909903133617
tensor,model.language_model.layers.44.mlp.down_proj,0xe,-4.0,5453341,6.118483823888442
tensor,model.language_model.layers.44.mlp.down_proj,0xf,-6.0,2810493,3.1532882241641773
tensor,model.language_model.layers.44.mlp.gate_proj,0x0,0.0,3545092,3.9774861055261947
tensor,model.language_model.layers.44.mlp.gate_proj,0x1,0.5,7034627,7.892638935762293
tensor,model.language_model.layers.44.mlp.gate_proj,0x2,1.0,6528821,7.32513988719267
tensor,model.language_model.layers.44.mlp.gate_proj,0x3,1.5,5962090,6.689284829532399
tensor,model.language_model.layers.44.mlp.gate_proj,0x4,2.0,6613303,7.419926138485179
tensor,model.language_model.layers.44.mlp.gate_proj,0x5,3.0,6630368,7.4390725528492645
tensor,model.language_model.layers.44.mlp.gate_proj,0x6,4.0,5462041,6.128244961009306
tensor,model.language_model.layers.44.mlp.gate_proj,0x7,6.0,2821155,3.165250666001264
tensor,model.language_model.layers.44.mlp.gate_proj,0x8,-0.0,3539470,3.9711783914005054
tensor,model.language_model.layers.44.mlp.gate_proj,0x9,-0.5,7029835,7.88726245655733
tensor,model.language_model.layers.44.mlp.gate_proj,0xa,-1.0,6518751,7.313841651467716
tensor,model.language_model.layers.44.mlp.gate_proj,0xb,-1.5,5954041,6.680254094740924
tensor,model.language_model.layers.44.mlp.gate_proj,0xc,-2.0,6602934,7.408292433794807
tensor,model.language_model.layers.44.mlp.gate_proj,0xd,-3.0,6616728,7.423768884995404
tensor,model.language_model.layers.44.mlp.gate_proj,0xe,-4.0,5449028,6.113644768210018
tensor,model.language_model.layers.44.mlp.gate_proj,0xf,-6.0,2820676,3.164713242474724
tensor,model.language_model.layers.44.mlp.up_proj,0x0,0.0,3573833,4.00973263908835
tensor,model.language_model.layers.44.mlp.up_proj,0x1,0.5,7079989,7.943533729104435
tensor,model.language_model.layers.44.mlp.up_proj,0x2,1.0,6539971,7.337649850284352
tensor,model.language_model.layers.44.mlp.up_proj,0x3,1.5,5950267,6.67601978077608
tensor,model.language_model.layers.44.mlp.up_proj,0x4,2.0,6585856,7.389131433823529
tensor,model.language_model.layers.44.mlp.up_proj,0x5,3.0,6577038,7.379237904268153
tensor,model.language_model.layers.44.mlp.up_proj,0x6,4.0,5424363,6.085971383487477
tensor,model.language_model.layers.44.mlp.up_proj,0x7,6.0,2832409,3.1778773139504826
tensor,model.language_model.layers.44.mlp.up_proj,0x8,-0.0,3576401,4.012613857493681
tensor,model.language_model.layers.44.mlp.up_proj,0x9,-0.5,7082669,7.9465406081255745
tensor,model.language_model.layers.44.mlp.up_proj,0xa,-1.0,6536007,7.333202362060547
tensor,model.language_model.layers.44.mlp.up_proj,0xb,-1.5,5951023,6.67686798993279
tensor,model.language_model.layers.44.mlp.up_proj,0xc,-2.0,6579495,7.381994584027459
tensor,model.language_model.layers.44.mlp.up_proj,0xd,-3.0,6581651,7.384413550881779
tensor,model.language_model.layers.44.mlp.up_proj,0xe,-4.0,5427397,6.089375439812155
tensor,model.language_model.layers.44.mlp.up_proj,0xf,-6.0,2830591,3.1758375728831574
tensor,model.language_model.layers.45.mlp.down_proj,0x0,0.0,3536918,3.9683151245117188
tensor,model.language_model.layers.45.mlp.down_proj,0x1,0.5,7045189,7.9044891806209785
tensor,model.language_model.layers.45.mlp.down_proj,0x2,1.0,6523048,7.318662755629596
tensor,model.language_model.layers.45.mlp.down_proj,0x3,1.5,5933668,6.6573962043313415
tensor,model.language_model.layers.45.mlp.down_proj,0x4,2.0,6616827,7.4238799600040215
tensor,model.language_model.layers.45.mlp.down_proj,0x5,3.0,6603851,7.409321280086742
tensor,model.language_model.layers.45.mlp.down_proj,0x6,4.0,5465670,6.132316589355469
tensor,model.language_model.layers.45.mlp.down_proj,0x7,6.0,2843128,3.1899037080652572
tensor,model.language_model.layers.45.mlp.down_proj,0x8,-0.0,3538729,3.970347011790556
tensor,model.language_model.layers.45.mlp.down_proj,0x9,-0.5,7044734,7.903978684369256
tensor,model.language_model.layers.45.mlp.down_proj,0xa,-1.0,6522414,7.317951426786535
tensor,model.language_model.layers.45.mlp.down_proj,0xb,-1.5,5934678,6.65852939381319
tensor,model.language_model.layers.45.mlp.down_proj,0xc,-2.0,6609610,7.41578270407284
tensor,model.language_model.layers.45.mlp.down_proj,0xd,-3.0,6602546,7.407857109518612
tensor,model.language_model.layers.45.mlp.down_proj,0xe,-4.0,5463805,6.130224115708295
tensor,model.language_model.layers.45.mlp.down_proj,0xf,-6.0,2844145,3.1910447513355926
tensor,model.language_model.layers.45.mlp.gate_proj,0x0,0.0,3547634,3.9803381527171418
tensor,model.language_model.layers.45.mlp.gate_proj,0x1,0.5,7052071,7.912210576674518
tensor,model.language_model.layers.45.mlp.gate_proj,0x2,1.0,6534710,7.33174716725069
tensor,model.language_model.layers.45.mlp.gate_proj,0x3,1.5,5944731,6.669808556051815
tensor,model.language_model.layers.45.mlp.gate_proj,0x4,2.0,6643842,7.45418997371898
tensor,model.language_model.layers.45.mlp.gate_proj,0x5,3.0,6599574,7.404522615320542
tensor,model.language_model.layers.45.mlp.gate_proj,0x6,4.0,5458685,6.124479630414178
tensor,model.language_model.layers.45.mlp.gate_proj,0x7,6.0,2808746,3.1513281429515168
tensor,model.language_model.layers.45.mlp.gate_proj,0x8,-0.0,3545571,3.9780235290527344
tensor,model.language_model.layers.45.mlp.gate_proj,0x9,-0.5,7053153,7.913424547980814
tensor,model.language_model.layers.45.mlp.gate_proj,0xa,-1.0,6526507,7.322543649112477
tensor,model.language_model.layers.45.mlp.gate_proj,0xb,-1.5,5938133,6.662405799416935
tensor,model.language_model.layers.45.mlp.gate_proj,0xc,-2.0,6631773,7.440648920395795
tensor,model.language_model.layers.45.mlp.gate_proj,0xd,-3.0,6588146,7.391700744628906
tensor,model.language_model.layers.45.mlp.gate_proj,0xe,-4.0,5445582,6.109778460334329
tensor,model.language_model.layers.45.mlp.gate_proj,0xf,-6.0,2810102,3.1528495339786304
tensor,model.language_model.layers.45.mlp.up_proj,0x0,0.0,3574544,4.010530359604779
tensor,model.language_model.layers.45.mlp.up_proj,0x1,0.5,7098735,7.964566174675436
tensor,model.language_model.layers.45.mlp.up_proj,0x2,1.0,6555457,7.35502467435949
tensor,model.language_model.layers.45.mlp.up_proj,0x3,1.5,5938391,6.662695267621209
tensor,model.language_model.layers.45.mlp.up_proj,0x4,2.0,6612756,7.419312421013327
tensor,model.language_model.layers.45.mlp.up_proj,0x5,3.0,6559705,7.359790802001953
tensor,model.language_model.layers.45.mlp.up_proj,0x6,4.0,5420077,6.081162620993221
tensor,model.language_model.layers.45.mlp.up_proj,0x7,6.0,2808463,3.1510106255026424
tensor,model.language_model.layers.45.mlp.up_proj,0x8,-0.0,3577031,4.013320698457606
tensor,model.language_model.layers.45.mlp.up_proj,0x9,-0.5,7097901,7.9636304518755745
tensor,model.language_model.layers.45.mlp.up_proj,0xa,-1.0,6555463,7.355031406178194
tensor,model.language_model.layers.45.mlp.up_proj,0xb,-1.5,5938505,6.662823172176585
tensor,model.language_model.layers.45.mlp.up_proj,0xc,-2.0,6610851,7.417175068574793
tensor,model.language_model.layers.45.mlp.up_proj,0xd,-3.0,6557138,7.356910705566406
tensor,model.language_model.layers.45.mlp.up_proj,0xe,-4.0,5418154,6.079005073098576
tensor,model.language_model.layers.45.mlp.up_proj,0xf,-6.0,2805789,3.1480104783002067
tensor,model.language_model.layers.46.mlp.down_proj,0x0,0.0,3552655,3.9859715630026424
tensor,model.language_model.layers.46.mlp.down_proj,0x1,0.5,7059097,7.920093536376953
tensor,model.language_model.layers.46.mlp.down_proj,0x2,1.0,6544367,7.3425820294548485
tensor,model.language_model.layers.46.mlp.down_proj,0x3,1.5,5936734,6.660836163689108
tensor,model.language_model.layers.46.mlp.down_proj,0x4,2.0,6620198,7.42766212014591
tensor,model.language_model.layers.46.mlp.down_proj,0x5,3.0,6571588,7.3731231689453125
tensor,model.language_model.layers.46.mlp.down_proj,0x6,4.0,5444074,6.108086529900046
tensor,model.language_model.layers.46.mlp.down_proj,0x7,6.0,2831178,3.1764961691463696
tensor,model.language_model.layers.46.mlp.down_proj,0x8,-0.0,3551981,3.9852153553682217
tensor,model.language_model.layers.46.mlp.down_proj,0x9,-0.5,7059909,7.921004575841567
tensor,model.language_model.layers.46.mlp.down_proj,0xa,-1.0,6547203,7.345763935762293
tensor,model.language_model.layers.46.mlp.down_proj,0xb,-1.5,5940770,6.665364433737362
tensor,model.language_model.layers.46.mlp.down_proj,0xc,-2.0,6620481,7.427979637594784
tensor,model.language_model.layers.46.mlp.down_proj,0xd,-3.0,6570726,7.372156030991498
tensor,model.language_model.layers.46.mlp.down_proj,0xe,-4.0,5446816,6.111162971047794
tensor,model.language_model.layers.46.mlp.down_proj,0xf,-6.0,2831183,3.1765017789952896
tensor,model.language_model.layers.46.mlp.gate_proj,0x0,0.0,3544008,3.976269890280331
tensor,model.language_model.layers.46.mlp.gate_proj,0x1,0.5,7043485,7.90257734410903
tensor,model.language_model.layers.46.mlp.gate_proj,0x2,1.0,6537853,7.3352735182818245
tensor,model.language_model.layers.46.mlp.gate_proj,0x3,1.5,5925716,6.648474300608916
tensor,model.language_model.layers.46.mlp.gate_proj,0x4,2.0,6624693,7.432705374325023
tensor,model.language_model.layers.46.mlp.gate_proj,0x5,3.0,6593632,7.397855870863971
tensor,model.language_model.layers.46.mlp.gate_proj,0x6,4.0,5480853,6.149351456586053
tensor,model.language_model.layers.46.mlp.gate_proj,0x7,6.0,2850835,3.198550729190602
tensor,model.language_model.layers.46.mlp.gate_proj,0x8,-0.0,3546766,3.979364282944623
tensor,model.language_model.layers.46.mlp.gate_proj,0x9,-0.5,7035708,7.893851785098805
tensor,model.language_model.layers.46.mlp.gate_proj,0xa,-1.0,6529493,7.325893850887523
tensor,model.language_model.layers.46.mlp.gate_proj,0xb,-1.5,5917745,6.639531079460593
tensor,model.language_model.layers.46.mlp.gate_proj,0xc,-2.0,6611958,7.41841708912569
tensor,model.language_model.layers.46.mlp.gate_proj,0xd,-3.0,6577318,7.379552055807674
tensor,model.language_model.layers.46.mlp.gate_proj,0xe,-4.0,5465181,6.131767946131089
tensor,model.language_model.layers.46.mlp.gate_proj,0xf,-6.0,2843716,3.1905634262982536
tensor,model.language_model.layers.46.mlp.up_proj,0x0,0.0,3579914,4.016555337344899
tensor,model.language_model.layers.46.mlp.up_proj,0x1,0.5,7096697,7.96227960025563
tensor,model.language_model.layers.46.mlp.up_proj,0x2,1.0,6561774,7.362112157485065
tensor,model.language_model.layers.46.mlp.up_proj,0x3,1.5,5926827,6.649720809038947
tensor,model.language_model.layers.46.mlp.up_proj,0x4,2.0,6592046,7.396076426786535
tensor,model.language_model.layers.46.mlp.up_proj,0x5,3.0,6535987,7.333179922664867
tensor,model.language_model.layers.46.mlp.up_proj,0x6,4.0,5427822,6.089852276970358
tensor,model.language_model.layers.46.mlp.up_proj,0x7,6.0,2842405,3.18909252391142
tensor,model.language_model.layers.46.mlp.up_proj,0x8,-0.0,3577424,4.013761632582721
tensor,model.language_model.layers.46.mlp.up_proj,0x9,-0.5,7100502,7.966548695283778
tensor,model.language_model.layers.46.mlp.up_proj,0xa,-1.0,6556505,7.35620049869313
tensor,model.language_model.layers.46.mlp.up_proj,0xb,-1.5,5927168,6.650103400735294
tensor,model.language_model.layers.46.mlp.up_proj,0xc,-2.0,6595103,7.399506288416245
tensor,model.language_model.layers.46.mlp.up_proj,0xd,-3.0,6535268,7.332373226390166
tensor,model.language_model.layers.46.mlp.up_proj,0xe,-4.0,5427324,6.089293536017923
tensor,model.language_model.layers.46.mlp.up_proj,0xf,-6.0,2846194,3.193343667423024
tensor,model.language_model.layers.47.mlp.down_proj,0x0,0.0,3558872,3.992946849149816
tensor,model.language_model.layers.47.mlp.down_proj,0x1,0.5,7068377,7.930505415972541
tensor,model.language_model.layers.47.mlp.down_proj,0x2,1.0,6550784,7.349781709558823
tensor,model.language_model.layers.47.mlp.down_proj,0x3,1.5,5937890,6.662133160759421
tensor,model.language_model.layers.47.mlp.down_proj,0x4,2.0,6620001,7.42744109209846
tensor,model.language_model.layers.47.mlp.down_proj,0x5,3.0,6558427,7.358356924617992
tensor,model.language_model.layers.47.mlp.down_proj,0x6,4.0,5432956,6.095612469841452
tensor,model.language_model.layers.47.mlp.down_proj,0x7,6.0,2831139,3.1764524123247933
tensor,model.language_model.layers.47.mlp.down_proj,0x8,-0.0,3563522,3.99816400864545
tensor,model.language_model.layers.47.mlp.down_proj,0x9,-0.5,7070480,7.932864918428309
tensor,model.language_model.layers.47.mlp.down_proj,0xa,-1.0,6551333,7.350397670970244
tensor,model.language_model.layers.47.mlp.down_proj,0xb,-1.5,5939542,6.663986654842601
tensor,model.language_model.layers.47.mlp.down_proj,0xc,-2.0,6619883,7.427308699663947
tensor,model.language_model.layers.47.mlp.down_proj,0xd,-3.0,6559579,7.359649433809168
tensor,model.language_model.layers.47.mlp.down_proj,0xe,-4.0,5431909,6.094437767477596
tensor,model.language_model.layers.47.mlp.down_proj,0xf,-6.0,2834266,3.179960811839384
tensor,model.language_model.layers.47.mlp.gate_proj,0x0,0.0,3550446,3.9834931317497704
tensor,model.language_model.layers.47.mlp.gate_proj,0x1,0.5,7049560,7.909393310546875
tensor,model.language_model.layers.47.mlp.gate_proj,0x2,1.0,6539722,7.3373704798081345
tensor,model.language_model.layers.47.mlp.gate_proj,0x3,1.5,5942492,6.667296465705423
tensor,model.language_model.layers.47.mlp.gate_proj,0x4,2.0,6612289,7.418788461124196
tensor,model.language_model.layers.47.mlp.gate_proj,0x5,3.0,6593908,7.398165534524357
tensor,model.language_model.layers.47.mlp.gate_proj,0x6,4.0,5458007,6.12371893490062
tensor,model.language_model.layers.47.mlp.gate_proj,0x7,6.0,2833295,3.178871379179113
tensor,model.language_model.layers.47.mlp.gate_proj,0x8,-0.0,3548821,3.9816699308507584
tensor,model.language_model.layers.47.mlp.gate_proj,0x9,-0.5,7044990,7.9042659086339615
tensor,model.language_model.layers.47.mlp.gate_proj,0xa,-1.0,6539811,7.337470335118911
tensor,model.language_model.layers.47.mlp.gate_proj,0xb,-1.5,5942390,6.667182024787454
tensor,model.language_model.layers.47.mlp.gate_proj,0xc,-2.0,6607123,7.412992365220013
tensor,model.language_model.layers.47.mlp.gate_proj,0xd,-3.0,6580630,7.383268019732307
tensor,model.language_model.layers.47.mlp.gate_proj,0xe,-4.0,5451191,6.116071588852826
tensor,model.language_model.layers.47.mlp.gate_proj,0xf,-6.0,2834285,3.17998212926528
tensor,model.language_model.layers.47.mlp.up_proj,0x0,0.0,3584932,4.022185381721048
tensor,model.language_model.layers.47.mlp.up_proj,0x1,0.5,7102067,7.968304577995749
tensor,model.language_model.layers.47.mlp.up_proj,0x2,1.0,6562434,7.3628526575425095
tensor,model.language_model.layers.47.mlp.up_proj,0x3,1.5,5948438,6.673967698041131
tensor,model.language_model.layers.47.mlp.up_proj,0x4,2.0,6589349,7.393050474279067
tensor,model.language_model.layers.47.mlp.up_proj,0x5,3.0,6541020,7.338826796587775
tensor,model.language_model.layers.47.mlp.up_proj,0x6,4.0,5409595,6.069402133717256
tensor,model.language_model.layers.47.mlp.up_proj,0x7,6.0,2824389,3.1688791162827434
tensor,model.language_model.layers.47.mlp.up_proj,0x8,-0.0,3585902,4.023273692411535
tensor,model.language_model.layers.47.mlp.up_proj,0x9,-0.5,7105255,7.971881417667165
tensor,model.language_model.layers.47.mlp.up_proj,0xa,-1.0,6562547,7.362979440128102
tensor,model.language_model.layers.47.mlp.up_proj,0xb,-1.5,5943069,6.667943842270795
tensor,model.language_model.layers.47.mlp.up_proj,0xc,-2.0,6587944,7.391474106732537
tensor,model.language_model.layers.47.mlp.up_proj,0xd,-3.0,6546805,7.345317391788258
tensor,model.language_model.layers.47.mlp.up_proj,0xe,-4.0,5410098,6.069966484518612
tensor,model.language_model.layers.47.mlp.up_proj,0xf,-6.0,2825116,3.169694788315717
tensor,model.language_model.layers.48.mlp.down_proj,0x0,0.0,3580190,4.016865001005285
tensor,model.language_model.layers.48.mlp.down_proj,0x1,0.5,7104568,7.971110624425552
tensor,model.language_model.layers.48.mlp.down_proj,0x2,1.0,6573090,7.374808367560892
tensor,model.language_model.layers.48.mlp.down_proj,0x3,1.5,5931239,6.654670939725988
tensor,model.language_model.layers.48.mlp.down_proj,0x4,2.0,6629720,7.438345516429228
tensor,model.language_model.layers.48.mlp.down_proj,0x5,3.0,6515709,7.310428619384766
tensor,model.language_model.layers.48.mlp.down_proj,0x6,4.0,5407027,6.0665209153119255
tensor,model.language_model.layers.48.mlp.down_proj,0x7,6.0,2821105,3.1651945675120636
tensor,model.language_model.layers.48.mlp.down_proj,0x8,-0.0,3582612,4.01958241182215
tensor,model.language_model.layers.48.mlp.down_proj,0x9,-0.5,7104103,7.970588908475988
tensor,model.language_model.layers.48.mlp.down_proj,0xa,-1.0,6569499,7.3707793740665215
tensor,model.language_model.layers.48.mlp.down_proj,0xb,-1.5,5930161,6.653461456298828
tensor,model.language_model.layers.48.mlp.down_proj,0xc,-2.0,6629088,7.4376364315257355
tensor,model.language_model.layers.48.mlp.down_proj,0xd,-3.0,6520932,7.316288667566636
tensor,model.language_model.layers.48.mlp.down_proj,0xe,-4.0,5405134,6.064397026510799
tensor,model.language_model.layers.48.mlp.down_proj,0xf,-6.0,2824783,3.1693211723776424
tensor,model.language_model.layers.48.mlp.gate_proj,0x0,0.0,3563404,3.9980316162109375
tensor,model.language_model.layers.48.mlp.gate_proj,0x1,0.5,7060671,7.921859516816981
tensor,model.language_model.layers.48.mlp.gate_proj,0x2,1.0,6538819,7.3363573410931755
tensor,model.language_model.layers.48.mlp.gate_proj,0x3,1.5,5891121,6.609659755931181
tensor,model.language_model.layers.48.mlp.gate_proj,0x4,2.0,6659157,7.471372940961053
tensor,model.language_model.layers.48.mlp.gate_proj,0x5,3.0,6560824,7.361046286190257
tensor,model.language_model.layers.48.mlp.gate_proj,0x6,4.0,5489947,6.159554649801815
tensor,model.language_model.layers.48.mlp.gate_proj,0x7,6.0,2846864,3.194095387178309
tensor,model.language_model.layers.48.mlp.gate_proj,0x8,-0.0,3561132,3.995482500861673
tensor,model.language_model.layers.48.mlp.gate_proj,0x9,-0.5,7062753,7.924195457907284
tensor,model.language_model.layers.48.mlp.gate_proj,0xa,-1.0,6531142,7.327743979061351
tensor,model.language_model.layers.48.mlp.gate_proj,0xb,-1.5,5877373,6.594234915340648
tensor,model.language_model.layers.48.mlp.gate_proj,0xc,-2.0,6639475,7.44929033167222
tensor,model.language_model.layers.48.mlp.gate_proj,0xd,-3.0,6536741,7.334025887882008
tensor,model.language_model.layers.48.mlp.gate_proj,0xe,-4.0,5469298,6.136387095731847
tensor,model.language_model.layers.48.mlp.gate_proj,0xf,-6.0,2840239,3.18666233735926
tensor,model.language_model.layers.48.mlp.up_proj,0x0,0.0,3585513,4.022837246165556
tensor,model.language_model.layers.48.mlp.up_proj,0x1,0.5,7102383,7.968659120447495
tensor,model.language_model.layers.48.mlp.up_proj,0x2,1.0,6551336,7.350401036879596
tensor,model.language_model.layers.48.mlp.up_proj,0x3,1.5,5883113,6.60067502190085
tensor,model.language_model.layers.48.mlp.up_proj,0x4,2.0,6626237,7.43443769567153
tensor,model.language_model.layers.48.mlp.up_proj,0x5,3.0,6509826,7.303828071145451
tensor,model.language_model.layers.48.mlp.up_proj,0x6,4.0,5450156,6.114910350126379
tensor,model.language_model.layers.48.mlp.up_proj,0x7,6.0,2853393,3.2014207278980926
tensor,model.language_model.layers.48.mlp.up_proj,0x8,-0.0,3583987,4.021125120275161
tensor,model.language_model.layers.48.mlp.up_proj,0x9,-0.5,7098182,7.963945725384881
tensor,model.language_model.layers.48.mlp.up_proj,0xa,-1.0,6555188,7.3547228644875915
tensor,model.language_model.layers.48.mlp.up_proj,0xb,-1.5,5882033,6.5994632945341225
tensor,model.language_model.layers.48.mlp.up_proj,0xc,-2.0,6629549,7.438153659596162
tensor,model.language_model.layers.48.mlp.up_proj,0xd,-3.0,6509905,7.303916706758387
tensor,model.language_model.layers.48.mlp.up_proj,0xe,-4.0,5455230,6.120603224810432
tensor,model.language_model.layers.48.mlp.up_proj,0xf,-6.0,2852929,3.2009001339183136
tensor,model.language_model.layers.49.mlp.down_proj,0x0,0.0,3579036,4.015570247874541
tensor,model.language_model.layers.49.mlp.down_proj,0x1,0.5,7107857,7.9748007830451515
tensor,model.language_model.layers.49.mlp.down_proj,0x2,1.0,6575035,7.376990598790786
tensor,model.language_model.layers.49.mlp.down_proj,0x3,1.5,5928829,6.65196699254653
tensor,model.language_model.layers.49.mlp.down_proj,0x4,2.0,6605410,7.4110704309800095
tensor,model.language_model.layers.49.mlp.down_proj,0x5,3.0,6517879,7.312863293816061
tensor,model.language_model.layers.49.mlp.down_proj,0x6,4.0,5406094,6.065474117503447
tensor,model.language_model.layers.49.mlp.down_proj,0x7,6.0,2839838,3.186212427475873
tensor,model.language_model.layers.49.mlp.down_proj,0x8,-0.0,3586830,4.024314880371094
tensor,model.language_model.layers.49.mlp.down_proj,0x9,-0.5,7106655,7.973452175364775
tensor,model.language_model.layers.49.mlp.down_proj,0xa,-1.0,6570032,7.371377383961397
tensor,model.language_model.layers.49.mlp.down_proj,0xb,-1.5,5932024,6.655551686006434
tensor,model.language_model.layers.49.mlp.down_proj,0xc,-2.0,6608900,7.414986105526195
tensor,model.language_model.layers.49.mlp.down_proj,0xd,-3.0,6518818,7.313916823443244
tensor,model.language_model.layers.49.mlp.down_proj,0xe,-4.0,5407941,6.067546395694508
tensor,model.language_model.layers.49.mlp.down_proj,0xf,-6.0,2837782,3.1839056575999543
tensor,model.language_model.layers.49.mlp.gate_proj,0x0,0.0,3581623,4.018472783705768
tensor,model.language_model.layers.49.mlp.gate_proj,0x1,0.5,7085768,7.950017592486213
tensor,model.language_model.layers.49.mlp.gate_proj,0x2,1.0,6549126,7.34792148365694
tensor,model.language_model.layers.49.mlp.gate_proj,0x3,1.5,5915169,6.63664088529699
tensor,model.language_model.layers.49.mlp.gate_proj,0x4,2.0,6618784,7.426075654871323
tensor,model.language_model.layers.49.mlp.gate_proj,0x5,3.0,6562349,7.362757290110869
tensor,model.language_model.layers.49.mlp.gate_proj,0x6,4.0,5461285,6.127396751852596
tensor,model.language_model.layers.49.mlp.gate_proj,0x7,6.0,2841383,3.1879458707921646
tensor,model.language_model.layers.49.mlp.gate_proj,0x8,-0.0,3579858,4.016492507036994
tensor,model.language_model.layers.49.mlp.gate_proj,0x9,-0.5,7079826,7.943350848029642
tensor,model.language_model.layers.49.mlp.gate_proj,0xa,-1.0,6539804,7.337462481330423
tensor,model.language_model.layers.49.mlp.gate_proj,0xb,-1.5,5900541,6.62022871129653
tensor,model.language_model.layers.49.mlp.gate_proj,0xc,-2.0,6599059,7.403944800881779
tensor,model.language_model.layers.49.mlp.gate_proj,0xd,-3.0,6544077,7.342256658217487
tensor,model.language_model.layers.49.mlp.gate_proj,0xe,-4.0,5436092,6.0991309670841
tensor,model.language_model.layers.49.mlp.gate_proj,0xf,-6.0,2834216,3.179904713350184
tensor,model.language_model.layers.49.mlp.up_proj,0x0,0.0,3587506,4.025073331945083
tensor,model.language_model.layers.49.mlp.up_proj,0x1,0.5,7102422,7.968702877269072
tensor,model.language_model.layers.49.mlp.up_proj,0x2,1.0,6561229,7.36150068395278
tensor,model.language_model.layers.49.mlp.up_proj,0x3,1.5,5905990,6.6263423246495865
tensor,model.language_model.layers.49.mlp.up_proj,0x4,2.0,6595907,7.400408352122588
tensor,model.language_model.layers.49.mlp.up_proj,0x5,3.0,6528299,7.324554218965418
tensor,model.language_model.layers.49.mlp.up_proj,0x6,4.0,5433267,6.095961402444279
tensor,model.language_model.layers.49.mlp.up_proj,0x7,6.0,2850421,3.198086233700023
tensor,model.language_model.layers.49.mlp.up_proj,0x8,-0.0,3588321,4.025987737319049
tensor,model.language_model.layers.49.mlp.up_proj,0x9,-0.5,7107071,7.973918914794922
tensor,model.language_model.layers.49.mlp.up_proj,0xa,-1.0,6550666,7.34964931712431
tensor,model.language_model.layers.49.mlp.up_proj,0xb,-1.5,5913500,6.634768317727482
tensor,model.language_model.layers.49.mlp.up_proj,0xc,-2.0,6594525,7.398857789881089
tensor,model.language_model.layers.49.mlp.up_proj,0xd,-3.0,6529107,7.3254607705508965
tensor,model.language_model.layers.49.mlp.up_proj,0xe,-4.0,5431784,6.094297521254596
tensor,model.language_model.layers.49.mlp.up_proj,0xf,-6.0,2848945,3.196430206298828
tensor,model.language_model.layers.5.mlp.down_proj,0x0,0.0,3509672,3.9377459357766544
tensor,model.language_model.layers.5.mlp.down_proj,0x1,0.5,6967384,7.817194321576287
tensor,model.language_model.layers.5.mlp.down_proj,0x2,1.0,6496174,7.288510939654182
tensor,model.language_model.layers.5.mlp.down_proj,0x3,1.5,5941364,6.6660308837890625
tensor,model.language_model.layers.5.mlp.down_proj,0x4,2.0,6620322,7.427801244399127
tensor,model.language_model.layers.5.mlp.down_proj,0x5,3.0,6672642,7.486502703498392
tensor,model.language_model.layers.5.mlp.down_proj,0x6,4.0,5520891,6.194272882798138
tensor,model.language_model.layers.5.mlp.down_proj,0x7,6.0,2840951,3.1874611798454735
tensor,model.language_model.layers.5.mlp.down_proj,0x8,-0.0,3503503,3.930824504179113
tensor,model.language_model.layers.5.mlp.down_proj,0x9,-0.5,6972293,7.8227020712459785
tensor,model.language_model.layers.5.mlp.down_proj,0xa,-1.0,6486937,7.278147304759306
tensor,model.language_model.layers.5.mlp.down_proj,0xb,-1.5,5946787,6.672115325927734
tensor,model.language_model.layers.5.mlp.down_proj,0xc,-2.0,6616754,7.4237980562097885
tensor,model.language_model.layers.5.mlp.down_proj,0xd,-3.0,6669786,7.483298357795267
tensor,model.language_model.layers.5.mlp.down_proj,0xe,-4.0,5522429,6.195998472325942
tensor,model.language_model.layers.5.mlp.down_proj,0xf,-6.0,2841071,3.187595816219554
tensor,model.language_model.layers.5.mlp.gate_proj,0x0,0.0,3499765,3.9266305811264934
tensor,model.language_model.layers.5.mlp.gate_proj,0x1,0.5,6959326,7.808153489056756
tensor,model.language_model.layers.5.mlp.gate_proj,0x2,1.0,6476988,7.2669848273782165
tensor,model.language_model.layers.5.mlp.gate_proj,0x3,1.5,5931351,6.654796600341797
tensor,model.language_model.layers.5.mlp.gate_proj,0x4,2.0,6638329,7.4480045542997475
tensor,model.language_model.layers.5.mlp.gate_proj,0x5,3.0,6664550,7.477423724006204
tensor,model.language_model.layers.5.mlp.gate_proj,0x6,4.0,5537785,6.213227440329159
tensor,model.language_model.layers.5.mlp.gate_proj,0x7,6.0,2829744,3.174887264476103
tensor,model.language_model.layers.5.mlp.gate_proj,0x8,-0.0,3498136,3.9248028923483456
tensor,model.language_model.layers.5.mlp.gate_proj,0x9,-0.5,6955378,7.803723952349494
tensor,model.language_model.layers.5.mlp.gate_proj,0xa,-1.0,6486908,7.27811476763557
tensor,model.language_model.layers.5.mlp.gate_proj,0xb,-1.5,5935911,6.65991278255687
tensor,model.language_model.layers.5.mlp.gate_proj,0xc,-2.0,6648499,7.459414987003102
tensor,model.language_model.layers.5.mlp.gate_proj,0xd,-3.0,6676271,7.490574331844554
tensor,model.language_model.layers.5.mlp.gate_proj,0xe,-4.0,5550733,6.227754705092487
tensor,model.language_model.layers.5.mlp.gate_proj,0xf,-6.0,2839286,3.185593100155101
tensor,model.language_model.layers.5.mlp.up_proj,0x0,0.0,3510588,3.9387736600988053
tensor,model.language_model.layers.5.mlp.up_proj,0x1,0.5,6985978,7.838056227740119
tensor,model.language_model.layers.5.mlp.up_proj,0x2,1.0,6497399,7.289885352639591
tensor,model.language_model.layers.5.mlp.up_proj,0x3,1.5,5930760,6.654133516199448
tensor,model.language_model.layers.5.mlp.up_proj,0x4,2.0,6630775,7.439529194551356
tensor,model.language_model.layers.5.mlp.up_proj,0x5,3.0,6651535,7.4628212872673485
tensor,model.language_model.layers.5.mlp.up_proj,0x6,4.0,5523466,6.197161954991958
tensor,model.language_model.layers.5.mlp.up_proj,0x7,6.0,2839796,3.1861653047449447
tensor,model.language_model.layers.5.mlp.up_proj,0x8,-0.0,3511269,3.939537721521714
tensor,model.language_model.layers.5.mlp.up_proj,0x9,-0.5,6983991,7.835826873779297
tensor,model.language_model.layers.5.mlp.up_proj,0xa,-1.0,6493449,7.285453571992762
tensor,model.language_model.layers.5.mlp.up_proj,0xb,-1.5,5938704,6.663046444163603
tensor,model.language_model.layers.5.mlp.up_proj,0xc,-2.0,6624236,7.432192634133732
tensor,model.language_model.layers.5.mlp.up_proj,0xd,-3.0,6644699,7.455151501823874
tensor,model.language_model.layers.5.mlp.up_proj,0xe,-4.0,5521951,6.195462170769186
tensor,model.language_model.layers.5.mlp.up_proj,0xf,-6.0,2840364,3.186802583582261
tensor,model.language_model.layers.50.mlp.down_proj,0x0,0.0,3641056,4.085154813878677
tensor,model.language_model.layers.50.mlp.down_proj,0x1,0.5,7207977,8.087132397819968
tensor,model.language_model.layers.50.mlp.down_proj,0x2,1.0,6629674,7.4382939058191635
tensor,model.language_model.layers.50.mlp.down_proj,0x3,1.5,5937833,6.662069208481732
tensor,model.language_model.layers.50.mlp.down_proj,0x4,2.0,6577465,7.379716985365924
tensor,model.language_model.layers.50.mlp.down_proj,0x5,3.0,6433000,7.217631620519302
tensor,model.language_model.layers.50.mlp.down_proj,0x6,4.0,5313499,5.961585325353286
tensor,model.language_model.layers.50.mlp.down_proj,0x7,6.0,2819826,3.163759568158318
tensor,model.language_model.layers.50.mlp.down_proj,0x8,-0.0,3643225,4.087588366340189
tensor,model.language_model.layers.50.mlp.down_proj,0x9,-0.5,7203531,8.08214412016027
tensor,model.language_model.layers.50.mlp.down_proj,0xa,-1.0,6635543,7.4448787464815025
tensor,model.language_model.layers.50.mlp.down_proj,0xb,-1.5,5939770,6.664242463953355
tensor,model.language_model.layers.50.mlp.down_proj,0xc,-2.0,6575759,7.377802904914407
tensor,model.language_model.layers.50.mlp.down_proj,0xd,-3.0,6435548,7.220490399528952
tensor,model.language_model.layers.50.mlp.down_proj,0xe,-4.0,5315422,5.963742873247932
tensor,model.language_model.layers.50.mlp.down_proj,0xf,-6.0,2819832,3.163766299977022
tensor,model.language_model.layers.50.mlp.gate_proj,0x0,0.0,3620145,4.061693303725299
tensor,model.language_model.layers.50.mlp.gate_proj,0x1,0.5,7152094,8.024433360380286
tensor,model.language_model.layers.50.mlp.gate_proj,0x2,1.0,6584093,7.3871534010943245
tensor,model.language_model.layers.50.mlp.gate_proj,0x3,1.5,5914504,6.635894775390625
tensor,model.language_model.layers.50.mlp.gate_proj,0x4,2.0,6594797,7.399162965662339
tensor,model.language_model.layers.50.mlp.gate_proj,0x5,3.0,6490566,7.282218933105469
tensor,model.language_model.layers.50.mlp.gate_proj,0x6,4.0,5395397,6.05347240672392
tensor,model.language_model.layers.50.mlp.gate_proj,0x7,6.0,2833842,3.179485096650965
tensor,model.language_model.layers.50.mlp.gate_proj,0x8,-0.0,3618391,4.05972536872415
tensor,model.language_model.layers.50.mlp.gate_proj,0x9,-0.5,7146855,8.018555360681871
tensor,model.language_model.layers.50.mlp.gate_proj,0xa,-1.0,6575043,7.376999574549058
tensor,model.language_model.layers.50.mlp.gate_proj,0xb,-1.5,5902502,6.622428894042969
tensor,model.language_model.layers.50.mlp.gate_proj,0xc,-2.0,6586462,7.389811347512638
tensor,model.language_model.layers.50.mlp.gate_proj,0xd,-3.0,6483077,7.273816501393037
tensor,model.language_model.layers.50.mlp.gate_proj,0xe,-4.0,5395109,6.053149279426126
tensor,model.language_model.layers.50.mlp.gate_proj,0xf,-6.0,2836083,3.1819994309369255
tensor,model.language_model.layers.50.mlp.up_proj,0x0,0.0,3622915,4.064801160026999
tensor,model.language_model.layers.50.mlp.up_proj,0x1,0.5,7160636,8.034017226275276
tensor,model.language_model.layers.50.mlp.up_proj,0x2,1.0,6575315,7.377304750330308
tensor,model.language_model.layers.50.mlp.up_proj,0x3,1.5,5907829,6.628405627082376
tensor,model.language_model.layers.50.mlp.up_proj,0x4,2.0,6590085,7.393876244040096
tensor,model.language_model.layers.50.mlp.up_proj,0x5,3.0,6489576,7.281108183019302
tensor,model.language_model.layers.50.mlp.up_proj,0x6,4.0,5393198,6.051005195168888
tensor,model.language_model.layers.50.mlp.up_proj,0x7,6.0,2825182,3.1697688383214615
tensor,model.language_model.layers.50.mlp.up_proj,0x8,-0.0,3621428,4.06313279095818
tensor,model.language_model.layers.50.mlp.up_proj,0x9,-0.5,7155239,8.027961955350989
tensor,model.language_model.layers.50.mlp.up_proj,0xa,-1.0,6579874,7.382419810575597
tensor,model.language_model.layers.50.mlp.up_proj,0xb,-1.5,5909278,6.630031361299403
tensor,model.language_model.layers.50.mlp.up_proj,0xc,-2.0,6587968,7.391501034007353
tensor,model.language_model.layers.50.mlp.up_proj,0xd,-3.0,6488156,7.279514985926011
tensor,model.language_model.layers.50.mlp.up_proj,0xe,-4.0,5394211,6.052141750560088
tensor,model.language_model.layers.50.mlp.up_proj,0xf,-6.0,2828070,3.173009087057675
tensor,model.language_model.layers.51.mlp.down_proj,0x0,0.0,3589492,4.027301563936121
tensor,model.language_model.layers.51.mlp.down_proj,0x1,0.5,7117203,7.985286712646484
tensor,model.language_model.layers.51.mlp.down_proj,0x2,1.0,6582587,7.385463714599609
tensor,model.language_model.layers.51.mlp.down_proj,0x3,1.5,5913352,6.634602266199448
tensor,model.language_model.layers.51.mlp.down_proj,0x4,2.0,6600323,7.405362970688763
tensor,model.language_model.layers.51.mlp.down_proj,0x5,3.0,6501977,7.2950217303107765
tensor,model.language_model.layers.51.mlp.down_proj,0x6,4.0,5406666,6.066115884219899
tensor,model.language_model.layers.51.mlp.down_proj,0x7,6.0,2850693,3.198391409481273
tensor,model.language_model.layers.51.mlp.down_proj,0x8,-0.0,3593729,4.03205534991096
tensor,model.language_model.layers.51.mlp.down_proj,0x9,-0.5,7121255,7.989832934211282
tensor,model.language_model.layers.51.mlp.down_proj,0xa,-1.0,6580126,7.382702546961167
tensor,model.language_model.layers.51.mlp.down_proj,0xb,-1.5,5913349,6.634598900290096
tensor,model.language_model.layers.51.mlp.down_proj,0xc,-2.0,6604395,7.409931631649242
tensor,model.language_model.layers.51.mlp.down_proj,0xd,-3.0,6499735,7.292506274055032
tensor,model.language_model.layers.51.mlp.down_proj,0xe,-4.0,5404260,6.063416424919577
tensor,model.language_model.layers.51.mlp.down_proj,0xf,-6.0,2849818,3.1974096859202668
tensor,model.language_model.layers.51.mlp.gate_proj,0x0,0.0,3573215,4.009039261761834
tensor,model.language_model.layers.51.mlp.gate_proj,0x1,0.5,7092689,7.957782745361328
tensor,model.language_model.layers.51.mlp.gate_proj,0x2,1.0,6567527,7.368566849652459
tensor,model.language_model.layers.51.mlp.gate_proj,0x3,1.5,5928445,6.651536156149471
tensor,model.language_model.layers.51.mlp.gate_proj,0x4,2.0,6615020,7.42185256060432
tensor,model.language_model.layers.51.mlp.gate_proj,0x5,3.0,6548971,7.347747578340418
tensor,model.language_model.layers.51.mlp.gate_proj,0x6,4.0,5437243,6.100422354305492
tensor,model.language_model.layers.51.mlp.gate_proj,0x7,6.0,2830050,3.175230587230009
tensor,model.language_model.layers.51.mlp.gate_proj,0x8,-0.0,3575954,4.01211233700023
tensor,model.language_model.layers.51.mlp.gate_proj,0x9,-0.5,7086425,7.950754726634306
tensor,model.language_model.layers.51.mlp.gate_proj,0xa,-1.0,6562410,7.362825730267693
tensor,model.language_model.layers.51.mlp.gate_proj,0xb,-1.5,5917740,6.639525469611673
tensor,model.language_model.layers.51.mlp.gate_proj,0xc,-2.0,6605546,7.4112230188706345
tensor,model.language_model.layers.51.mlp.gate_proj,0xd,-3.0,6533132,7.329976698931525
tensor,model.language_model.layers.51.mlp.gate_proj,0xe,-4.0,5424082,6.085656109978171
tensor,model.language_model.layers.51.mlp.gate_proj,0xf,-6.0,2830511,3.1757478153004364
tensor,model.language_model.layers.51.mlp.up_proj,0x0,0.0,3583699,4.020801992977367
tensor,model.language_model.layers.51.mlp.up_proj,0x1,0.5,7103628,7.970055972828584
tensor,model.language_model.layers.51.mlp.up_proj,0x2,1.0,6562450,7.362870609059053
tensor,model.language_model.layers.51.mlp.up_proj,0x3,1.5,5915217,6.6366947398466225
tensor,model.language_model.layers.51.mlp.up_proj,0x4,2.0,6605763,7.411466486313763
tensor,model.language_model.layers.51.mlp.up_proj,0x5,3.0,6544817,7.3430869158576515
tensor,model.language_model.layers.51.mlp.up_proj,0x6,4.0,5430550,6.092913010541131
tensor,model.language_model.layers.51.mlp.up_proj,0x7,6.0,2822475,3.1667316661161533
tensor,model.language_model.layers.51.mlp.up_proj,0x8,-0.0,3582224,4.019147087545956
tensor,model.language_model.layers.51.mlp.up_proj,0x9,-0.5,7099972,7.965954051298254
tensor,model.language_model.layers.51.mlp.up_proj,0xa,-1.0,6564606,7.365289575913373
tensor,model.language_model.layers.51.mlp.up_proj,0xb,-1.5,5918213,6.640056161319508
tensor,model.language_model.layers.51.mlp.up_proj,0xc,-2.0,6608634,7.414687661563649
tensor,model.language_model.layers.51.mlp.up_proj,0xd,-3.0,6537821,7.335237615248737
tensor,model.language_model.layers.51.mlp.up_proj,0xe,-4.0,5429960,6.092251048368566
tensor,model.language_model.layers.51.mlp.up_proj,0xf,-6.0,2818931,3.1627554052016316
tensor,model.language_model.layers.52.mlp.down_proj,0x0,0.0,3555680,3.9893655215992645
tensor,model.language_model.layers.52.mlp.down_proj,0x1,0.5,7055840,7.916439280790441
tensor,model.language_model.layers.52.mlp.down_proj,0x2,1.0,6543712,7.341847139246323
tensor,model.language_model.layers.52.mlp.down_proj,0x3,1.5,5913607,6.63488836849437
tensor,model.language_model.layers.52.mlp.down_proj,0x4,2.0,6620609,7.428123249727137
tensor,model.language_model.layers.52.mlp.down_proj,0x5,3.0,6573096,7.374815099379596
tensor,model.language_model.layers.52.mlp.down_proj,0x6,4.0,5461217,6.127320457907284
tensor,model.language_model.layers.52.mlp.down_proj,0x7,6.0,2845276,3.1923136991613053
tensor,model.language_model.layers.52.mlp.down_proj,0x8,-0.0,3553743,3.9871922661276424
tensor,model.language_model.layers.52.mlp.down_proj,0x9,-0.5,7056013,7.9166333815630745
tensor,model.language_model.layers.52.mlp.down_proj,0xa,-1.0,6541582,7.339457343606388
tensor,model.language_model.layers.52.mlp.down_proj,0xb,-1.5,5914627,6.636032777674058
tensor,model.language_model.layers.52.mlp.down_proj,0xc,-2.0,6620263,7.42773504818187
tensor,model.language_model.layers.52.mlp.down_proj,0xd,-3.0,6569636,7.37093308392693
tensor,model.language_model.layers.52.mlp.down_proj,0xe,-4.0,5458012,6.123724544749541
tensor,model.language_model.layers.52.mlp.down_proj,0xf,-6.0,2846047,3.1931787378647747
tensor,model.language_model.layers.52.mlp.gate_proj,0x0,0.0,3554883,3.988471311681411
tensor,model.language_model.layers.52.mlp.gate_proj,0x1,0.5,7062443,7.923847647274242
tensor,model.language_model.layers.52.mlp.gate_proj,0x2,1.0,6537445,7.3348157546099495
tensor,model.language_model.layers.52.mlp.gate_proj,0x3,1.5,5930421,6.65375316844267
tensor,model.language_model.layers.52.mlp.gate_proj,0x4,2.0,6617860,7.4250389547909
tensor,model.language_model.layers.52.mlp.gate_proj,0x5,3.0,6587257,7.390703313490924
tensor,model.language_model.layers.52.mlp.gate_proj,0x6,4.0,5471269,6.138598498176126
tensor,model.language_model.layers.52.mlp.gate_proj,0x7,6.0,2848777,3.196241715375115
tensor,model.language_model.layers.52.mlp.gate_proj,0x8,-0.0,3554758,3.98833106545841
tensor,model.language_model.layers.52.mlp.gate_proj,0x9,-0.5,7060164,7.921290678136489
tensor,model.language_model.layers.52.mlp.gate_proj,0xa,-1.0,6523076,7.318694170783548
tensor,model.language_model.layers.52.mlp.gate_proj,0xb,-1.5,5919887,6.641934338737936
tensor,model.language_model.layers.52.mlp.gate_proj,0xc,-2.0,6600930,7.406044006347656
tensor,model.language_model.layers.52.mlp.gate_proj,0xd,-3.0,6567002,7.367977815515855
tensor,model.language_model.layers.52.mlp.gate_proj,0xe,-4.0,5451642,6.1165775972254135
tensor,model.language_model.layers.52.mlp.gate_proj,0xf,-6.0,2841146,3.1876799639533546
tensor,model.language_model.layers.52.mlp.up_proj,0x0,0.0,3568690,4.003962348489201
tensor,model.language_model.layers.52.mlp.up_proj,0x1,0.5,7079150,7.942592396455653
tensor,model.language_model.layers.52.mlp.up_proj,0x2,1.0,6531420,7.328055886661305
tensor,model.language_model.layers.52.mlp.up_proj,0x3,1.5,5921770,6.644047007841222
tensor,model.language_model.layers.52.mlp.up_proj,0x4,2.0,6597454,7.402144039378447
tensor,model.language_model.layers.52.mlp.up_proj,0x5,3.0,6557108,7.356877046472886
tensor,model.language_model.layers.52.mlp.up_proj,0x6,4.0,5459976,6.125928093405331
tensor,model.language_model.layers.52.mlp.up_proj,0x7,6.0,2853980,3.2020793241613053
tensor,model.language_model.layers.52.mlp.up_proj,0x8,-0.0,3562733,3.9972787744858684
tensor,model.language_model.layers.52.mlp.up_proj,0x9,-0.5,7073730,7.936511320226333
tensor,model.language_model.layers.52.mlp.up_proj,0xa,-1.0,6536043,7.3332427529727715
tensor,model.language_model.layers.52.mlp.up_proj,0xb,-1.5,5921519,6.643765393425436
tensor,model.language_model.layers.52.mlp.up_proj,0xc,-2.0,6595854,7.400348887724035
tensor,model.language_model.layers.52.mlp.up_proj,0xd,-3.0,6559534,7.359598945168888
tensor,model.language_model.layers.52.mlp.up_proj,0xe,-4.0,5457694,6.123367758358226
tensor,model.language_model.layers.52.mlp.up_proj,0xf,-6.0,2852305,3.2002000247730926
tensor,model.language_model.layers.53.mlp.down_proj,0x0,0.0,3559678,3.993851156795726
tensor,model.language_model.layers.53.mlp.down_proj,0x1,0.5,7071260,7.933740054859834
tensor,model.language_model.layers.53.mlp.down_proj,0x2,1.0,6540863,7.338650647331686
tensor,model.language_model.layers.53.mlp.down_proj,0x3,1.5,5944913,6.670012754552505
tensor,model.language_model.layers.53.mlp.down_proj,0x4,2.0,6610227,7.416474959429572
tensor,model.language_model.layers.53.mlp.down_proj,0x5,3.0,6582471,7.385333566104665
tensor,model.language_model.layers.53.mlp.down_proj,0x6,4.0,5440066,6.103589675005744
tensor,model.language_model.layers.53.mlp.down_proj,0x7,6.0,2818182,3.16191504983341
tensor,model.language_model.layers.53.mlp.down_proj,0x8,-0.0,3560725,3.9950258591595817
tensor,model.language_model.layers.53.mlp.down_proj,0x9,-0.5,7069875,7.932186126708984
tensor,model.language_model.layers.53.mlp.down_proj,0xa,-1.0,6539321,7.3369205699247475
tensor,model.language_model.layers.53.mlp.down_proj,0xb,-1.5,5946199,6.671455607694738
tensor,model.language_model.layers.53.mlp.down_proj,0xc,-2.0,6608706,7.414768443388097
tensor,model.language_model.layers.53.mlp.down_proj,0xd,-3.0,6582621,7.385501861572266
tensor,model.language_model.layers.53.mlp.down_proj,0xe,-4.0,5436753,6.099872589111328
tensor,model.language_model.layers.53.mlp.down_proj,0xf,-6.0,2817100,3.160701078527114
tensor,model.language_model.layers.53.mlp.gate_proj,0x0,0.0,3539839,3.971592398250804
tensor,model.language_model.layers.53.mlp.gate_proj,0x1,0.5,7035855,7.894016714657054
tensor,model.language_model.layers.53.mlp.gate_proj,0x2,1.0,6538836,7.336376414579504
tensor,model.language_model.layers.53.mlp.gate_proj,0x3,1.5,5900974,6.620714524213006
tensor,model.language_model.layers.53.mlp.gate_proj,0x4,2.0,6639232,7.449017693014706
tensor,model.language_model.layers.53.mlp.gate_proj,0x5,3.0,6594575,7.39891388837029
tensor,model.language_model.layers.53.mlp.gate_proj,0x6,4.0,5496130,6.166491788976333
tensor,model.language_model.layers.53.mlp.gate_proj,0x7,6.0,2850530,3.1982085284064796
tensor,model.language_model.layers.53.mlp.gate_proj,0x8,-0.0,3541773,3.9737622878130745
tensor,model.language_model.layers.53.mlp.gate_proj,0x9,-0.5,7032911,7.890713635612936
tensor,model.language_model.layers.53.mlp.gate_proj,0xa,-1.0,6531382,7.328013251809513
tensor,model.language_model.layers.53.mlp.gate_proj,0xb,-1.5,5895373,6.61443037145278
tensor,model.language_model.layers.53.mlp.gate_proj,0xc,-2.0,6628308,7.436761295094209
tensor,model.language_model.layers.53.mlp.gate_proj,0xd,-3.0,6577336,7.379572251263787
tensor,model.language_model.layers.53.mlp.gate_proj,0xe,-4.0,5481010,6.149527605842142
tensor,model.language_model.layers.53.mlp.gate_proj,0xf,-6.0,2844896,3.1918873506433822
tensor,model.language_model.layers.53.mlp.up_proj,0x0,0.0,3548476,3.981282851275276
tensor,model.language_model.layers.53.mlp.up_proj,0x1,0.5,7044698,7.903938293457031
tensor,model.language_model.layers.53.mlp.up_proj,0x2,1.0,6531896,7.328589944278493
tensor,model.language_model.layers.53.mlp.up_proj,0x3,1.5,5894763,6.613745969884536
tensor,model.language_model.layers.53.mlp.up_proj,0x4,2.0,6623421,7.431278228759766
tensor,model.language_model.layers.53.mlp.up_proj,0x5,3.0,6573215,7.374948613783893
tensor,model.language_model.layers.53.mlp.up_proj,0x6,4.0,5486451,6.1556322434369255
tensor,model.language_model.layers.53.mlp.up_proj,0x7,6.0,2853705,3.201770782470703
tensor,model.language_model.layers.53.mlp.up_proj,0x8,-0.0,3549953,3.9829400006462548
tensor,model.language_model.layers.53.mlp.up_proj,0x9,-0.5,7049250,7.909045499913833
tensor,model.language_model.layers.53.mlp.up_proj,0xa,-1.0,6534622,7.331648433909697
tensor,model.language_model.layers.53.mlp.up_proj,0xb,-1.5,5896891,6.616133521584904
tensor,model.language_model.layers.53.mlp.up_proj,0xc,-2.0,6626085,7.434267156264362
tensor,model.language_model.layers.53.mlp.up_proj,0xd,-3.0,6572248,7.373863669002757
tensor,model.language_model.layers.53.mlp.up_proj,0xe,-4.0,5488740,6.158200432272518
tensor,model.language_model.layers.53.mlp.up_proj,0xf,-6.0,2854546,3.2027143590590534
tensor,model.language_model.layers.54.mlp.down_proj,0x0,0.0,3579868,4.016503726734834
tensor,model.language_model.layers.54.mlp.down_proj,0x1,0.5,7091025,7.95591578764074
tensor,model.language_model.layers.54.mlp.down_proj,0x2,1.0,6555215,7.35475315767176
tensor,model.language_model.layers.54.mlp.down_proj,0x3,1.5,5885940,6.603846830480239
tensor,model.language_model.layers.54.mlp.down_proj,0x4,2.0,6638899,7.448644077076631
tensor,model.language_model.layers.54.mlp.down_proj,0x5,3.0,6517556,7.312500897575827
tensor,model.language_model.layers.54.mlp.down_proj,0x6,4.0,5449246,6.113889357622932
tensor,model.language_model.layers.54.mlp.down_proj,0x7,6.0,2848552,3.1959892721737133
tensor,model.language_model.layers.54.mlp.down_proj,0x8,-0.0,3578634,4.015119216021369
tensor,model.language_model.layers.54.mlp.down_proj,0x9,-0.5,7096146,7.961661394904642
tensor,model.language_model.layers.54.mlp.down_proj,0xa,-1.0,6552933,7.352192822624655
tensor,model.language_model.layers.54.mlp.down_proj,0xb,-1.5,5886023,6.603939953972311
tensor,model.language_model.layers.54.mlp.down_proj,0xc,-2.0,6631077,7.439868029426126
tensor,model.language_model.layers.54.mlp.down_proj,0xd,-3.0,6515339,7.310013490564683
tensor,model.language_model.layers.54.mlp.down_proj,0xe,-4.0,5452045,6.117029751048369
tensor,model.language_model.layers.54.mlp.down_proj,0xf,-6.0,2850462,3.198132234461167
tensor,model.language_model.layers.54.mlp.gate_proj,0x0,0.0,3545715,3.9781850927016316
tensor,model.language_model.layers.54.mlp.gate_proj,0x1,0.5,7047525,7.90711010203642
tensor,model.language_model.layers.54.mlp.gate_proj,0x2,1.0,6523587,7.3192674973431755
tensor,model.language_model.layers.54.mlp.gate_proj,0x3,1.5,5942265,6.667041778564453
tensor,model.language_model.layers.54.mlp.gate_proj,0x4,2.0,6615644,7.422552669749541
tensor,model.language_model.layers.54.mlp.gate_proj,0x5,3.0,6602075,7.407328661750345
tensor,model.language_model.layers.54.mlp.gate_proj,0x6,4.0,5480375,6.148815155029297
tensor,model.language_model.layers.54.mlp.gate_proj,0x7,6.0,2844961,3.1919602786793426
tensor,model.language_model.layers.54.mlp.gate_proj,0x8,-0.0,3548806,3.981653101303998
tensor,model.language_model.layers.54.mlp.gate_proj,0x9,-0.5,7041713,7.900589213651769
tensor,model.language_model.layers.54.mlp.gate_proj,0xa,-1.0,6515500,7.3101941276999085
tensor,model.language_model.layers.54.mlp.gate_proj,0xb,-1.5,5932513,6.656100329230814
tensor,model.language_model.layers.54.mlp.gate_proj,0xc,-2.0,6600771,7.405865613151999
tensor,model.language_model.layers.54.mlp.gate_proj,0xd,-3.0,6589832,7.393592385684743
tensor,model.language_model.layers.54.mlp.gate_proj,0xe,-4.0,5460766,6.126814449534697
tensor,model.language_model.layers.54.mlp.gate_proj,0xf,-6.0,2836912,3.1829295438878678
tensor,model.language_model.layers.54.mlp.up_proj,0x0,0.0,3557763,3.991702584659352
tensor,model.language_model.layers.54.mlp.up_proj,0x1,0.5,7053457,7.9137656267951515
tensor,model.language_model.layers.54.mlp.up_proj,0x2,1.0,6519858,7.315083672018612
tensor,model.language_model.layers.54.mlp.up_proj,0x3,1.5,5933084,6.656740973977482
tensor,model.language_model.layers.54.mlp.up_proj,0x4,2.0,6597154,7.401807448443244
tensor,model.language_model.layers.54.mlp.up_proj,0x5,3.0,6586880,7.390280330882353
tensor,model.language_model.layers.54.mlp.up_proj,0x6,4.0,5470765,6.138033025404987
tensor,model.language_model.layers.54.mlp.up_proj,0x7,6.0,2852840,3.2008002786075367
tensor,model.language_model.layers.54.mlp.up_proj,0x8,-0.0,3557254,3.991131502039292
tensor,model.language_model.layers.54.mlp.up_proj,0x9,-0.5,7052432,7.912615607766544
tensor,model.language_model.layers.54.mlp.up_proj,0xa,-1.0,6516062,7.31082467471852
tensor,model.language_model.layers.54.mlp.up_proj,0xb,-1.5,5933268,6.656947416417739
tensor,model.language_model.layers.54.mlp.up_proj,0xc,-2.0,6599694,7.404657251694623
tensor,model.language_model.layers.54.mlp.up_proj,0xd,-3.0,6585272,7.388476203469669
tensor,model.language_model.layers.54.mlp.up_proj,0xe,-4.0,5466689,6.1334598765653725
tensor,model.language_model.layers.54.mlp.up_proj,0xf,-6.0,2846488,3.193673526539522
tensor,model.language_model.layers.55.mlp.down_proj,0x0,0.0,3529784,3.9603109920726105
tensor,model.language_model.layers.55.mlp.down_proj,0x1,0.5,7010459,7.865523170022404
tensor,model.language_model.layers.55.mlp.down_proj,0x2,1.0,6516512,7.311329561121323
tensor,model.language_model.layers.55.mlp.down_proj,0x3,1.5,5913714,6.6350084192612595
tensor,model.language_model.layers.55.mlp.down_proj,0x4,2.0,6636745,7.44622735416188
tensor,model.language_model.layers.55.mlp.down_proj,0x5,3.0,6606739,7.412561528822955
tensor,model.language_model.layers.55.mlp.down_proj,0x6,4.0,5502041,6.1731237523696
tensor,model.language_model.layers.55.mlp.down_proj,0x7,6.0,2851077,3.1988222458783317
tensor,model.language_model.layers.55.mlp.down_proj,0x8,-0.0,3526213,3.95630443797392
tensor,model.language_model.layers.55.mlp.down_proj,0x9,-0.5,7016047,7.871792737175436
tensor,model.language_model.layers.55.mlp.down_proj,0xa,-1.0,6511097,7.305254094740924
tensor,model.language_model.layers.55.mlp.down_proj,0xb,-1.5,5912063,6.633156047147863
tensor,model.language_model.layers.55.mlp.down_proj,0xc,-2.0,6634503,7.443711897906135
tensor,model.language_model.layers.55.mlp.down_proj,0xd,-3.0,6603669,7.409117081586053
tensor,model.language_model.layers.55.mlp.down_proj,0xe,-4.0,5506538,6.178169250488281
tensor,model.language_model.layers.55.mlp.down_proj,0xf,-6.0,2851759,3.1995874292710247
tensor,model.language_model.layers.55.mlp.gate_proj,0x0,0.0,3520269,3.94963544957778
tensor,model.language_model.layers.55.mlp.gate_proj,0x1,0.5,7002521,7.856616973876953
tensor,model.language_model.layers.55.mlp.gate_proj,0x2,1.0,6505064,7.298485251034007
tensor,model.language_model.layers.55.mlp.gate_proj,0x3,1.5,5935500,6.659451652975643
tensor,model.language_model.layers.55.mlp.gate_proj,0x4,2.0,6631426,7.440259596880744
tensor,model.language_model.layers.55.mlp.gate_proj,0x5,3.0,6638772,7.4485015869140625
tensor,model.language_model.layers.55.mlp.gate_proj,0x6,4.0,5515205,6.187893362606273
tensor,model.language_model.layers.55.mlp.gate_proj,0x7,6.0,2841103,3.1876317192526424
tensor,model.language_model.layers.55.mlp.gate_proj,0x8,-0.0,3522775,3.952447105856503
tensor,model.language_model.layers.55.mlp.gate_proj,0x9,-0.5,6999643,7.85338794483858
tensor,model.language_model.layers.55.mlp.gate_proj,0xa,-1.0,6497058,7.289502760943244
tensor,model.language_model.layers.55.mlp.gate_proj,0xb,-1.5,5930122,6.653417699477252
tensor,model.language_model.layers.55.mlp.gate_proj,0xc,-2.0,6628009,7.436425826128791
tensor,model.language_model.layers.55.mlp.gate_proj,0xd,-3.0,6623579,7.431455499985638
tensor,model.language_model.layers.55.mlp.gate_proj,0xe,-4.0,5495775,6.16609348970301
tensor,model.language_model.layers.55.mlp.gate_proj,0xf,-6.0,2842139,3.188794079948874
tensor,model.language_model.layers.55.mlp.up_proj,0x0,0.0,3526470,3.95659278420841
tensor,model.language_model.layers.55.mlp.up_proj,0x1,0.5,7009973,7.864977892707376
tensor,model.language_model.layers.55.mlp.up_proj,0x2,1.0,6498760,7.291412353515625
tensor,model.language_model.layers.55.mlp.up_proj,0x3,1.5,5930287,6.653602824491613
tensor,model.language_model.layers.55.mlp.up_proj,0x4,2.0,6610960,7.41729736328125
tensor,model.language_model.layers.55.mlp.up_proj,0x5,3.0,6622292,7.430011524873621
tensor,model.language_model.layers.55.mlp.up_proj,0x6,4.0,5506686,6.178335302016315
tensor,model.language_model.layers.55.mlp.up_proj,0x7,6.0,2854894,3.2031048045438877
tensor,model.language_model.layers.55.mlp.up_proj,0x8,-0.0,3525529,3.955537010641659
tensor,model.language_model.layers.55.mlp.up_proj,0x9,-0.5,7010355,7.865406485164867
tensor,model.language_model.layers.55.mlp.up_proj,0xa,-1.0,6500276,7.29311325970818
tensor,model.language_model.layers.55.mlp.up_proj,0xb,-1.5,5929549,6.652774810791016
tensor,model.language_model.layers.55.mlp.up_proj,0xc,-2.0,6616509,7.423523173612707
tensor,model.language_model.layers.55.mlp.up_proj,0xd,-3.0,6621062,7.428631502039292
tensor,model.language_model.layers.55.mlp.up_proj,0xe,-4.0,5510173,6.182247610653148
tensor,model.language_model.layers.55.mlp.up_proj,0xf,-6.0,2855185,3.203431297751034
tensor,model.language_model.layers.56.mlp.down_proj,0x0,0.0,3516616,3.9455368939568016
tensor,model.language_model.layers.56.mlp.down_proj,0x1,0.5,6986609,7.838764190673828
tensor,model.language_model.layers.56.mlp.down_proj,0x2,1.0,6518740,7.3138293098000915
tensor,model.language_model.layers.56.mlp.down_proj,0x3,1.5,5901528,6.621336095473346
tensor,model.language_model.layers.56.mlp.down_proj,0x4,2.0,6647953,7.458802391501034
tensor,model.language_model.layers.56.mlp.down_proj,0x5,3.0,6613170,7.419776916503906
tensor,model.language_model.layers.56.mlp.down_proj,0x6,4.0,5525156,6.19905808392693
tensor,model.language_model.layers.56.mlp.down_proj,0x7,6.0,2851373,3.199154348934398
tensor,model.language_model.layers.56.mlp.down_proj,0x8,-0.0,3517088,3.946066463694853
tensor,model.language_model.layers.56.mlp.down_proj,0x9,-0.5,6992314,7.84516502829159
tensor,model.language_model.layers.56.mlp.down_proj,0xa,-1.0,6520724,7.3160552978515625
tensor,model.language_model.layers.56.mlp.down_proj,0xb,-1.5,5897148,6.616421867819393
tensor,model.language_model.layers.56.mlp.down_proj,0xc,-2.0,6647282,7.458049549775965
tensor,model.language_model.layers.56.mlp.down_proj,0xd,-3.0,6617089,7.424173916087431
tensor,model.language_model.layers.56.mlp.down_proj,0xe,-4.0,5524796,6.1986541748046875
tensor,model.language_model.layers.56.mlp.down_proj,0xf,-6.0,2851374,3.199155470904182
tensor,model.language_model.layers.56.mlp.gate_proj,0x0,0.0,3507873,3.9357275121352253
tensor,model.language_model.layers.56.mlp.gate_proj,0x1,0.5,6979529,7.830820644603056
tensor,model.language_model.layers.56.mlp.gate_proj,0x2,1.0,6496329,7.288684844970703
tensor,model.language_model.layers.56.mlp.gate_proj,0x3,1.5,5929804,6.6530609130859375
tensor,model.language_model.layers.56.mlp.gate_proj,0x4,2.0,6638830,7.448566661161535
tensor,model.language_model.layers.56.mlp.gate_proj,0x5,3.0,6653375,7.464885711669922
tensor,model.language_model.layers.56.mlp.gate_proj,0x6,4.0,5539609,6.215273913215189
tensor,model.language_model.layers.56.mlp.gate_proj,0x7,6.0,2849496,3.197048411649816
tensor,model.language_model.layers.56.mlp.gate_proj,0x8,-0.0,3508870,3.9368461160098804
tensor,model.language_model.layers.56.mlp.gate_proj,0x9,-0.5,6978645,7.829828823313994
tensor,model.language_model.layers.56.mlp.gate_proj,0xa,-1.0,6489647,7.281187842873966
tensor,model.language_model.layers.56.mlp.gate_proj,0xb,-1.5,5923182,6.6456312291762405
tensor,model.language_model.layers.56.mlp.gate_proj,0xc,-2.0,6627669,7.4360443564022285
tensor,model.language_model.layers.56.mlp.gate_proj,0xd,-3.0,6638484,7.448178459616268
tensor,model.language_model.layers.56.mlp.gate_proj,0xe,-4.0,5521821,6.195316314697266
tensor,model.language_model.layers.56.mlp.gate_proj,0xf,-6.0,2845797,3.192898245418773
tensor,model.language_model.layers.56.mlp.up_proj,0x0,0.0,3518923,3.9481252782485066
tensor,model.language_model.layers.56.mlp.up_proj,0x1,0.5,6996286,7.849621492273667
tensor,model.language_model.layers.56.mlp.up_proj,0x2,1.0,6494606,7.286751691032858
tensor,model.language_model.layers.56.mlp.up_proj,0x3,1.5,5922219,6.644550772274242
tensor,model.language_model.layers.56.mlp.up_proj,0x4,2.0,6622455,7.430194405948415
tensor,model.language_model.layers.56.mlp.up_proj,0x5,3.0,6631491,7.440332524916705
tensor,model.language_model.layers.56.mlp.up_proj,0x6,4.0,5525964,6.1999646355124085
tensor,model.language_model.layers.56.mlp.up_proj,0x7,6.0,2853886,3.2019738590016082
tensor,model.language_model.layers.56.mlp.up_proj,0x8,-0.0,3519089,3.9483115252326515
tensor,model.language_model.layers.56.mlp.up_proj,0x9,-0.5,6997446,7.8509229772231155
tensor,model.language_model.layers.56.mlp.up_proj,0xa,-1.0,6494240,7.286341050091912
tensor,model.language_model.layers.56.mlp.up_proj,0xb,-1.5,5920147,6.642226050881779
tensor,model.language_model.layers.56.mlp.up_proj,0xc,-2.0,6623392,7.431245691636029
tensor,model.language_model.layers.56.mlp.up_proj,0xd,-3.0,6632027,7.440933900720933
tensor,model.language_model.layers.56.mlp.up_proj,0xe,-4.0,5523110,6.196762533748851
tensor,model.language_model.layers.56.mlp.up_proj,0xf,-6.0,2853679,3.201741611256319
tensor,model.language_model.layers.57.mlp.down_proj,0x0,0.0,3512390,3.9407954496495865
tensor,model.language_model.layers.57.mlp.down_proj,0x1,0.5,6992177,7.845011318431181
tensor,model.language_model.layers.57.mlp.down_proj,0x2,1.0,6493942,7.286006703096278
tensor,model.language_model.layers.57.mlp.down_proj,0x3,1.5,5921321,6.643543243408203
tensor,model.language_model.layers.57.mlp.down_proj,0x4,2.0,6640422,7.450352837057674
tensor,model.language_model.layers.57.mlp.down_proj,0x5,3.0,6632901,7.441914502312155
tensor,model.language_model.layers.57.mlp.down_proj,0x6,4.0,5525355,6.199281355913947
tensor,model.language_model.layers.57.mlp.down_proj,0x7,6.0,2846482,3.193666794720818
tensor,model.language_model.layers.57.mlp.down_proj,0x8,-0.0,3513397,3.9419252732220817
tensor,model.language_model.layers.57.mlp.down_proj,0x9,-0.5,6993141,7.846092897302964
tensor,model.language_model.layers.57.mlp.down_proj,0xa,-1.0,6492050,7.283883936264935
tensor,model.language_model.layers.57.mlp.down_proj,0xb,-1.5,5921383,6.643612805534811
tensor,model.language_model.layers.57.mlp.down_proj,0xc,-2.0,6635941,7.445325290455537
tensor,model.language_model.layers.57.mlp.down_proj,0xd,-3.0,6641890,7.451999888700597
tensor,model.language_model.layers.57.mlp.down_proj,0xe,-4.0,5520149,6.193440381218405
tensor,model.language_model.layers.57.mlp.down_proj,0xf,-6.0,2846019,3.1931473227108227
tensor,model.language_model.layers.57.mlp.gate_proj,0x0,0.0,3506713,3.9344260271857765
tensor,model.language_model.layers.57.mlp.gate_proj,0x1,0.5,6961622,7.8107295316808365
tensor,model.language_model.layers.57.mlp.gate_proj,0x2,1.0,6492618,7.284521215102252
tensor,model.language_model.layers.57.mlp.gate_proj,0x3,1.5,5906676,6.627111995921416
tensor,model.language_model.layers.57.mlp.gate_proj,0x4,2.0,6674209,7.488260830149931
tensor,model.language_model.layers.57.mlp.gate_proj,0x5,3.0,6666281,7.479365853702321
tensor,model.language_model.layers.57.mlp.gate_proj,0x6,4.0,5545317,6.221678116742303
tensor,model.language_model.layers.57.mlp.gate_proj,0x7,6.0,2813751,3.1569436017204735
tensor,model.language_model.layers.57.mlp.gate_proj,0x8,-0.0,3507134,3.9348983764648438
tensor,model.language_model.layers.57.mlp.gate_proj,0x9,-0.5,6969008,7.8190164005055145
tensor,model.language_model.layers.57.mlp.gate_proj,0xa,-1.0,6489887,7.2814571156221275
tensor,model.language_model.layers.57.mlp.gate_proj,0xb,-1.5,5908470,6.629124809713924
tensor,model.language_model.layers.57.mlp.gate_proj,0xc,-2.0,6676215,7.49051150153665
tensor,model.language_model.layers.57.mlp.gate_proj,0xd,-3.0,6658647,7.470800736371209
tensor,model.language_model.layers.57.mlp.gate_proj,0xe,-4.0,5537260,6.212638406192555
tensor,model.language_model.layers.57.mlp.gate_proj,0xf,-6.0,2815152,3.1585154813878678
tensor,model.language_model.layers.57.mlp.up_proj,0x0,0.0,3522175,3.9517739239860985
tensor,model.language_model.layers.57.mlp.up_proj,0x1,0.5,6994586,7.847714143640855
tensor,model.language_model.layers.57.mlp.up_proj,0x2,1.0,6511664,7.305890251608456
tensor,model.language_model.layers.57.mlp.up_proj,0x3,1.5,5906578,6.627002042882583
tensor,model.language_model.layers.57.mlp.up_proj,0x4,2.0,6667239,7.4804407007554
tensor,model.language_model.layers.57.mlp.up_proj,0x5,3.0,6638248,7.447913674747243
tensor,model.language_model.layers.57.mlp.up_proj,0x6,4.0,5513589,6.186080259435317
tensor,model.language_model.layers.57.mlp.up_proj,0x7,6.0,2803053,3.144940768971163
tensor,model.language_model.layers.57.mlp.up_proj,0x8,-0.0,3521182,3.9506598079905793
tensor,model.language_model.layers.57.mlp.up_proj,0x9,-0.5,6997211,7.850659314323874
tensor,model.language_model.layers.57.mlp.up_proj,0xa,-1.0,6516566,7.31139014748966
tensor,model.language_model.layers.57.mlp.up_proj,0xb,-1.5,5907369,6.627889520981732
tensor,model.language_model.layers.57.mlp.up_proj,0xc,-2.0,6670112,7.483664119944853
tensor,model.language_model.layers.57.mlp.up_proj,0xd,-3.0,6636920,7.446423698874081
tensor,model.language_model.layers.57.mlp.up_proj,0xe,-4.0,5517015,6.189924127915326
tensor,model.language_model.layers.57.mlp.up_proj,0xf,-6.0,2805453,3.14763349645278
tensor,model.language_model.layers.58.mlp.down_proj,0x0,0.0,3517324,3.9463312485638786
tensor,model.language_model.layers.58.mlp.down_proj,0x1,0.5,6992629,7.845518448773553
tensor,model.language_model.layers.58.mlp.down_proj,0x2,1.0,6498571,7.291200301226447
tensor,model.language_model.layers.58.mlp.down_proj,0x3,1.5,5940939,6.665554046630859
tensor,model.language_model.layers.58.mlp.down_proj,0x4,2.0,6612767,7.419324762680951
tensor,model.language_model.layers.58.mlp.down_proj,0x5,3.0,6649723,7.460788278018727
tensor,model.language_model.layers.58.mlp.down_proj,0x6,4.0,5512348,6.184687894933364
tensor,model.language_model.layers.58.mlp.down_proj,0x7,6.0,2849573,3.1971348033231846
tensor,model.language_model.layers.58.mlp.down_proj,0x8,-0.0,3515059,3.943789987003102
tensor,model.language_model.layers.58.mlp.down_proj,0x9,-0.5,6991094,7.843796225155101
tensor,model.language_model.layers.58.mlp.down_proj,0xa,-1.0,6493142,7.285109127269072
tensor,model.language_model.layers.58.mlp.down_proj,0xb,-1.5,5944538,6.669592015883502
tensor,model.language_model.layers.58.mlp.down_proj,0xc,-2.0,6612052,7.418522554285386
tensor,model.language_model.layers.58.mlp.down_proj,0xd,-3.0,6638201,7.447860942167394
tensor,model.language_model.layers.58.mlp.down_proj,0xe,-4.0,5512049,6.184352425967946
tensor,model.language_model.layers.58.mlp.down_proj,0xf,-6.0,2848951,3.1964369381175324
tensor,model.language_model.layers.58.mlp.gate_proj,0x0,0.0,3508867,3.9368427501005283
tensor,model.language_model.layers.58.mlp.gate_proj,0x1,0.5,6975515,7.8263170578900505
tensor,model.language_model.layers.58.mlp.gate_proj,0x2,1.0,6478713,7.26892022525563
tensor,model.language_model.layers.58.mlp.gate_proj,0x3,1.5,5919025,6.6409672007841225
tensor,model.language_model.layers.58.mlp.gate_proj,0x4,2.0,6632691,7.441678888657513
tensor,model.language_model.layers.58.mlp.gate_proj,0x5,3.0,6654743,7.466420566334444
tensor,model.language_model.layers.58.mlp.gate_proj,0x6,4.0,5532498,6.207295586081112
tensor,model.language_model.layers.58.mlp.gate_proj,0x7,6.0,2833533,3.1791384079877067
tensor,model.language_model.layers.58.mlp.gate_proj,0x8,-0.0,3510791,3.9390014199649586
tensor,model.language_model.layers.58.mlp.gate_proj,0x9,-0.5,6976454,7.827370587517233
tensor,model.language_model.layers.58.mlp.gate_proj,0xa,-1.0,6484356,7.2752515007467835
tensor,model.language_model.layers.58.mlp.gate_proj,0xb,-1.5,5928067,6.651112051571117
tensor,model.language_model.layers.58.mlp.gate_proj,0xc,-2.0,6641534,7.4516004674574905
tensor,model.language_model.layers.58.mlp.gate_proj,0xd,-3.0,6663224,7.4759359920726105
tensor,model.language_model.layers.58.mlp.gate_proj,0xe,-4.0,5540450,6.2162174898035385
tensor,model.language_model.layers.58.mlp.gate_proj,0xf,-6.0,2848499,3.195929807775161
tensor,model.language_model.layers.58.mlp.up_proj,0x0,0.0,3532553,3.9634177264045265
tensor,model.language_model.layers.58.mlp.up_proj,0x1,0.5,7002443,7.8565294602338005
tensor,model.language_model.layers.58.mlp.up_proj,0x2,1.0,6496974,7.289408515481388
tensor,model.language_model.layers.58.mlp.up_proj,0x3,1.5,5925442,6.648166880888097
tensor,model.language_model.layers.58.mlp.up_proj,0x4,2.0,6629243,7.437810336842256
tensor,model.language_model.layers.58.mlp.up_proj,0x5,3.0,6645020,7.455511654124541
tensor,model.language_model.layers.58.mlp.up_proj,0x6,4.0,5511049,6.183230456183939
tensor,model.language_model.layers.58.mlp.up_proj,0x7,6.0,2831152,3.1764669979319855
tensor,model.language_model.layers.58.mlp.up_proj,0x8,-0.0,3524293,3.954150255988626
tensor,model.language_model.layers.58.mlp.up_proj,0x9,-0.5,7000082,7.8538804895737595
tensor,model.language_model.layers.58.mlp.up_proj,0xa,-1.0,6492443,7.2843248703900505
tensor,model.language_model.layers.58.mlp.up_proj,0xb,-1.5,5923016,6.645444982192096
tensor,model.language_model.layers.58.mlp.up_proj,0xc,-2.0,6628561,7.437045153449564
tensor,model.language_model.layers.58.mlp.up_proj,0xd,-3.0,6645686,7.45625888600069
tensor,model.language_model.layers.58.mlp.up_proj,0xe,-4.0,5513198,6.18564156924977
tensor,model.language_model.layers.58.mlp.up_proj,0xf,-6.0,2827805,3.172711765064913
tensor,model.language_model.layers.59.mlp.down_proj,0x0,0.0,3521254,3.9507405898150276
tensor,model.language_model.layers.59.mlp.down_proj,0x1,0.5,6997133,7.850571800680721
tensor,model.language_model.layers.59.mlp.down_proj,0x2,1.0,6491519,7.2832881703096275
tensor,model.language_model.layers.59.mlp.down_proj,0x3,1.5,5914975,6.636423223158893
tensor,model.language_model.layers.59.mlp.down_proj,0x4,2.0,6632356,7.441303028779871
tensor,model.language_model.layers.59.mlp.down_proj,0x5,3.0,6631317,7.440137302174287
tensor,model.language_model.layers.59.mlp.down_proj,0x6,4.0,5524176,6.197958553538603
tensor,model.language_model.layers.59.mlp.down_proj,0x7,6.0,2848589,3.1960307850557217
tensor,model.language_model.layers.59.mlp.down_proj,0x8,-0.0,3519437,3.948701970717486
tensor,model.language_model.layers.59.mlp.down_proj,0x9,-0.5,6992298,7.845147076775046
tensor,model.language_model.layers.59.mlp.down_proj,0xa,-1.0,6495250,7.2874742395737595
tensor,model.language_model.layers.59.mlp.down_proj,0xb,-1.5,5919318,6.6412959379308365
tensor,model.language_model.layers.59.mlp.down_proj,0xc,-2.0,6631238,7.440048666561351
tensor,model.language_model.layers.59.mlp.down_proj,0xd,-3.0,6638600,7.448308608111213
tensor,model.language_model.layers.59.mlp.down_proj,0xe,-4.0,5522525,6.196106181425207
tensor,model.language_model.layers.59.mlp.down_proj,0xf,-6.0,2848975,3.1964638653923485
tensor,model.language_model.layers.59.mlp.gate_proj,0x0,0.0,3520060,3.949400957892923
tensor,model.language_model.layers.59.mlp.gate_proj,0x1,0.5,6987812,7.840113920323989
tensor,model.language_model.layers.59.mlp.gate_proj,0x2,1.0,6498240,7.290828929227941
tensor,model.language_model.layers.59.mlp.gate_proj,0x3,1.5,5916721,6.638382182401769
tensor,model.language_model.layers.59.mlp.gate_proj,0x4,2.0,6629705,7.438328686882468
tensor,model.language_model.layers.59.mlp.gate_proj,0x5,3.0,6618535,7.425796284395106
tensor,model.language_model.layers.59.mlp.gate_proj,0x6,4.0,5497463,6.167987374698415
tensor,model.language_model.layers.59.mlp.gate_proj,0x7,6.0,2828068,3.1730068431181064
tensor,model.language_model.layers.59.mlp.gate_proj,0x8,-0.0,3515466,3.944246628705193
tensor,model.language_model.layers.59.mlp.gate_proj,0x9,-0.5,7001064,7.854982263901654
tensor,model.language_model.layers.59.mlp.gate_proj,0xa,-1.0,6517012,7.311890546013327
tensor,model.language_model.layers.59.mlp.gate_proj,0xb,-1.5,5934109,6.657890993006089
tensor,model.language_model.layers.59.mlp.gate_proj,0xc,-2.0,6652471,7.463871450985179
tensor,model.language_model.layers.59.mlp.gate_proj,0xd,-3.0,6640623,7.45057835298426
tensor,model.language_model.layers.59.mlp.gate_proj,0xe,-4.0,5522135,6.195668613209444
tensor,model.language_model.layers.59.mlp.gate_proj,0xf,-6.0,2849476,3.197025972254136
tensor,model.language_model.layers.59.mlp.up_proj,0x0,0.0,3524315,3.954174939323874
tensor,model.language_model.layers.59.mlp.up_proj,0x1,0.5,7002181,7.856235504150391
tensor,model.language_model.layers.59.mlp.up_proj,0x2,1.0,6508826,7.302706101361443
tensor,model.language_model.layers.59.mlp.up_proj,0x3,1.5,5922251,6.64458667530733
tensor,model.language_model.layers.59.mlp.up_proj,0x4,2.0,6625416,7.4335165584788605
tensor,model.language_model.layers.59.mlp.up_proj,0x5,3.0,6623195,7.43102466358858
tensor,model.language_model.layers.59.mlp.up_proj,0x6,4.0,5513447,6.185920939725988
tensor,model.language_model.layers.59.mlp.up_proj,0x7,6.0,2847493,3.1948011061724495
tensor,model.language_model.layers.59.mlp.up_proj,0x8,-0.0,3527224,3.9574387494255516
tensor,model.language_model.layers.59.mlp.up_proj,0x9,-0.5,7000054,7.853849074419807
tensor,model.language_model.layers.59.mlp.up_proj,0xa,-1.0,6504420,7.297762702493107
tensor,model.language_model.layers.59.mlp.up_proj,0xb,-1.5,5918499,6.640377044677734
tensor,model.language_model.layers.59.mlp.up_proj,0xc,-2.0,6630788,7.439543780158548
tensor,model.language_model.layers.59.mlp.up_proj,0xd,-3.0,6617053,7.424133525175207
tensor,model.language_model.layers.59.mlp.up_proj,0xe,-4.0,5511471,6.18370392743279
tensor,model.language_model.layers.59.mlp.up_proj,0xf,-6.0,2852327,3.200224708108341
tensor,model.language_model.layers.6.mlp.down_proj,0x0,0.0,3571367,4.006965861600988
tensor,model.language_model.layers.6.mlp.down_proj,0x1,0.5,7069283,7.931521920596852
tensor,model.language_model.layers.6.mlp.down_proj,0x2,1.0,6541399,7.339252023135915
tensor,model.language_model.layers.6.mlp.down_proj,0x3,1.5,5893750,6.6126094144933365
tensor,model.language_model.layers.6.mlp.down_proj,0x4,2.0,6628410,7.436875736012178
tensor,model.language_model.layers.6.mlp.down_proj,0x5,3.0,6554899,7.354398615220013
tensor,model.language_model.layers.6.mlp.down_proj,0x6,4.0,5470267,6.1374742844525505
tensor,model.language_model.layers.6.mlp.down_proj,0x7,6.0,2835974,3.1818771362304688
tensor,model.language_model.layers.6.mlp.down_proj,0x8,-0.0,3571799,4.007450552547679
tensor,model.language_model.layers.6.mlp.down_proj,0x9,-0.5,7067935,7.93000950532801
tensor,model.language_model.layers.6.mlp.down_proj,0xa,-1.0,6539823,7.337483798756319
tensor,model.language_model.layers.6.mlp.down_proj,0xb,-1.5,5895828,6.614940867704504
tensor,model.language_model.layers.6.mlp.down_proj,0xc,-2.0,6620508,7.428009930778952
tensor,model.language_model.layers.6.mlp.down_proj,0xd,-3.0,6559018,7.35902000876034
tensor,model.language_model.layers.6.mlp.down_proj,0xe,-4.0,5469066,6.136126798741958
tensor,model.language_model.layers.6.mlp.down_proj,0xf,-6.0,2839634,3.1859835456399357
tensor,model.language_model.layers.6.mlp.gate_proj,0x0,0.0,3517033,3.9460047553567326
tensor,model.language_model.layers.6.mlp.gate_proj,0x1,0.5,6987306,7.839546203613281
tensor,model.language_model.layers.6.mlp.gate_proj,0x2,1.0,6481960,7.272563261144302
tensor,model.language_model.layers.6.mlp.gate_proj,0x3,1.5,5916407,6.638029883889591
tensor,model.language_model.layers.6.mlp.gate_proj,0x4,2.0,6634388,7.443582871380975
tensor,model.language_model.layers.6.mlp.gate_proj,0x5,3.0,6654841,7.4665305193732765
tensor,model.language_model.layers.6.mlp.gate_proj,0x6,4.0,5503896,6.175205006318934
tensor,model.language_model.layers.6.mlp.gate_proj,0x7,6.0,2794878,3.1357686659869026
tensor,model.language_model.layers.6.mlp.gate_proj,0x8,-0.0,3520542,3.9499417473288143
tensor,model.language_model.layers.6.mlp.gate_proj,0x9,-0.5,6996603,7.849977156695197
tensor,model.language_model.layers.6.mlp.gate_proj,0xa,-1.0,6497391,7.289876376881319
tensor,model.language_model.layers.6.mlp.gate_proj,0xb,-1.5,5934299,6.6581041672650505
tensor,model.language_model.layers.6.mlp.gate_proj,0xc,-2.0,6659881,7.472185247084674
tensor,model.language_model.layers.6.mlp.gate_proj,0xd,-3.0,6678969,7.493601406321806
tensor,model.language_model.layers.6.mlp.gate_proj,0xe,-4.0,5532693,6.207514370188994
tensor,model.language_model.layers.6.mlp.gate_proj,0xf,-6.0,2817873,3.1615683611701515
tensor,model.language_model.layers.6.mlp.up_proj,0x0,0.0,3530964,3.961634916417739
tensor,model.language_model.layers.6.mlp.up_proj,0x1,0.5,7012871,7.868229361141429
tensor,model.language_model.layers.6.mlp.up_proj,0x2,1.0,6504815,7.29820588055779
tensor,model.language_model.layers.6.mlp.up_proj,0x3,1.5,5934944,6.6588278377757355
tensor,model.language_model.layers.6.mlp.up_proj,0x4,2.0,6639659,7.449496774112477
tensor,model.language_model.layers.6.mlp.up_proj,0x5,3.0,6638830,7.448566661161535
tensor,model.language_model.layers.6.mlp.up_proj,0x6,4.0,5491100,6.160848280962775
tensor,model.language_model.layers.6.mlp.up_proj,0x7,6.0,2802137,3.143913044649012
tensor,model.language_model.layers.6.mlp.up_proj,0x8,-0.0,3533815,3.964833652271944
tensor,model.language_model.layers.6.mlp.up_proj,0x9,-0.5,7016825,7.872665629667394
tensor,model.language_model.layers.6.mlp.up_proj,0xa,-1.0,6506054,7.299596001120174
tensor,model.language_model.layers.6.mlp.up_proj,0xb,-1.5,5933690,6.65742088766659
tensor,model.language_model.layers.6.mlp.up_proj,0xc,-2.0,6638465,7.4481571421903725
tensor,model.language_model.layers.6.mlp.up_proj,0xd,-3.0,6644748,7.455206478343291
tensor,model.language_model.layers.6.mlp.up_proj,0xe,-4.0,5494620,6.164797614602482
tensor,model.language_model.layers.6.mlp.up_proj,0xf,-6.0,2805423,3.14759983735926
tensor,model.language_model.layers.60.mlp.down_proj,0x0,0.0,3532766,3.9636567059685204
tensor,model.language_model.layers.60.mlp.down_proj,0x1,0.5,7027881,7.88507012759938
tensor,model.language_model.layers.60.mlp.down_proj,0x2,1.0,6524652,7.320462395163143
tensor,model.language_model.layers.60.mlp.down_proj,0x3,1.5,5950758,6.676570667940028
tensor,model.language_model.layers.60.mlp.down_proj,0x4,2.0,6627661,7.436035380643957
tensor,model.language_model.layers.60.mlp.down_proj,0x5,3.0,6623094,7.430911344640395
tensor,model.language_model.layers.60.mlp.down_proj,0x6,4.0,5468717,6.135735231287339
tensor,model.language_model.layers.60.mlp.down_proj,0x7,6.0,2807140,3.149526259478401
tensor,model.language_model.layers.60.mlp.down_proj,0x8,-0.0,3530519,3.9611356398638558
tensor,model.language_model.layers.60.mlp.down_proj,0x9,-0.5,7029390,7.886763180003447
tensor,model.language_model.layers.60.mlp.down_proj,0xa,-1.0,6524545,7.320342344396255
tensor,model.language_model.layers.60.mlp.down_proj,0xb,-1.5,5948327,6.673843159395106
tensor,model.language_model.layers.60.mlp.down_proj,0xc,-2.0,6632119,7.441037121941061
tensor,model.language_model.layers.60.mlp.down_proj,0xd,-3.0,6620860,7.428404864142923
tensor,model.language_model.layers.60.mlp.down_proj,0xe,-4.0,5471548,6.138911527745864
tensor,model.language_model.layers.60.mlp.down_proj,0xf,-6.0,2808983,3.1515940497903263
tensor,model.language_model.layers.60.mlp.gate_proj,0x0,0.0,3524420,3.9542927461511947
tensor,model.language_model.layers.60.mlp.gate_proj,0x1,0.5,7003163,7.857337278478286
tensor,model.language_model.layers.60.mlp.gate_proj,0x2,1.0,6502964,7.2961291144875915
tensor,model.language_model.layers.60.mlp.gate_proj,0x3,1.5,5919662,6.641681895536535
tensor,model.language_model.layers.60.mlp.gate_proj,0x4,2.0,6620774,7.428308374741498
tensor,model.language_model.layers.60.mlp.gate_proj,0x5,3.0,6611943,7.418400259578929
tensor,model.language_model.layers.60.mlp.gate_proj,0x6,4.0,5489343,6.158876980052275
tensor,model.language_model.layers.60.mlp.gate_proj,0x7,6.0,2833716,3.1793437284581803
tensor,model.language_model.layers.60.mlp.gate_proj,0x8,-0.0,3523172,3.9528925278607536
tensor,model.language_model.layers.60.mlp.gate_proj,0x9,-0.5,7003355,7.857552696676815
tensor,model.language_model.layers.60.mlp.gate_proj,0xa,-1.0,6513380,7.3078155517578125
tensor,model.language_model.layers.60.mlp.gate_proj,0xb,-1.5,5935993,6.660004784079159
tensor,model.language_model.layers.60.mlp.gate_proj,0xc,-2.0,6634146,7.443311354693244
tensor,model.language_model.layers.60.mlp.gate_proj,0xd,-3.0,6639770,7.449621312758502
tensor,model.language_model.layers.60.mlp.gate_proj,0xe,-4.0,5513369,6.185833426082835
tensor,model.language_model.layers.60.mlp.gate_proj,0xf,-6.0,2859790,3.2085979686063877
tensor,model.language_model.layers.60.mlp.up_proj,0x0,0.0,3519014,3.948227377498851
tensor,model.language_model.layers.60.mlp.up_proj,0x1,0.5,6991595,7.844358332016888
tensor,model.language_model.layers.60.mlp.up_proj,0x2,1.0,6498119,7.290693170884076
tensor,model.language_model.layers.60.mlp.up_proj,0x3,1.5,5920290,6.642386492560892
tensor,model.language_model.layers.60.mlp.up_proj,0x4,2.0,6625773,7.433917101691751
tensor,model.language_model.layers.60.mlp.up_proj,0x5,3.0,6643850,7.454198949477252
tensor,model.language_model.layers.60.mlp.up_proj,0x6,4.0,5516256,6.1890725528492645
tensor,model.language_model.layers.60.mlp.up_proj,0x7,6.0,2843103,3.1898756588206574
tensor,model.language_model.layers.60.mlp.up_proj,0x8,-0.0,3523266,3.95299799302045
tensor,model.language_model.layers.60.mlp.up_proj,0x9,-0.5,6988815,7.8412392560173485
tensor,model.language_model.layers.60.mlp.up_proj,0xa,-1.0,6497141,7.289595884435317
tensor,model.language_model.layers.60.mlp.up_proj,0xb,-1.5,5919977,6.6420353160184975
tensor,model.language_model.layers.60.mlp.up_proj,0xc,-2.0,6627928,7.436334946576287
tensor,model.language_model.layers.60.mlp.up_proj,0xd,-3.0,6643437,7.453735575956457
tensor,model.language_model.layers.60.mlp.up_proj,0xe,-4.0,5524885,6.198754030115464
tensor,model.language_model.layers.60.mlp.up_proj,0xf,-6.0,2845511,3.192577362060547
tensor,model.language_model.layers.61.mlp.down_proj,0x0,0.0,3535836,3.967101153205423
tensor,model.language_model.layers.61.mlp.down_proj,0x1,0.5,7027954,7.885152031393612
tensor,model.language_model.layers.61.mlp.down_proj,0x2,1.0,6525089,7.320952695958755
tensor,model.language_model.layers.61.mlp.down_proj,0x3,1.5,5919775,6.6418086781221275
tensor,model.language_model.layers.61.mlp.down_proj,0x4,2.0,6645966,7.4565730375402115
tensor,model.language_model.layers.61.mlp.down_proj,0x5,3.0,6606981,7.412833045510685
tensor,model.language_model.layers.61.mlp.down_proj,0x6,4.0,5482172,6.1508313347311585
tensor,model.language_model.layers.61.mlp.down_proj,0x7,6.0,2821458,3.165590622845818
tensor,model.language_model.layers.61.mlp.down_proj,0x8,-0.0,3531868,3.9626491771024814
tensor,model.language_model.layers.61.mlp.down_proj,0x9,-0.5,7026348,7.883350147920496
tensor,model.language_model.layers.61.mlp.down_proj,0xa,-1.0,6532114,7.328834533691406
tensor,model.language_model.layers.61.mlp.down_proj,0xb,-1.5,5913355,6.6346056321088005
tensor,model.language_model.layers.61.mlp.down_proj,0xc,-2.0,6648869,7.459830115823185
tensor,model.language_model.layers.61.mlp.down_proj,0xd,-3.0,6607322,7.413215637207031
tensor,model.language_model.layers.61.mlp.down_proj,0xe,-4.0,5482248,6.150916604434743
tensor,model.language_model.layers.61.mlp.down_proj,0xf,-6.0,2821605,3.1657555524040673
tensor,model.language_model.layers.61.mlp.gate_proj,0x0,0.0,3533492,3.9644712560317097
tensor,model.language_model.layers.61.mlp.gate_proj,0x1,0.5,7022466,7.87899466121898
tensor,model.language_model.layers.61.mlp.gate_proj,0x2,1.0,6525064,7.320924646714154
tensor,model.language_model.layers.61.mlp.gate_proj,0x3,1.5,5944024,6.669015323414522
tensor,model.language_model.layers.61.mlp.gate_proj,0x4,2.0,6605593,7.411275751450482
tensor,model.language_model.layers.61.mlp.gate_proj,0x5,3.0,6621045,7.428612428552964
tensor,model.language_model.layers.61.mlp.gate_proj,0x6,4.0,5457533,6.123187121223001
tensor,model.language_model.layers.61.mlp.gate_proj,0x7,6.0,2817656,3.161324893727022
tensor,model.language_model.layers.61.mlp.gate_proj,0x8,-0.0,3535661,3.9669048084932217
tensor,model.language_model.layers.61.mlp.gate_proj,0x9,-0.5,7025203,7.882065492517808
tensor,model.language_model.layers.61.mlp.gate_proj,0xa,-1.0,6534255,7.331236670998966
tensor,model.language_model.layers.61.mlp.gate_proj,0xb,-1.5,5952807,6.678869584027459
tensor,model.language_model.layers.61.mlp.gate_proj,0xc,-2.0,6617890,7.425072613884421
tensor,model.language_model.layers.61.mlp.gate_proj,0xd,-3.0,6626776,7.4350424373851105
tensor,model.language_model.layers.61.mlp.gate_proj,0xe,-4.0,5472505,6.139985252829159
tensor,model.language_model.layers.61.mlp.gate_proj,0xf,-6.0,2836990,3.1830170575310204
tensor,model.language_model.layers.61.mlp.up_proj,0x0,0.0,3525195,3.9551622727338005
tensor,model.language_model.layers.61.mlp.up_proj,0x1,0.5,7000102,7.85390292896944
tensor,model.language_model.layers.61.mlp.up_proj,0x2,1.0,6505987,7.2995208291446465
tensor,model.language_model.layers.61.mlp.up_proj,0x3,1.5,5936693,6.660790162927964
tensor,model.language_model.layers.61.mlp.up_proj,0x4,2.0,6618545,7.425807504092946
tensor,model.language_model.layers.61.mlp.up_proj,0x5,3.0,6657369,7.4693668589872475
tensor,model.language_model.layers.61.mlp.up_proj,0x6,4.0,5500110,6.170957228716682
tensor,model.language_model.layers.61.mlp.up_proj,0x7,6.0,2826190,3.170899783863741
tensor,model.language_model.layers.61.mlp.up_proj,0x8,-0.0,3519508,3.948781630572151
tensor,model.language_model.layers.61.mlp.up_proj,0x9,-0.5,6996531,7.849896374870749
tensor,model.language_model.layers.61.mlp.up_proj,0xa,-1.0,6505784,7.299293069278493
tensor,model.language_model.layers.61.mlp.up_proj,0xb,-1.5,5938130,6.662402433507583
tensor,model.language_model.layers.61.mlp.up_proj,0xc,-2.0,6618076,7.425281300264246
tensor,model.language_model.layers.61.mlp.up_proj,0xd,-3.0,6652678,7.464103698730469
tensor,model.language_model.layers.61.mlp.up_proj,0xe,-4.0,5501604,6.172633451573989
tensor,model.language_model.layers.61.mlp.up_proj,0xf,-6.0,2826458,3.1712004717658546
tensor,model.language_model.layers.62.mlp.down_proj,0x0,0.0,3615374,4.056340385885799
tensor,model.language_model.layers.62.mlp.down_proj,0x1,0.5,7120273,7.988731159883387
tensor,model.language_model.layers.62.mlp.down_proj,0x2,1.0,6643963,7.454325732062845
tensor,model.language_model.layers.62.mlp.down_proj,0x3,1.5,5871817,6.588001251220703
tensor,model.language_model.layers.62.mlp.down_proj,0x4,2.0,6645645,7.456212885239545
tensor,model.language_model.layers.62.mlp.down_proj,0x5,3.0,6446420,7.23268845502068
tensor,model.language_model.layers.62.mlp.down_proj,0x6,4.0,5387276,6.044360890107996
tensor,model.language_model.layers.62.mlp.down_proj,0x7,6.0,2833232,3.1788006950827206
tensor,model.language_model.layers.62.mlp.down_proj,0x8,-0.0,3616268,4.057343426872702
tensor,model.language_model.layers.62.mlp.down_proj,0x9,-0.5,7116683,7.9847032883588005
tensor,model.language_model.layers.62.mlp.down_proj,0xa,-1.0,6650110,7.461222480325138
tensor,model.language_model.layers.62.mlp.down_proj,0xb,-1.5,5873472,6.5898581112132355
tensor,model.language_model.layers.62.mlp.down_proj,0xc,-2.0,6645456,7.456000832950368
tensor,model.language_model.layers.62.mlp.down_proj,0xd,-3.0,6447836,7.234277164234834
tensor,model.language_model.layers.62.mlp.down_proj,0xe,-4.0,5383948,6.04062697466682
tensor,model.language_model.layers.62.mlp.down_proj,0xf,-6.0,2831187,3.1765062668744255
tensor,model.language_model.layers.62.mlp.gate_proj,0x0,0.0,3546699,3.979289110969095
tensor,model.language_model.layers.62.mlp.gate_proj,0x1,0.5,7044641,7.903874341179343
tensor,model.language_model.layers.62.mlp.gate_proj,0x2,1.0,6537735,7.335141125847311
tensor,model.language_model.layers.62.mlp.gate_proj,0x3,1.5,5936470,6.660539963666131
tensor,model.language_model.layers.62.mlp.gate_proj,0x4,2.0,6622096,7.429791618795956
tensor,model.language_model.layers.62.mlp.gate_proj,0x5,3.0,6603869,7.4093414755428535
tensor,model.language_model.layers.62.mlp.gate_proj,0x6,4.0,5473282,6.140857023351333
tensor,model.language_model.layers.62.mlp.gate_proj,0x7,6.0,2843883,3.1907507952521827
tensor,model.language_model.layers.62.mlp.gate_proj,0x8,-0.0,3546641,3.979224036721622
tensor,model.language_model.layers.62.mlp.gate_proj,0x9,-0.5,7045517,7.904857186710133
tensor,model.language_model.layers.62.mlp.gate_proj,0xa,-1.0,6525793,7.321742562686696
tensor,model.language_model.layers.62.mlp.gate_proj,0xb,-1.5,5933315,6.657000148997588
tensor,model.language_model.layers.62.mlp.gate_proj,0xc,-2.0,6600224,7.405251895680147
tensor,model.language_model.layers.62.mlp.gate_proj,0xd,-3.0,6578551,7.380935444551356
tensor,model.language_model.layers.62.mlp.gate_proj,0xe,-4.0,5452299,6.117314731373506
tensor,model.language_model.layers.62.mlp.gate_proj,0xf,-6.0,2837945,3.184088538674747
tensor,model.language_model.layers.62.mlp.up_proj,0x0,0.0,3523007,3.9527074028463924
tensor,model.language_model.layers.62.mlp.up_proj,0x1,0.5,6996673,7.850055694580078
tensor,model.language_model.layers.62.mlp.up_proj,0x2,1.0,6503040,7.296214384191177
tensor,model.language_model.layers.62.mlp.up_proj,0x3,1.5,5922027,6.644335354075713
tensor,model.language_model.layers.62.mlp.up_proj,0x4,2.0,6629026,7.437566869399127
tensor,model.language_model.layers.62.mlp.up_proj,0x5,3.0,6634673,7.443902632769416
tensor,model.language_model.layers.62.mlp.up_proj,0x6,4.0,5509970,6.182019850786994
tensor,model.language_model.layers.62.mlp.up_proj,0x7,6.0,2844886,3.191876130945542
tensor,model.language_model.layers.62.mlp.up_proj,0x8,-0.0,3524232,3.9540818158318016
tensor,model.language_model.layers.62.mlp.up_proj,0x9,-0.5,6998596,7.852213242474725
tensor,model.language_model.layers.62.mlp.up_proj,0xa,-1.0,6500429,7.293284921085133
tensor,model.language_model.layers.62.mlp.up_proj,0xb,-1.5,5921243,6.6434557297650505
tensor,model.language_model.layers.62.mlp.up_proj,0xc,-2.0,6624530,7.43252249325023
tensor,model.language_model.layers.62.mlp.up_proj,0xd,-3.0,6636712,7.446190329159007
tensor,model.language_model.layers.62.mlp.up_proj,0xe,-4.0,5516314,6.189137627096737
tensor,model.language_model.layers.62.mlp.up_proj,0xf,-6.0,2843602,3.190435521742877
tensor,model.language_model.layers.63.mlp.down_proj,0x0,0.0,3806341,4.270599589628332
tensor,model.language_model.layers.63.mlp.down_proj,0x1,0.5,7469486,8.380537594065947
tensor,model.language_model.layers.63.mlp.down_proj,0x2,1.0,6766463,7.591767030603745
tensor,model.language_model.layers.63.mlp.down_proj,0x3,1.5,5942253,6.667028314927045
tensor,model.language_model.layers.63.mlp.down_proj,0x4,2.0,6475043,7.264802596148322
tensor,model.language_model.layers.63.mlp.down_proj,0x5,3.0,6198521,6.954553267535041
tensor,model.language_model.layers.63.mlp.down_proj,0x6,4.0,5087197,5.7076813192928535
tensor,model.language_model.layers.63.mlp.down_proj,0x7,6.0,2815621,3.1590416852165673
tensor,model.language_model.layers.63.mlp.down_proj,0x8,-0.0,3802994,4.2668443567612595
tensor,model.language_model.layers.63.mlp.down_proj,0x9,-0.5,7473700,8.385265574735755
tensor,model.language_model.layers.63.mlp.down_proj,0xa,-1.0,6766070,7.591326096478631
tensor,model.language_model.layers.63.mlp.down_proj,0xb,-1.5,5947002,6.672356549431296
tensor,model.language_model.layers.63.mlp.down_proj,0xc,-2.0,6476636,7.266589894014246
tensor,model.language_model.layers.63.mlp.down_proj,0xd,-3.0,6197672,6.953600715188419
tensor,model.language_model.layers.63.mlp.down_proj,0xe,-4.0,5087609,5.708143570843865
tensor,model.language_model.layers.63.mlp.down_proj,0xf,-6.0,2816352,3.1598618451286766
tensor,model.language_model.layers.63.mlp.gate_proj,0x0,0.0,3562362,3.996862523696002
tensor,model.language_model.layers.63.mlp.gate_proj,0x1,0.5,7063671,7.9252254261690025
tensor,model.language_model.layers.63.mlp.gate_proj,0x2,1.0,6550033,7.348939110251034
tensor,model.language_model.layers.63.mlp.gate_proj,0x3,1.5,5942699,6.667528713450713
tensor,model.language_model.layers.63.mlp.gate_proj,0x4,2.0,6632836,7.441841574276195
tensor,model.language_model.layers.63.mlp.gate_proj,0x5,3.0,6590078,7.393868390251608
tensor,model.language_model.layers.63.mlp.gate_proj,0x6,4.0,5458509,6.124282163732192
tensor,model.language_model.layers.63.mlp.gate_proj,0x7,6.0,2840176,3.1865916532628678
tensor,model.language_model.layers.63.mlp.gate_proj,0x8,-0.0,3559012,3.993103924919577
tensor,model.language_model.layers.63.mlp.gate_proj,0x9,-0.5,7060561,7.92173610014074
tensor,model.language_model.layers.63.mlp.gate_proj,0xa,-1.0,6542370,7.340341455796185
tensor,model.language_model.layers.63.mlp.gate_proj,0xb,-1.5,5928193,6.6512534197639015
tensor,model.language_model.layers.63.mlp.gate_proj,0xc,-2.0,6608847,7.414926641127643
tensor,model.language_model.layers.63.mlp.gate_proj,0xd,-3.0,6553134,7.3524183385512405
tensor,model.language_model.layers.63.mlp.gate_proj,0xe,-4.0,5419369,6.080368266386144
tensor,model.language_model.layers.63.mlp.gate_proj,0xf,-6.0,2817110,3.1607122982249543
tensor,model.language_model.layers.63.mlp.up_proj,0x0,0.0,3538824,3.9704535989200367
tensor,model.language_model.layers.63.mlp.up_proj,0x1,0.5,7021848,7.878301283892463
tensor,model.language_model.layers.63.mlp.up_proj,0x2,1.0,6520454,7.315752366009881
tensor,model.language_model.layers.63.mlp.up_proj,0x3,1.5,5920566,6.642696156221278
tensor,model.language_model.layers.63.mlp.up_proj,0x4,2.0,6621692,7.4293383430032165
tensor,model.language_model.layers.63.mlp.up_proj,0x5,3.0,6602349,7.407636081471162
tensor,model.language_model.layers.63.mlp.up_proj,0x6,4.0,5491171,6.16092794081744
tensor,model.language_model.layers.63.mlp.up_proj,0x7,6.0,2839064,3.1853440228630516
tensor,model.language_model.layers.63.mlp.up_proj,0x8,-0.0,3540271,3.9720770891974952
tensor,model.language_model.layers.63.mlp.up_proj,0x9,-0.5,7025078,7.881925246294807
tensor,model.language_model.layers.63.mlp.up_proj,0xa,-1.0,6521921,7.317398295683019
tensor,model.language_model.layers.63.mlp.up_proj,0xb,-1.5,5924646,6.647273792940028
tensor,model.language_model.layers.63.mlp.up_proj,0xc,-2.0,6623838,7.431746090159697
tensor,model.language_model.layers.63.mlp.up_proj,0xd,-3.0,6604666,7.410235685460708
tensor,model.language_model.layers.63.mlp.up_proj,0xe,-4.0,5491536,6.161337459788603
tensor,model.language_model.layers.63.mlp.up_proj,0xf,-6.0,2841036,3.187556547277114
tensor,model.language_model.layers.7.mlp.down_proj,0x0,0.0,3509179,3.937192804673139
tensor,model.language_model.layers.7.mlp.down_proj,0x1,0.5,6976659,7.827600591322955
tensor,model.language_model.layers.7.mlp.down_proj,0x2,1.0,6490992,7.282696892233456
tensor,model.language_model.layers.7.mlp.down_proj,0x3,1.5,5876198,6.59291660084444
tensor,model.language_model.layers.7.mlp.down_proj,0x4,2.0,6682403,7.497454250560088
tensor,model.language_model.layers.7.mlp.down_proj,0x5,3.0,6624887,7.43292303646312
tensor,model.language_model.layers.7.mlp.down_proj,0x6,4.0,5554405,6.231874578139362
tensor,model.language_model.layers.7.mlp.down_proj,0x7,6.0,2850559,3.198241065530216
tensor,model.language_model.layers.7.mlp.down_proj,0x8,-0.0,3509785,3.937872718362247
tensor,model.language_model.layers.7.mlp.down_proj,0x9,-0.5,6976163,7.827044094310088
tensor,model.language_model.layers.7.mlp.down_proj,0xa,-1.0,6490098,7.281693851246553
tensor,model.language_model.layers.7.mlp.down_proj,0xb,-1.5,5871569,6.587723002714269
tensor,model.language_model.layers.7.mlp.down_proj,0xc,-2.0,6676748,7.491109511431525
tensor,model.language_model.layers.7.mlp.down_proj,0xd,-3.0,6624026,7.43195702047909
tensor,model.language_model.layers.7.mlp.down_proj,0xe,-4.0,5558020,6.235930498908548
tensor,model.language_model.layers.7.mlp.down_proj,0xf,-6.0,2857269,3.205769482780905
tensor,model.language_model.layers.7.mlp.gate_proj,0x0,0.0,3501140,3.9281732895795036
tensor,model.language_model.layers.7.mlp.gate_proj,0x1,0.5,6955093,7.803404190961053
tensor,model.language_model.layers.7.mlp.gate_proj,0x2,1.0,6469044,7.2580718994140625
tensor,model.language_model.layers.7.mlp.gate_proj,0x3,1.5,5923739,6.646256166345933
tensor,model.language_model.layers.7.mlp.gate_proj,0x4,2.0,6659492,7.471748800838695
tensor,model.language_model.layers.7.mlp.gate_proj,0x5,3.0,6680418,7.495227140538833
tensor,model.language_model.layers.7.mlp.gate_proj,0x6,4.0,5535775,6.210972281063304
tensor,model.language_model.layers.7.mlp.gate_proj,0x7,6.0,2802429,3.1442406598259423
tensor,model.language_model.layers.7.mlp.gate_proj,0x8,-0.0,3502556,3.929761998793658
tensor,model.language_model.layers.7.mlp.gate_proj,0x9,-0.5,6956068,7.804498111500459
tensor,model.language_model.layers.7.mlp.gate_proj,0xa,-1.0,6481965,7.272568870993221
tensor,model.language_model.layers.7.mlp.gate_proj,0xb,-1.5,5937347,6.661523931166705
tensor,model.language_model.layers.7.mlp.gate_proj,0xc,-2.0,6665471,7.478457058177275
tensor,model.language_model.layers.7.mlp.gate_proj,0xd,-3.0,6694919,7.5114968243767235
tensor,model.language_model.layers.7.mlp.gate_proj,0xe,-4.0,5552800,6.230073816636029
tensor,model.language_model.layers.7.mlp.gate_proj,0xf,-6.0,2810704,3.153524959788603
tensor,model.language_model.layers.7.mlp.up_proj,0x0,0.0,3518260,3.9473814122817097
tensor,model.language_model.layers.7.mlp.up_proj,0x1,0.5,6985328,7.8373269473805145
tensor,model.language_model.layers.7.mlp.up_proj,0x2,1.0,6493543,7.285559037152459
tensor,model.language_model.layers.7.mlp.up_proj,0x3,1.5,5932106,6.655643687528722
tensor,model.language_model.layers.7.mlp.up_proj,0x4,2.0,6652864,7.464312385110294
tensor,model.language_model.layers.7.mlp.up_proj,0x5,3.0,6664016,7.476824592141544
tensor,model.language_model.layers.7.mlp.up_proj,0x6,4.0,5510811,6.182963427375345
tensor,model.language_model.layers.7.mlp.up_proj,0x7,6.0,2803329,3.1452504326315487
tensor,model.language_model.layers.7.mlp.up_proj,0x8,-0.0,3522533,3.952175589168773
tensor,model.language_model.layers.7.mlp.up_proj,0x9,-0.5,6991365,7.844100278966567
tensor,model.language_model.layers.7.mlp.up_proj,0xa,-1.0,6494757,7.286921108470244
tensor,model.language_model.layers.7.mlp.up_proj,0xb,-1.5,5930060,6.653348137350643
tensor,model.language_model.layers.7.mlp.up_proj,0xc,-2.0,6650699,7.461883320527918
tensor,model.language_model.layers.7.mlp.up_proj,0xd,-3.0,6662342,7.4749464147231155
tensor,model.language_model.layers.7.mlp.up_proj,0xe,-4.0,5515296,6.187995461856618
tensor,model.language_model.layers.7.mlp.up_proj,0xf,-6.0,2801651,3.1433677673339844
tensor,model.language_model.layers.8.mlp.down_proj,0x0,0.0,3499825,3.926697899313534
tensor,model.language_model.layers.8.mlp.down_proj,0x1,0.5,6969455,7.819517920998966
tensor,model.language_model.layers.8.mlp.down_proj,0x2,1.0,6473056,7.2625732421875
tensor,model.language_model.layers.8.mlp.down_proj,0x3,1.5,5947158,6.672531576717601
tensor,model.language_model.layers.8.mlp.down_proj,0x4,2.0,6640103,7.449994928696576
tensor,model.language_model.layers.8.mlp.down_proj,0x5,3.0,6685295,7.500698987175436
tensor,model.language_model.layers.8.mlp.down_proj,0x6,4.0,5525882,6.199872633990119
tensor,model.language_model.layers.8.mlp.down_proj,0x7,6.0,2812832,3.1559125114889706
tensor,model.language_model.layers.8.mlp.down_proj,0x8,-0.0,3502026,3.929167354808134
tensor,model.language_model.layers.8.mlp.down_proj,0x9,-0.5,6976181,7.8270642897661995
tensor,model.language_model.layers.8.mlp.down_proj,0xa,-1.0,6473031,7.2625451929429
tensor,model.language_model.layers.8.mlp.down_proj,0xb,-1.5,5952969,6.679051343132468
tensor,model.language_model.layers.8.mlp.down_proj,0xc,-2.0,6637255,7.4467995587517235
tensor,model.language_model.layers.8.mlp.down_proj,0xd,-3.0,6692497,7.508779413559857
tensor,model.language_model.layers.8.mlp.down_proj,0xe,-4.0,5528580,6.202899708467371
tensor,model.language_model.layers.8.mlp.down_proj,0xf,-6.0,2812815,3.1558934380026424
tensor,model.language_model.layers.8.mlp.gate_proj,0x0,0.0,3491646,3.9175213084501377
tensor,model.language_model.layers.8.mlp.gate_proj,0x1,0.5,6943789,7.790721444522633
tensor,model.language_model.layers.8.mlp.gate_proj,0x2,1.0,6482634,7.273319468778722
tensor,model.language_model.layers.8.mlp.gate_proj,0x3,1.5,5871164,6.587268604951746
tensor,model.language_model.layers.8.mlp.gate_proj,0x4,2.0,6698931,7.515998167150161
tensor,model.language_model.layers.8.mlp.gate_proj,0x5,3.0,6657843,7.469898672664867
tensor,model.language_model.layers.8.mlp.gate_proj,0x6,4.0,5568024,6.247154684627757
tensor,model.language_model.layers.8.mlp.gate_proj,0x7,6.0,2819465,3.1633545370662914
tensor,model.language_model.layers.8.mlp.gate_proj,0x8,-0.0,3494036,3.9202028162339153
tensor,model.language_model.layers.8.mlp.gate_proj,0x9,-0.5,6949189,7.796780081356273
tensor,model.language_model.layers.8.mlp.gate_proj,0xa,-1.0,6488169,7.279529571533203
tensor,model.language_model.layers.8.mlp.gate_proj,0xb,-1.5,5877339,6.594196768367992
tensor,model.language_model.layers.8.mlp.gate_proj,0xc,-2.0,6713397,7.532228582045612
tensor,model.language_model.layers.8.mlp.gate_proj,0xd,-3.0,6665959,7.47900457943187
tensor,model.language_model.layers.8.mlp.gate_proj,0xe,-4.0,5582175,6.263031679041245
tensor,model.language_model.layers.8.mlp.gate_proj,0xf,-6.0,2825200,3.1697890337775734
tensor,model.language_model.layers.8.mlp.up_proj,0x0,0.0,3506351,3.934019874123966
tensor,model.language_model.layers.8.mlp.up_proj,0x1,0.5,6976657,7.827598347383387
tensor,model.language_model.layers.8.mlp.up_proj,0x2,1.0,6495573,7.287836635813994
tensor,model.language_model.layers.8.mlp.up_proj,0x3,1.5,5873315,6.5896819619571465
tensor,model.language_model.layers.8.mlp.up_proj,0x4,2.0,6700264,7.517493752872243
tensor,model.language_model.layers.8.mlp.up_proj,0x5,3.0,6643739,7.454074410831227
tensor,model.language_model.layers.8.mlp.up_proj,0x6,4.0,5551938,6.229106678682215
tensor,model.language_model.layers.8.mlp.up_proj,0x7,6.0,2812663,3.1557228985954735
tensor,model.language_model.layers.8.mlp.up_proj,0x8,-0.0,3512040,3.940402760225184
tensor,model.language_model.layers.8.mlp.up_proj,0x9,-0.5,6970516,7.820708330939798
tensor,model.language_model.layers.8.mlp.up_proj,0xa,-1.0,6503907,7.297187131993911
tensor,model.language_model.layers.8.mlp.up_proj,0xb,-1.5,5873464,6.589849135454963
tensor,model.language_model.layers.8.mlp.up_proj,0xc,-2.0,6701558,7.518945581772748
tensor,model.language_model.layers.8.mlp.up_proj,0xd,-3.0,6642685,7.452891854678883
tensor,model.language_model.layers.8.mlp.up_proj,0xe,-4.0,5550477,6.22746748082778
tensor,model.language_model.layers.8.mlp.up_proj,0xf,-6.0,2813813,3.1570131638470817
tensor,model.language_model.layers.9.mlp.down_proj,0x0,0.0,3503530,3.9308547973632812
tensor,model.language_model.layers.9.mlp.down_proj,0x1,0.5,6962973,7.81224531285903
tensor,model.language_model.layers.9.mlp.down_proj,0x2,1.0,6498239,7.290827807258157
tensor,model.language_model.layers.9.mlp.down_proj,0x3,1.5,5917344,6.639081169577206
tensor,model.language_model.layers.9.mlp.down_proj,0x4,2.0,6671456,7.485172047334559
tensor,model.language_model.layers.9.mlp.down_proj,0x5,3.0,6668206,7.481525645536535
tensor,model.language_model.layers.9.mlp.down_proj,0x6,4.0,5533727,6.208674486945657
tensor,model.language_model.layers.9.mlp.down_proj,0x7,6.0,2811201,3.1540825787712548
tensor,model.language_model.layers.9.mlp.down_proj,0x8,-0.0,3500568,3.9275315228630516
tensor,model.language_model.layers.9.mlp.down_proj,0x9,-0.5,6967686,7.817533156451057
tensor,model.language_model.layers.9.mlp.down_proj,0xa,-1.0,6495148,7.287359798655791
tensor,model.language_model.layers.9.mlp.down_proj,0xb,-1.5,5912994,6.634200601016774
tensor,model.language_model.layers.9.mlp.down_proj,0xc,-2.0,6671899,7.485669079948874
tensor,model.language_model.layers.9.mlp.down_proj,0xd,-3.0,6669492,7.482968498678768
tensor,model.language_model.layers.9.mlp.down_proj,0xe,-4.0,5531819,6.2065337685977715
tensor,model.language_model.layers.9.mlp.down_proj,0xf,-6.0,2812678,3.1557397281422332
tensor,model.language_model.layers.9.mlp.gate_proj,0x0,0.0,3496648,3.9231334013097428
tensor,model.language_model.layers.9.mlp.gate_proj,0x1,0.5,6934453,7.780246734619141
tensor,model.language_model.layers.9.mlp.gate_proj,0x2,1.0,6483081,7.273820989272174
tensor,model.language_model.layers.9.mlp.gate_proj,0x3,1.5,5901947,6.621806200812845
tensor,model.language_model.layers.9.mlp.gate_proj,0x4,2.0,6634604,7.44382521685432
tensor,model.language_model.layers.9.mlp.gate_proj,0x5,3.0,6656885,7.468823825611787
tensor,model.language_model.layers.9.mlp.gate_proj,0x6,4.0,5551325,6.228418911204619
tensor,model.language_model.layers.9.mlp.gate_proj,0x7,6.0,2850591,3.198276968563304
tensor,model.language_model.layers.9.mlp.gate_proj,0x8,-0.0,3496701,3.923192865708295
tensor,model.language_model.layers.9.mlp.gate_proj,0x9,-0.5,6944208,7.791191549862132
tensor,model.language_model.layers.9.mlp.gate_proj,0xa,-1.0,6498109,7.290681951186237
tensor,model.language_model.layers.9.mlp.gate_proj,0xb,-1.5,5913942,6.635264228372013
tensor,model.language_model.layers.9.mlp.gate_proj,0xc,-2.0,6648834,7.459790846880744
tensor,model.language_model.layers.9.mlp.gate_proj,0xd,-3.0,6678450,7.493019104003906
tensor,model.language_model.layers.9.mlp.gate_proj,0xe,-4.0,5574023,6.253885381362018
tensor,model.language_model.layers.9.mlp.gate_proj,0xf,-6.0,2865159,3.2146218243767235
tensor,model.language_model.layers.9.mlp.up_proj,0x0,0.0,3503344,3.930646110983456
tensor,model.language_model.layers.9.mlp.up_proj,0x1,0.5,6952655,7.800668828627643
tensor,model.language_model.layers.9.mlp.up_proj,0x2,1.0,6499556,7.292305441463695
tensor,model.language_model.layers.9.mlp.up_proj,0x3,1.5,5907878,6.628460603601792
tensor,model.language_model.layers.9.mlp.up_proj,0x4,2.0,6638487,7.44818182552562
tensor,model.language_model.layers.9.mlp.up_proj,0x5,3.0,6658601,7.470749125761144
tensor,model.language_model.layers.9.mlp.up_proj,0x6,4.0,5548873,6.225667841294232
tensor,model.language_model.layers.9.mlp.up_proj,0x7,6.0,2857937,3.206518958596622
tensor,model.language_model.layers.9.mlp.up_proj,0x8,-0.0,3506085,3.93372143016142
tensor,model.language_model.layers.9.mlp.up_proj,0x9,-0.5,6950360,7.798093907973346
tensor,model.language_model.layers.9.mlp.up_proj,0xa,-1.0,6492327,7.284194721895106
tensor,model.language_model.layers.9.mlp.up_proj,0xb,-1.5,5910501,6.631403530345244
tensor,model.language_model.layers.9.mlp.up_proj,0xc,-2.0,6639832,7.4496908748851105
tensor,model.language_model.layers.9.mlp.up_proj,0xd,-3.0,6655972,7.467799467198989
tensor,model.language_model.layers.9.mlp.up_proj,0xe,-4.0,5551318,6.228411057416131
tensor,model.language_model.layers.9.mlp.up_proj,0xf,-6.0,2855234,3.20348627427045
